comparison,feature,psi,train_mean,comparison_mean,mean_delta,train_std,comparison_std
train_vs_calibration,supertrend_dir,0.004298820710563741,0.08018018272768146,0.014700448667194511,-0.06547973406048695,0.9967803861923425,0.999891942566287
train_vs_calibration,supertrend_dist,0.00702843017475159,5.9650158683589285e-05,5.802906695075256e-06,-5.384725198851403e-05,0.0011905764118714825,0.0011477387150796562
train_vs_calibration,price_vs_vwap,0.014888814239677165,-5.485979160019916e-05,3.729423498073829e-06,5.8589215098272985e-05,0.002667604704930044,0.00254326551922473
train_vs_calibration,adx,0.0015486694271530175,25.108583089680117,25.37948280755555,0.27089971787543377,10.553882370079142,10.67078676979752
train_vs_calibration,di_spread,0.003096070375067836,0.23917294482987858,-0.1135122945031109,-0.35268523933298945,15.836853888025942,15.337791062448403
train_vs_calibration,ema_alignment,0.0077860643167796135,0.08562638381861831,-0.002507257851675904,-0.08813364167029422,0.996327316896484,0.9999968568240928
train_vs_calibration,volume_ratio,0.0,1.0,1.0,0.0,0.0,0.0
train_vs_calibration,ema20,10.638048014516409,18680.51877558241,24060.684307236614,5380.165531654202,2907.0999748696954,882.0282702559016
train_vs_calibration,ema50,10.63858220803953,18680.078969537608,24060.538475685014,5380.4595061474065,2906.936005440749,881.4727359626513
train_vs_calibration,macd,0.03626147197978608,0.439806044802754,0.14583155159872113,-0.29397449320403285,14.603121634407293,18.26421868588006
train_vs_calibration,returns,0.005836062480786947,1.6573447070867858e-06,5.00332113450455e-07,-1.157012593636331e-06,0.0004419417138788656,0.00041995612746610085
train_vs_calibration,volatility,0.01331578815327612,0.00033147219637056583,0.0003099440913193823,-2.1528105051183506e-05,0.00029176224854909677,0.00028301802480565396
train_vs_calibration,rsi,0.004278621852143019,50.823121049073364,50.16243680051661,-0.6606842485567554,12.384938910366095,12.336584687371543
train_vs_calibration,atr,0.5547015770070749,7.725524204362884,9.839317723805413,2.1137935194425292,3.9469142865962206,4.507292735173218
train_vs_calibration,trend_strength,0.020378010636504327,2.1971456549607984e-05,4.5077128072368055e-06,-1.746374374237118e-05,0.0008078393327254545,0.0007711915500307037
train_vs_calibration,hour,7.911248391495142e-07,11.881959388193112,11.883821588809713,0.0018622006166015836,1.8452848256072418,1.8469306647201085
train_vs_calibration,weekday,0.001698108565732762,2.004490429559921,1.9758115597783057,-0.02867886978161538,1.4201485044242712,1.409674480247924
train_vs_calibration,return_1,0.005836062480786947,1.6573447070867858e-06,5.00332113450455e-07,-1.157012593636331e-06,0.0004419417138788656,0.00041995612746610085
train_vs_calibration,return_3,0.0053312147520643855,4.978079919089263e-06,1.5189315866545383e-06,-3.459148332434725e-06,0.0007743979226044886,0.0007378215284047611
train_vs_calibration,candle_body_pct,0.014498775886652637,0.5195978693835334,0.49010054511934553,-0.02949732426418783,0.27904143508826473,0.27234834749849196
train_vs_calibration,range_break_strength,0.0013324537519914341,-1.6860251428792603,-1.674667757268132,0.011357385611128201,1.2935123006487133,1.2651058543810956
train_vs_calibration,mins_since_open,9.855671049243857e-07,187.02080923874777,187.08689627870152,0.06608703995374299,108.31277523531212,108.31564218713892
train_vs_calibration,mins_to_close,1.051025391696904e-06,187.97919076125223,187.91310372129848,-0.06608703995374299,108.31277523531212,108.31564218713892
train_vs_calibration,session_open,3.3954479895088577e-07,0.0801264559256421,0.07996832937450514,-0.00015812655113696394,0.2714888708334805,0.27124416246539906
train_vs_calibration,session_close,2.0588735240706466e-08,0.1576146430985095,0.15766693058854578,5.228749003627353e-05,0.36437929054686824,0.3644284149011058
train_vs_calibration,time_to_expiry_min,1.051025391696904e-06,187.97919076125223,187.91310372129848,-0.06608703995374299,108.31277523531212,108.31564218713892
train_vs_calibration,moneyness,0.007699631405787664,1.387847287556227e-05,3.917932861242848e-06,-9.960540014319422e-06,0.0009528039181398164,0.0008828542982469718
train_vs_calibration,momentum_velocity,0.004283095902112797,7.363063724156123e-10,-5.6375781090295814e-09,-6.373884481445193e-09,0.0006183604271762887,0.0005883311037149488
train_vs_calibration,range_compression,0.001016204329394532,0.5756998485432746,0.5793283703864613,0.0036285218431867383,0.1985702623581385,0.20089341205415653
train_vs_calibration,wick_ratio,0.014605291594524323,2.099475448923706,2.2972245626801424,0.19774911375643622,2.8487343606400004,2.9372309189392705
train_vs_calibration,body_efficiency,0.014498775886652637,0.5195978693835334,0.49010054511934553,-0.02949732426418783,0.27904143508826473,0.27234834749849196
train_vs_calibration,mom3_strength,0.005368653518307428,0.00044101538459990054,0.0004099641151402171,-3.1051269459683446e-05,0.0006365707771803778,0.0006134430203596755
train_vs_calibration,upper_wick,0.01059884225652541,0.21077877325427707,0.22115476517269458,0.01037599191841751,0.20548842973426606,0.21017233648287736
train_vs_calibration,lower_wick,0.03204553989467917,0.2113477457497427,0.23300491115000596,0.021657165400263273,0.21400052739155703,0.2143982176463772
train_vs_calibration,close_position,0.01623678684188885,0.5015396492933005,0.506740842697797,0.005201193404496429,0.33257732219204383,0.318217915191023
train_vs_holdout,supertrend_dir,0.006525573469955755,0.08018018272768146,-0.0005146408730420554,-0.08069482360072351,0.9967803861923425,0.9999998675723771
train_vs_holdout,supertrend_dist,0.01644537600304124,5.9650158683589285e-05,-7.1342885957757745e-06,-6.678444727936506e-05,0.0011905764118714825,0.0011196670148335597
train_vs_holdout,price_vs_vwap,0.012073496207107234,-5.485979160019916e-05,-4.0033657723523446e-08,5.481975794247563e-05,0.002667604704930044,0.0023236264933003273
train_vs_holdout,adx,0.0006780113736912699,25.108583089680117,25.18363458210427,0.07505149242415143,10.553882370079142,10.480531618440422
train_vs_holdout,di_spread,0.00510084025717929,0.23917294482987858,-0.44320795224885073,-0.6823808970787293,15.836853888025942,15.286010944056683
train_vs_holdout,ema_alignment,0.00669755752788519,0.08562638381861831,0.0038927963473693932,-0.08173358747124893,0.996327316896484,0.9999924230395939
train_vs_holdout,volume_ratio,0.0,1.0,1.0,0.0,0.0,0.0
train_vs_holdout,ema20,10.985967539273926,18680.51877558241,24898.619586078727,6218.100810496315,2907.0999748696954,1008.8888883979361
train_vs_holdout,ema50,10.98609473605406,18680.078969537608,24898.850994323548,6218.77202478594,2906.936005440749,1008.3387414219422
train_vs_holdout,macd,0.053763362136640694,0.439806044802754,-0.23140824482337605,-0.6712142896261301,14.603121634407293,20.08296099363575
train_vs_holdout,returns,0.0070222660235948284,1.6573447070867858e-06,-4.948721105164009e-07,-2.152216817603187e-06,0.0004419417138788656,0.00045729242449373155
train_vs_holdout,volatility,0.024632693411217176,0.00033147219637056583,0.00030967761104301665,-2.179458532754918e-05,0.00029176224854909677,0.00033613876933115866
train_vs_holdout,rsi,0.004838132057046667,50.823121049073364,50.139604116455175,-0.6835169326181898,12.384938910366095,12.61926366455176
train_vs_holdout,atr,0.585691858585551,7.725524204362884,9.761928630968393,2.0364044266055092,3.9469142865962206,4.550642901578442
train_vs_holdout,trend_strength,0.014901182711657147,2.1971456549607984e-05,-1.1041738264542345e-05,-3.301319481415033e-05,0.0008078393327254545,0.0008304325997731984
train_vs_holdout,hour,1.2952433602357581e-06,11.881959388193112,11.880669297053352,-0.0012900911397597525,1.8452848256072418,1.839948860987981
train_vs_holdout,weekday,0.0017031109880743635,2.004490429559921,2.0126812789485493,0.00819084938862824,1.4201485044242712,1.4560813088620148
train_vs_holdout,return_1,0.0070222660235948284,1.6573447070867858e-06,-4.948721105164009e-07,-2.152216817603187e-06,0.0004419417138788656,0.00045729242449373155
train_vs_holdout,return_3,0.006344681216842707,4.978079919089263e-06,-1.4876008515805051e-06,-6.4656807706697685e-06,0.0007743979226044886,0.0007973206738948491
train_vs_holdout,candle_body_pct,0.007728236154745008,0.5195978693835334,0.5004847007230588,-0.019113168660474522,0.27904143508826473,0.27364152477544246
train_vs_holdout,range_break_strength,0.00039684983720338703,-1.6860251428792603,-1.6888450447515835,-0.0028199018723231717,1.2935123006487133,1.2881165031575081
train_vs_holdout,mins_since_open,4.459629490668064e-06,187.02080923874777,187.04047188609283,0.01966264734505785,108.31277523531212,108.24938930209295
train_vs_holdout,mins_to_close,4.5356480307430785e-06,187.97919076125223,187.95952811390717,-0.01966264734505785,108.31277523531212,108.24938930209295
train_vs_holdout,session_open,3.440938892092316e-07,0.0801264559256421,0.07996727411884245,-0.00015918180679964922,0.2714888708334805,0.2712425283557952
train_vs_holdout,session_close,8.332641317059131e-07,0.1576146430985095,0.15728216835354508,-0.00033247474496442275,0.36437929054686824,0.3640665981267056
train_vs_holdout,time_to_expiry_min,4.5356480307430785e-06,187.97919076125223,187.95952811390717,-0.01966264734505785,108.31277523531212,108.24938930209295
train_vs_holdout,moneyness,0.009423186903739552,1.387847287556227e-05,-7.147142674793612e-06,-2.102561555035588e-05,0.0009528039181398164,0.0009697718251641743
train_vs_holdout,momentum_velocity,0.00687523247455055,7.363063724156123e-10,8.252608898197193e-10,8.895451740410702e-11,0.0006183604271762887,0.0006426181177938948
train_vs_holdout,range_compression,0.0022090002926789974,0.5756998485432746,0.5799915176839467,0.0042916691406721386,0.1985702623581385,0.2038150489402958
train_vs_holdout,wick_ratio,0.008254289917904565,2.099475448923706,2.230118619835184,0.13064317091147792,2.8487343606400004,2.9114790000240265
train_vs_holdout,body_efficiency,0.007728236154745008,0.5195978693835334,0.5004847007230588,-0.019113168660474522,0.27904143508826473,0.27364152477544246
train_vs_holdout,mom3_strength,0.007394206991012172,0.00044101538459990054,0.00040438921786080444,-3.662616673909611e-05,0.0006365707771803778,0.0006871621573212227
train_vs_holdout,upper_wick,0.01371427254579913,0.21077877325427707,0.21910841219502178,0.008329638940744705,0.20548842973426606,0.20842512457475543
train_vs_holdout,lower_wick,0.02171072301637549,0.2113477457497427,0.2243378272602872,0.01299008151054451,0.21400052739155703,0.20953308426762518
train_vs_holdout,close_position,0.010877367760888965,0.5015396492933005,0.49670632213767413,-0.004833327155626399,0.33257732219204383,0.32300778040748535
train_vs_walkforward,supertrend_dir,0.0008757627242868221,0.08018018272768146,0.05065137634833806,-0.0295288063793434,0.9967803861923425,0.9987163952163893
train_vs_walkforward,supertrend_dist,0.0032684049682527175,5.9650158683589285e-05,3.098925430702151e-05,-2.8660904376567775e-05,0.0011905764118714825,0.0011494045856368295
train_vs_walkforward,price_vs_vwap,0.0019292767769033441,-5.485979160019916e-05,-2.3758112314910765e-05,3.110167928528839e-05,0.002667604704930044,0.002529481815433138
train_vs_walkforward,adx,0.00015398813621176588,25.108583089680117,25.193416422489587,0.08483333280947036,10.553882370079142,10.606260370485934
train_vs_walkforward,di_spread,0.0006352618601865877,0.23917294482987858,0.06384484732742406,-0.17532809750245454,15.836853888025942,15.619287332464651
train_vs_walkforward,ema_alignment,0.0008988428387764274,0.08562638381861831,0.05572178650673345,-0.029904597311884863,0.996327316896484,0.9984463343157197
train_vs_walkforward,volume_ratio,0.0,1.0,1.0,0.0,0.0,0.0
train_vs_walkforward,ema20,0.9155645554683021,18680.51877558241,21015.678839859636,2335.1600642772246,2907.0999748696954,3338.7750660518595
train_vs_walkforward,ema50,0.9371162470935336,18680.078969537608,21015.41116072913,2335.3321911915227,2906.936005440749,3338.772168941186
train_vs_walkforward,macd,0.005254363112787188,0.439806044802754,0.2676791305021189,-0.1721269143006351,14.603121634407293,16.334232120371748
train_vs_walkforward,returns,0.002161285052768664,1.6573447070867858e-06,1.0075462918708015e-06,-6.497984152159843e-07,0.0004419417138788656,0.00043104346066178225
train_vs_walkforward,volatility,0.007195250392302741,0.00033147219637056583,0.00031635087734643126,-1.5121319024134577e-05,0.00029176224854909677,0.00029232277763270847
train_vs_walkforward,rsi,0.0005614647653291816,50.823121049073364,50.60099580019357,-0.22212524887979157,12.384938910366095,12.448170870945127
train_vs_walkforward,atr,0.04970027465442124,7.725524204362884,8.461501190791104,0.73597698642822,3.9469142865962206,4.307156239226564
train_vs_walkforward,trend_strength,0.00290089856470683,2.1971456549607984e-05,1.2203265330515798e-05,-9.768191219092186e-06,0.0008078393327254545,0.0007884743074356851
train_vs_walkforward,hour,4.5640734294295873e-07,11.881959388193112,11.883002702168325,0.0010433139752130671,1.8452848256072418,1.845023250013421
train_vs_walkforward,weekday,2.3041179629702285e-05,2.004490429559921,2.0012368461521564,-0.0032535834077647152,1.4201485044242712,1.4230902131074732
train_vs_walkforward,return_1,0.002161285052768664,1.6573447070867858e-06,1.0075462918708015e-06,-6.497984152159843e-07,0.0004419417138788656,0.00043104346066178225
train_vs_walkforward,return_3,0.0020514787553254496,4.978079919089263e-06,3.02616994631481e-06,-1.9519099727744533e-06,0.0007743979226044886,0.0007552501346717495
train_vs_walkforward,candle_body_pct,0.0017272755108348838,0.5195978693835334,0.5093736102977561,-0.010224259085777287,0.27904143508826473,0.2770088599580898
train_vs_walkforward,range_break_strength,0.00010300553647421254,-1.6860251428792603,-1.6785006785270304,0.007524464352229865,1.2935123006487133,1.2846528556465469
train_vs_walkforward,mins_since_open,4.939914724755019e-07,187.02080923874777,187.08048067839803,0.05967143965025912,108.31277523531212,108.29616092716834
train_vs_walkforward,mins_to_close,4.956399408984091e-07,187.97919076125223,187.91951932160197,-0.05967143965025912,108.31277523531212,108.29616092716834
train_vs_walkforward,session_open,1.8240270718110953e-07,0.0801264559256421,0.08001054504712318,-0.00011591087851892112,0.2714888708334805,0.27130952384386636
train_vs_walkforward,session_close,7.527141601665904e-09,0.1576146430985095,0.1576462576067137,3.161450820418632e-05,0.36437929054686824,0.36440899422120654
train_vs_walkforward,time_to_expiry_min,4.956399408984091e-07,187.97919076125223,187.91951932160197,-0.05967143965025912,108.31277523531212,108.29616092716834
train_vs_walkforward,moneyness,0.002055563157126874,1.387847287556227e-05,7.853684804477714e-06,-6.024788071084556e-06,0.0009528039181398164,0.0009228206800991279
train_vs_walkforward,momentum_velocity,0.002154477358911112,7.363063724156123e-10,8.64397904308815e-10,1.280915318932027e-10,0.0006183604271762887,0.000603274231799557
train_vs_walkforward,range_compression,0.0002676963919067883,0.5756998485432746,0.5777224064603844,0.002022557917109813,0.1985702623581385,0.20007750180187805
train_vs_walkforward,wick_ratio,0.0017706372422674603,2.099475448923706,2.1696527101759804,0.07017726125227419,2.8487343606400004,2.883524562053335
train_vs_walkforward,body_efficiency,0.0017272755108348838,0.5195978693835334,0.5093736102977561,-0.010224259085777287,0.27904143508826473,0.2770088599580898
train_vs_walkforward,mom3_strength,0.0022143605704170377,0.00044101538459990054,0.0004194060437575701,-2.160934084233045e-05,0.0006365707771803778,0.0006281007037775574
train_vs_walkforward,upper_wick,0.001752594603275898,0.21077877325427707,0.2149729011694003,0.004194127915123219,0.20548842973426606,0.20641765096230522
train_vs_walkforward,lower_wick,0.0036365423175382236,0.2113477457497427,0.2185834283945079,0.007235682644765207,0.21400052739155703,0.21336591785249884
train_vs_walkforward,close_position,0.001721721811003649,0.5015396492933005,0.5018555283583129,0.00031587906501240326,0.33257732219204383,0.327957569005237
train_vs_latest,supertrend_dir,0.006525573469955755,0.08018018272768146,-0.0005146408730420554,-0.08069482360072351,0.9967803861923425,0.9999998675723771
train_vs_latest,supertrend_dist,0.01644537600304124,5.9650158683589285e-05,-7.1342885957757745e-06,-6.678444727936506e-05,0.0011905764118714825,0.0011196670148335597
train_vs_latest,price_vs_vwap,0.012073496207107234,-5.485979160019916e-05,-4.0033657723523446e-08,5.481975794247563e-05,0.002667604704930044,0.0023236264933003273
train_vs_latest,adx,0.0006780113736912699,25.108583089680117,25.18363458210427,0.07505149242415143,10.553882370079142,10.480531618440422
train_vs_latest,di_spread,0.00510084025717929,0.23917294482987858,-0.44320795224885073,-0.6823808970787293,15.836853888025942,15.286010944056683
train_vs_latest,ema_alignment,0.00669755752788519,0.08562638381861831,0.0038927963473693932,-0.08173358747124893,0.996327316896484,0.9999924230395939
train_vs_latest,volume_ratio,0.0,1.0,1.0,0.0,0.0,0.0
train_vs_latest,ema20,10.985967539273926,18680.51877558241,24898.619586078727,6218.100810496315,2907.0999748696954,1008.8888883979361
train_vs_latest,ema50,10.98609473605406,18680.078969537608,24898.850994323548,6218.77202478594,2906.936005440749,1008.3387414219422
train_vs_latest,macd,0.053763362136640694,0.439806044802754,-0.23140824482337605,-0.6712142896261301,14.603121634407293,20.08296099363575
train_vs_latest,returns,0.0070222660235948284,1.6573447070867858e-06,-4.948721105164009e-07,-2.152216817603187e-06,0.0004419417138788656,0.00045729242449373155
train_vs_latest,volatility,0.024632693411217176,0.00033147219637056583,0.00030967761104301665,-2.179458532754918e-05,0.00029176224854909677,0.00033613876933115866
train_vs_latest,rsi,0.004838132057046667,50.823121049073364,50.139604116455175,-0.6835169326181898,12.384938910366095,12.61926366455176
train_vs_latest,atr,0.585691858585551,7.725524204362884,9.761928630968393,2.0364044266055092,3.9469142865962206,4.550642901578442
train_vs_latest,trend_strength,0.014901182711657147,2.1971456549607984e-05,-1.1041738264542345e-05,-3.301319481415033e-05,0.0008078393327254545,0.0008304325997731984
train_vs_latest,hour,1.2952433602357581e-06,11.881959388193112,11.880669297053352,-0.0012900911397597525,1.8452848256072418,1.839948860987981
train_vs_latest,weekday,0.0017031109880743635,2.004490429559921,2.0126812789485493,0.00819084938862824,1.4201485044242712,1.4560813088620148
train_vs_latest,return_1,0.0070222660235948284,1.6573447070867858e-06,-4.948721105164009e-07,-2.152216817603187e-06,0.0004419417138788656,0.00045729242449373155
train_vs_latest,return_3,0.006344681216842707,4.978079919089263e-06,-1.4876008515805051e-06,-6.4656807706697685e-06,0.0007743979226044886,0.0007973206738948491
train_vs_latest,candle_body_pct,0.007728236154745008,0.5195978693835334,0.5004847007230588,-0.019113168660474522,0.27904143508826473,0.27364152477544246
train_vs_latest,range_break_strength,0.00039684983720338703,-1.6860251428792603,-1.6888450447515835,-0.0028199018723231717,1.2935123006487133,1.2881165031575081
train_vs_latest,mins_since_open,4.459629490668064e-06,187.02080923874777,187.04047188609283,0.01966264734505785,108.31277523531212,108.24938930209295
train_vs_latest,mins_to_close,4.5356480307430785e-06,187.97919076125223,187.95952811390717,-0.01966264734505785,108.31277523531212,108.24938930209295
train_vs_latest,session_open,3.440938892092316e-07,0.0801264559256421,0.07996727411884245,-0.00015918180679964922,0.2714888708334805,0.2712425283557952
train_vs_latest,session_close,8.332641317059131e-07,0.1576146430985095,0.15728216835354508,-0.00033247474496442275,0.36437929054686824,0.3640665981267056
train_vs_latest,time_to_expiry_min,4.5356480307430785e-06,187.97919076125223,187.95952811390717,-0.01966264734505785,108.31277523531212,108.24938930209295
train_vs_latest,moneyness,0.009423186903739552,1.387847287556227e-05,-7.147142674793612e-06,-2.102561555035588e-05,0.0009528039181398164,0.0009697718251641743
train_vs_latest,momentum_velocity,0.00687523247455055,7.363063724156123e-10,8.252608898197193e-10,8.895451740410702e-11,0.0006183604271762887,0.0006426181177938948
train_vs_latest,range_compression,0.0022090002926789974,0.5756998485432746,0.5799915176839467,0.0042916691406721386,0.1985702623581385,0.2038150489402958
train_vs_latest,wick_ratio,0.008254289917904565,2.099475448923706,2.230118619835184,0.13064317091147792,2.8487343606400004,2.9114790000240265
train_vs_latest,body_efficiency,0.007728236154745008,0.5195978693835334,0.5004847007230588,-0.019113168660474522,0.27904143508826473,0.27364152477544246
train_vs_latest,mom3_strength,0.007394206991012172,0.00044101538459990054,0.00040438921786080444,-3.662616673909611e-05,0.0006365707771803778,0.0006871621573212227
train_vs_latest,upper_wick,0.01371427254579913,0.21077877325427707,0.21910841219502178,0.008329638940744705,0.20548842973426606,0.20842512457475543
train_vs_latest,lower_wick,0.02171072301637549,0.2113477457497427,0.2243378272602872,0.01299008151054451,0.21400052739155703,0.20953308426762518
train_vs_latest,close_position,0.010877367760888965,0.5015396492933005,0.49670632213767413,-0.004833327155626399,0.33257732219204383,0.32300778040748535
