target,fold,psi_vs_fold_1,prob_mean,prob_std,prob_p05,prob_p50,prob_p95,psi_vs_previous_fold
directional_ce,1,0.0,0.2513553672359784,0.15018946511513662,0.07094594594594594,0.25287356321839083,0.4150641025641026,
directional_ce,2,2.8503788150150364,0.34710902479328704,0.09673732021202724,0.21359223300970873,0.34471544715447155,0.5397923875432526,
directional_ce,3,1.0094914391251746,0.20888524922390023,0.11597528752972218,0.09379042690815007,0.16222570532915362,0.4473684210526316,
directional_ce,4,2.412374010068255,0.29817639919877603,0.12073352427513799,0.12987666750566323,0.26926333615580017,0.5093023255813951,
directional_ce,5,1.6895234090420395,0.33506683668011206,0.12324599483130155,0.14524103831891225,0.32785521115040567,0.5380487804878049,
directional_ce,6,1.8947019777655958,0.3177939744626078,0.12847699512924496,0.13423212192262604,0.3142605633802817,0.48402241405421775,
directional_ce,1_to_2,,0.34710902479328704,0.09673732021202724,0.21359223300970873,0.34471544715447155,0.5397923875432526,2.8503788150150364
directional_ce,2_to_3,,0.20888524922390023,0.11597528752972218,0.09379042690815007,0.16222570532915362,0.4473684210526316,6.0830999959296275
directional_ce,3_to_4,,0.29817639919877603,0.12073352427513799,0.12987666750566323,0.26926333615580017,0.5093023255813951,1.8677224110572201
directional_ce,4_to_5,,0.33506683668011206,0.12324599483130155,0.14524103831891225,0.32785521115040567,0.5380487804878049,1.0815206573182814
directional_ce,5_to_6,,0.3177939744626078,0.12847699512924496,0.13423212192262604,0.3142605633802817,0.48402241405421775,0.9173816784040709
directional_pe,1,0.0,0.2471726232043093,0.07827742442223955,0.09935897435897435,0.2431311560393987,0.3684210526315789,
directional_pe,2,3.0700877114213796,0.3444289606910263,0.10523547515942093,0.2077922077922078,0.33172205438066465,0.5055906660184735,
directional_pe,3,3.572860718748534,0.2527520483153723,0.09837273337214082,0.12302284710017575,0.2294837361981498,0.4650905060953084,
directional_pe,4,2.753068976254171,0.27743612395655576,0.07528059807058471,0.1484213632339923,0.27497425334706493,0.3866513233601841,
directional_pe,5,2.139633209942984,0.33857432963426165,0.0993171757910766,0.17562828755113968,0.3390160740379931,0.4604012671594509,
directional_pe,6,3.5190298545082594,0.3434121671122551,0.09766632977301376,0.1669626998223801,0.33159631752648955,0.4878715408267851,
directional_pe,1_to_2,,0.3444289606910263,0.10523547515942093,0.2077922077922078,0.33172205438066465,0.5055906660184735,3.0700877114213796
directional_pe,2_to_3,,0.2527520483153723,0.09837273337214082,0.12302284710017575,0.2294837361981498,0.4650905060953084,2.4785200875089326
directional_pe,3_to_4,,0.27743612395655576,0.07528059807058471,0.1484213632339923,0.27497425334706493,0.3866513233601841,1.2078313351341958
directional_pe,4_to_5,,0.33857432963426165,0.0993171757910766,0.17562828755113968,0.3390160740379931,0.4604012671594509,2.714595276362472
directional_pe,5_to_6,,0.3434121671122551,0.09766632977301376,0.1669626998223801,0.33159631752648955,0.4878715408267851,0.19878760464311773
quality_profitable_ce,1,0.0,0.27230831318930876,0.1222119705767019,0.16517377284127552,0.23019182652210174,0.44964028776978415,
quality_profitable_ce,2,6.123866166843266,0.3798957072106833,0.0594412914793734,0.3383177570093458,0.3659066232356134,0.5165675446049279,
quality_profitable_ce,3,3.6235693710855443,0.2736206962957954,0.09127513756936116,0.15393322014714206,0.2656505171475231,0.4625684723067559,
quality_profitable_ce,4,3.9822390143751014,0.31965537813728584,0.0778627211207099,0.20651310563939634,0.30434782608695654,0.47140039447731746,
quality_profitable_ce,5,3.151161495662127,0.36862049743734937,0.08826308805207479,0.21956521739130436,0.37355973317161917,0.5230094959824689,
quality_profitable_ce,6,1.9995006756387754,0.349356034656409,0.09789147591913071,0.19130434782608696,0.35156771180787194,0.49908703590992115,
quality_profitable_ce,1_to_2,,0.3798957072106833,0.0594412914793734,0.3383177570093458,0.3659066232356134,0.5165675446049279,6.123866166843266
quality_profitable_ce,2_to_3,,0.2736206962957954,0.09127513756936116,0.15393322014714206,0.2656505171475231,0.4625684723067559,5.3534599030580985
quality_profitable_ce,3_to_4,,0.31965537813728584,0.0778627211207099,0.20651310563939634,0.30434782608695654,0.47140039447731746,1.1117795480168227
quality_profitable_ce,4_to_5,,0.36862049743734937,0.08826308805207479,0.21956521739130436,0.37355973317161917,0.5230094959824689,2.3169055736262023
quality_profitable_ce,5_to_6,,0.349356034656409,0.09789147591913071,0.19130434782608696,0.35156771180787194,0.49908703590992115,1.5157009482092618
quality_profitable_pe,1,0.0,0.28249295596259866,0.03987405525678506,0.21751527494908351,0.30786516853932583,0.3191747572815534,
quality_profitable_pe,2,1.5816701224170002,0.3809574202755765,0.07093953413424883,0.30484330484330485,0.3709738537324744,0.4662737393582188,
quality_profitable_pe,3,0.46033368489821547,0.31567993060006316,0.07911528605273271,0.20402298850574713,0.29650245848408946,0.47496206373292865,
quality_profitable_pe,4,1.2067772280151803,0.30964274171316875,0.046193998065689565,0.24509609669110363,0.3042381432896066,0.382699868938401,
quality_profitable_pe,5,0.5796318528876392,0.3623557712238149,0.0769336558257295,0.24238791656677056,0.3681796233703525,0.46702470461868956,
quality_profitable_pe,6,0.7267358001303645,0.37881770674670867,0.06661016513032864,0.24006488240064883,0.3873193875350443,0.4649122807017544,
quality_profitable_pe,1_to_2,,0.3809574202755765,0.07093953413424883,0.30484330484330485,0.3709738537324744,0.4662737393582188,1.5816701224170002
quality_profitable_pe,2_to_3,,0.31567993060006316,0.07911528605273271,0.20402298850574713,0.29650245848408946,0.47496206373292865,5.52928790093876
quality_profitable_pe,3_to_4,,0.30964274171316875,0.046193998065689565,0.24509609669110363,0.3042381432896066,0.382699868938401,1.959720725972465
quality_profitable_pe,4_to_5,,0.3623557712238149,0.0769336558257295,0.24238791656677056,0.3681796233703525,0.46702470461868956,3.061059164883459
quality_profitable_pe,5_to_6,,0.37881770674670867,0.06661016513032864,0.24006488240064883,0.3873193875350443,0.4649122807017544,0.8799685323368382
target_hit_ce,1,0.0,0.2442594855437522,0.15699831813733703,0.05621301775147929,0.225,0.5135135135135135,
target_hit_ce,2,4.808999442152732,0.35555181041409895,0.11197903553109263,0.21052631578947367,0.3489388264669164,0.5882352941176471,
target_hit_ce,3,2.186517901703675,0.2127634631749696,0.12671099628442514,0.08993399339933994,0.16619452313503305,0.4827586206896552,
target_hit_ce,4,1.2651345548795834,0.3057782242894839,0.1313649742637696,0.13846153846153847,0.29280910501810664,0.5709779179810726,
target_hit_ce,5,2.4007952928723277,0.3517922451121471,0.14600836409787615,0.13416666666666666,0.33469539375928664,0.5956204379562043,
target_hit_ce,6,4.454159004169118,0.33432053241831977,0.14675080583056582,0.13160733549083062,0.33417935702199664,0.5896700143472023,
target_hit_ce,1_to_2,,0.35555181041409895,0.11197903553109263,0.21052631578947367,0.3489388264669164,0.5882352941176471,4.808999442152732
target_hit_ce,2_to_3,,0.2127634631749696,0.12671099628442514,0.08993399339933994,0.16619452313503305,0.4827586206896552,2.656305254472753
target_hit_ce,3_to_4,,0.3057782242894839,0.1313649742637696,0.13846153846153847,0.29280910501810664,0.5709779179810726,1.6954170465996354
target_hit_ce,4_to_5,,0.3517922451121471,0.14600836409787615,0.13416666666666666,0.33469539375928664,0.5956204379562043,2.403962792714812
target_hit_ce,5_to_6,,0.33432053241831977,0.14675080583056582,0.13160733549083062,0.33417935702199664,0.5896700143472023,0.49885008567558187
target_hit_pe,1,0.0,0.25276518866290393,0.08301659177411282,0.11860553239863585,0.23976319684262457,0.40229885057471265,
target_hit_pe,2,1.49337089287048,0.3521828358468355,0.11681130038133046,0.2028985507246377,0.3100890207715134,0.5443037974683544,
target_hit_pe,3,0.4428579349906131,0.2533453235931471,0.10676760272665124,0.13372093023255813,0.2089086859688196,0.4861111111111111,
target_hit_pe,4,0.3315884261116131,0.28352704356524877,0.08130210132351777,0.15223688445445768,0.3016924208977189,0.4037639007698888,
target_hit_pe,5,0.2646507673472947,0.3558158418089433,0.12057973956843582,0.17495395948434622,0.333502538071066,0.5417766051011433,
target_hit_pe,6,0.6079799989709316,0.3610172038656517,0.12087703616712106,0.16059957173447542,0.33968905837489,0.5835526315789473,
target_hit_pe,1_to_2,,0.3521828358468355,0.11681130038133046,0.2028985507246377,0.3100890207715134,0.5443037974683544,1.49337089287048
target_hit_pe,2_to_3,,0.2533453235931471,0.10676760272665124,0.13372093023255813,0.2089086859688196,0.4861111111111111,3.0115499415639198
target_hit_pe,3_to_4,,0.28352704356524877,0.08130210132351777,0.15223688445445768,0.3016924208977189,0.4037639007698888,1.240513388688904
target_hit_pe,4_to_5,,0.3558158418089433,0.12057973956843582,0.17495395948434622,0.333502538071066,0.5417766051011433,1.1099544367112018
target_hit_pe,5_to_6,,0.3610172038656517,0.12087703616712106,0.16059957173447542,0.33968905837489,0.5835526315789473,0.23925310449133277
stop_hit_ce,1,0.0,0.06562106608063173,0.030980646731117067,0.014537902388369679,0.06312709030100334,0.11466666666666667,
stop_hit_ce,2,4.826470267032024,0.12863857503497217,0.10401867062702783,0.0,0.09764453961456103,0.3152289669861555,
stop_hit_ce,3,1.3132976649712391,0.07359479249392589,0.08357964189848305,0.010835913312693499,0.041767554479418885,0.30625,
stop_hit_ce,4,0.9028757483256507,0.09970645737505085,0.06717766174899845,0.01832460732984293,0.07996560619088564,0.23218390804597702,
stop_hit_ce,5,0.6335442499530937,0.1482026290671532,0.1040984770515216,0.02481589831534349,0.12981510015408315,0.35686578743211794,
stop_hit_ce,6,0.9978554117389984,0.14509003722251096,0.10926462942373877,0.022891188460332394,0.11495946941783346,0.38812042310821804,
stop_hit_ce,1_to_2,,0.12863857503497217,0.10401867062702783,0.0,0.09764453961456103,0.3152289669861555,4.826470267032024
stop_hit_ce,2_to_3,,0.07359479249392589,0.08357964189848305,0.010835913312693499,0.041767554479418885,0.30625,1.5235556034698472
stop_hit_ce,3_to_4,,0.09970645737505085,0.06717766174899845,0.01832460732984293,0.07996560619088564,0.23218390804597702,1.5423209358270906
stop_hit_ce,4_to_5,,0.1482026290671532,0.1040984770515216,0.02481589831534349,0.12981510015408315,0.35686578743211794,1.3594571354965077
stop_hit_ce,5_to_6,,0.14509003722251096,0.10926462942373877,0.022891188460332394,0.11495946941783346,0.38812042310821804,0.33008048377622323
stop_hit_pe,1,0.0,0.08328954412134042,0.12373800973100509,0.0034138655462184874,0.023722627737226276,0.2916666666666667,
stop_hit_pe,2,5.898299015729463,0.11393618197200767,0.10582193798230276,0.03632589517384536,0.08665105386416862,0.2915286322763843,
stop_hit_pe,3,3.9161582069341896,0.0581636674820862,0.09651628093011531,0.013750731421884143,0.013750731421884143,0.23055555555555557,
stop_hit_pe,4,3.77313271196818,0.10740411754237017,0.11839463670240437,0.01726214371738258,0.06222611744084137,0.42,
stop_hit_pe,5,4.047790374441582,0.1407987389878492,0.12051925545621088,0.02356202356202356,0.09549071618037135,0.40802213001383125,
stop_hit_pe,6,3.5063117831617436,0.1266880693308205,0.11546552712951513,0.012053379250968575,0.07667731629392971,0.3717217787913341,
stop_hit_pe,1_to_2,,0.11393618197200767,0.10582193798230276,0.03632589517384536,0.08665105386416862,0.2915286322763843,5.898299015729463
stop_hit_pe,2_to_3,,0.0581636674820862,0.09651628093011531,0.013750731421884143,0.013750731421884143,0.23055555555555557,4.1833910239807945
stop_hit_pe,3_to_4,,0.10740411754237017,0.11839463670240437,0.01726214371738258,0.06222611744084137,0.42,1.1916413174963876
stop_hit_pe,4_to_5,,0.1407987389878492,0.12051925545621088,0.02356202356202356,0.09549071618037135,0.40802213001383125,0.6641057368901679
stop_hit_pe,5_to_6,,0.1266880693308205,0.11546552712951513,0.012053379250968575,0.07667731629392971,0.3717217787913341,0.43999164226638837
