fold,target,model,status,train_rows,calibration_rows,test_rows,train_date_min,train_date_max,calibration_date_min,calibration_date_max,test_date_min,test_date_max,auc,average_precision,pr_auc,brier,ece,target_rate,prob_mean,prob_std,prob_p05,prob_p50,prob_p95,threshold,precision,recall,trade_count,selected_positives,expectancy,profit_factor,max_drawdown,net_pnl,train_max_index,inner_train_max_index,inner_cal_min_index,inner_cal_max_index,test_min_index,nominal_train_end_index,required_purge_bars,required_embargo_bars,actual_gap_bars,passed
1,directional_ce,lgbm,ok,39991,9997,75867,2021-01-01T09:29:00,2021-06-10T12:35:00,2021-06-10T12:36:00,2021-07-19T10:27:00,2021-07-19T10:52:00,2022-05-16T11:52:00,0.6418087018372659,0.4371265057166851,0.4371265057166851,0.22021407651560412,0.09194494898707216,0.3332147046805594,0.2513553672359784,0.15018946511513662,0.07094594594594594,0.25287356321839083,0.4150641025641026,0.6285714285714286,0.5588025659301497,0.0310126582278481,1403,784,190.24233784746963,2.0095027373556844,-19666.124999999724,266909.9999999999,49987,39990,39991,49987,50012,50000,12,12,24,True
1,directional_pe,lgbm,ok,39991,9997,75867,2021-01-01T09:29:00,2021-06-10T12:35:00,2021-06-10T12:36:00,2021-07-19T10:27:00,2021-07-19T10:52:00,2022-05-16T11:52:00,0.625148171167154,0.4197353258451031,0.4197353258451031,0.22301575490399206,0.09091903720140071,0.33809166040571,0.2471726232043093,0.07827742442223955,0.09935897435897435,0.2431311560393987,0.3684210526315789,0.3684210526315789,0.46135967460778615,0.09286549707602339,5163,2382,-1.6573213248112524,0.989649039004587,-100790.25000000153,-8556.750000000497,49987,39990,39991,49987,50012,50000,12,12,24,True
1,quality_profitable_ce,lgbm,ok,39991,9997,75867,2021-01-01T09:29:00,2021-06-10T12:35:00,2021-06-10T12:36:00,2021-07-19T10:27:00,2021-07-19T10:52:00,2022-05-16T11:52:00,0.5886692064746812,0.4382678545362036,0.4382678545362036,0.2388707601163459,0.09875793921862523,0.3671424993739043,0.27230831318930876,0.1222119705767019,0.16517377284127552,0.23019182652210174,0.44964028776978415,0.6458333333333334,0.6063745019920319,0.027321031090687155,1255,761,256.82151394422164,2.3908715035884387,-25242.75000000059,322310.99999999814,49987,39990,39991,49987,50012,50000,12,12,24,True
1,quality_profitable_pe,lgbm,ok,39991,9997,75867,2021-01-01T09:29:00,2021-06-10T12:35:00,2021-06-10T12:36:00,2021-07-19T10:27:00,2021-07-19T10:52:00,2022-05-16T11:52:00,0.5597601043915074,0.39633357833152155,0.39633357833152155,0.23447156363729776,0.0787049298111897,0.36119788577378836,0.28249295596259866,0.03987405525678506,0.21751527494908351,0.30786516853932583,0.3191747572815534,0.3191747572815534,0.4111245465538089,0.28537021493997006,19021,7820,-21.012893643867244,0.8631836165901309,-440291.99999999924,-399686.24999999884,49987,39990,39991,49987,50012,50000,12,12,24,True
1,target_hit_ce,lgbm,ok,39991,9997,75867,2021-01-01T09:29:00,2021-06-10T12:35:00,2021-06-10T12:36:00,2021-07-19T10:27:00,2021-07-19T10:52:00,2022-05-16T11:52:00,0.6614955431501709,0.48143696325480256,0.48143696325480256,0.22242647413664843,0.10867058914438184,0.34510393188079136,0.2442594855437522,0.15699831813733703,0.05621301775147929,0.225,0.5135135135135135,0.6,0.6637512147716229,0.052173248796883356,2058,1366,269.96446793002883,2.3686474771894366,-51081.375000000204,555586.8749999993,49987,39990,39991,49987,50012,50000,12,12,24,True
1,target_hit_pe,lgbm,ok,39991,9997,75867,2021-01-01T09:29:00,2021-06-10T12:35:00,2021-06-10T12:36:00,2021-07-19T10:27:00,2021-07-19T10:52:00,2022-05-16T11:52:00,0.63345124522025,0.43833285558176865,0.43833285558176865,0.2258080308538742,0.09672715127924114,0.34940092530349165,0.25276518866290393,0.08301659177411282,0.11860553239863585,0.23976319684262457,0.40229885057471265,0.3229170829170221,0.4929603904636756,0.09906443337860268,5327,2626,4.6321334709966075,1.0256917736815583,-66682.49999999952,24675.37499999893,49987,39990,39991,49987,50012,50000,12,12,24,True
1,stop_hit_ce,lgbm,ok,39991,9997,75867,2021-01-01T09:29:00,2021-06-10T12:35:00,2021-06-10T12:36:00,2021-07-19T10:27:00,2021-07-19T10:52:00,2022-05-16T11:52:00,0.6126699874524388,0.1857785816285043,0.1857785816285043,0.12706165979630524,0.07803493718824671,0.14361975562497528,0.06562106608063173,0.030980646731117067,0.014537902388369679,0.06312709030100334,0.11466666666666667,0.06312709030100334,0.16657506869847613,0.9179515418502202,60045,10002,-50.1606045465904,0.6920879681189354,-3034764.0000000144,-3011893.5000000205,49987,39990,39991,49987,50012,50000,12,12,24,True
1,stop_hit_pe,lgbm,ok,39991,9997,75867,2021-01-01T09:29:00,2021-06-10T12:35:00,2021-06-10T12:36:00,2021-07-19T10:27:00,2021-07-19T10:52:00,2022-05-16T11:52:00,0.7629626740864943,0.2899888857377256,0.2899888857377256,0.09836973299586461,0.04475280323856148,0.12042126352696166,0.08328954412134042,0.12373800973100509,0.0034138655462184874,0.023722627737226276,0.2916666666666667,0.2903225806451613,0.3632295023272467,0.22208844133099825,5586,2029,56.3270005370573,1.23803467565266,-92063.9999999997,314642.6250000021,49987,39990,39991,49987,50012,50000,12,12,24,True
2,directional_ce,lgbm,ok,100684,25171,75867,2021-01-01T09:29:00,2022-02-03T10:39:00,2022-02-03T10:40:00,2022-05-16T11:28:00,2022-05-16T11:53:00,2023-03-06T12:49:00,0.6288860765115923,0.38234414413480794,0.38234414413480794,0.19996553386300908,0.0617062988485005,0.28676499663885485,0.34710902479328704,0.09673732021202724,0.21359223300970873,0.34471544715447155,0.5397923875432526,0.5478761699064075,0.4934344908082871,0.077725684868542,3427,1691,189.85285964400344,1.8073344035736718,-84472.5000000005,650625.7499999998,125854,100683,100684,125854,125879,125867,12,12,24,True
2,directional_pe,lgbm,ok,100684,25171,75867,2021-01-01T09:29:00,2022-02-03T10:39:00,2022-02-03T10:40:00,2022-05-16T11:28:00,2022-05-16T11:53:00,2023-03-06T12:49:00,0.6340877863253488,0.3871378101175603,0.3871378101175603,0.2003560557960016,0.055080229622320426,0.29170785717110204,0.3444289606910263,0.10523547515942093,0.2077922077922078,0.33172205438066465,0.5055906660184735,0.5055906660184735,0.45461384152457374,0.0819212868826533,3988,1813,30.526297642928125,1.2138428704112298,-69848.62500000028,121738.87499999737,125854,100683,100684,125854,125879,125867,12,12,24,True
2,quality_profitable_ce,lgbm,ok,100684,25171,75867,2021-01-01T09:29:00,2022-02-03T10:39:00,2022-02-03T10:40:00,2022-05-16T11:28:00,2022-05-16T11:53:00,2023-03-06T12:49:00,0.5879770386223176,0.40587893782607776,0.40587893782607776,0.2198709073373661,0.04658873580018851,0.3333069714104947,0.3798957072106833,0.0594412914793734,0.3383177570093458,0.3659066232356134,0.5165675446049279,0.5402081362346263,0.5496588324488249,0.057341717087831694,2638,1450,247.30126990143987,1.9807302025408893,-90534.37500000057,652380.7499999984,125854,100683,100684,125854,125879,125867,12,12,24,True
2,quality_profitable_pe,lgbm,ok,100684,25171,75867,2021-01-01T09:29:00,2022-02-03T10:39:00,2022-02-03T10:40:00,2022-05-16T11:28:00,2022-05-16T11:53:00,2023-03-06T12:49:00,0.5835861109451128,0.3931073140487289,0.3931073140487289,0.22046740832545111,0.05008185817889541,0.3326347423781091,0.3809574202755765,0.07093953413424883,0.30484330484330485,0.3709738537324744,0.4662737393582188,0.5218579234972679,0.45969125214408235,0.03185924869234427,1749,804,43.9969982847329,1.3086853771505749,-25951.125000001135,76950.74999999785,125854,100683,100684,125854,125879,125867,12,12,24,True
2,target_hit_ce,lgbm,ok,100684,25171,75867,2021-01-01T09:29:00,2022-02-03T10:39:00,2022-02-03T10:40:00,2022-05-16T11:28:00,2022-05-16T11:53:00,2023-03-06T12:49:00,0.6406568707348381,0.41159667749777296,0.41159667749777296,0.20048210854169377,0.06508627751748841,0.2922878194735524,0.35555181041409895,0.11197903553109263,0.21052631578947367,0.3489388264669164,0.5882352941176471,0.6578947368421053,0.6255186721991701,0.027192784667418264,964,603,321.8880964730295,2.2639413324535047,-41750.25000000005,310300.12500000047,125854,100683,100684,125854,125879,125867,12,12,24,True
2,target_hit_pe,lgbm,ok,100684,25171,75867,2021-01-01T09:29:00,2022-02-03T10:39:00,2022-02-03T10:40:00,2022-05-16T11:28:00,2022-05-16T11:53:00,2023-03-06T12:49:00,0.647016449791778,0.4119326508436999,0.4119326508436999,0.20088653253090968,0.05666672830399773,0.29756020404128275,0.3521828358468355,0.11681130038133046,0.2028985507246377,0.3100890207715134,0.5443037974683544,0.5712143928035983,0.5155367231638418,0.032336655592469545,1416,730,88.93644067796541,1.5331724510208573,-31252.125000000393,125933.99999999901,125854,100683,100684,125854,125879,125867,12,12,24,True
2,stop_hit_ce,lgbm,ok,100684,25171,75867,2021-01-01T09:29:00,2022-02-03T10:39:00,2022-02-03T10:40:00,2022-05-16T11:28:00,2022-05-16T11:53:00,2023-03-06T12:49:00,0.7434077971191011,0.23367546252579988,0.23367546252579988,0.0840169584263792,0.02949117146729923,0.0992921823717822,0.12863857503497217,0.10401867062702783,0.0,0.09764453961456103,0.3152289669861555,0.22345483359746435,0.24782748632121018,0.4088676490110182,12428,3080,0.24301979401368706,1.0012410199785118,-242116.12500000146,3020.2500000021028,125854,100683,100684,125854,125879,125867,12,12,24,True
2,stop_hit_pe,lgbm,ok,100684,25171,75867,2021-01-01T09:29:00,2022-02-03T10:39:00,2022-02-03T10:40:00,2022-05-16T11:28:00,2022-05-16T11:53:00,2023-03-06T12:49:00,0.7864336385767107,0.29374607845048073,0.29374607845048073,0.07088698770704233,0.026033873647751758,0.08823335574096774,0.11393618197200767,0.10582193798230276,0.03632589517384536,0.08665105386416862,0.2915286322763843,0.3425925925925926,0.47609756097560973,0.21870331640274873,3075,1464,-1.5084146341460174,0.9960815508809153,-207299.99999999907,-4638.374999999003,125854,100683,100684,125854,125879,125867,12,12,24,True
3,directional_ce,lgbm,ok,161378,40344,75867,2021-01-01T09:29:00,2022-09-29T09:46:00,2022-09-29T09:47:00,2023-03-06T12:25:00,2023-03-06T12:50:00,2024-01-02T13:59:00,0.6607357679300045,0.3512823933148763,0.3512823933148763,0.15372698298097343,0.018756172755568474,0.20694109428341703,0.20888524922390023,0.11597528752972218,0.09379042690815007,0.16222570532915362,0.4473684210526316,0.5102040816326533,0.5787056367432151,0.08828025477707006,2395,1386,218.1707724425876,2.0955585887621693,-46698.000000000524,522518.9999999973,201721,161377,161378,201721,201746,201734,12,12,24,True
3,directional_pe,lgbm,ok,161378,40344,75867,2021-01-01T09:29:00,2022-09-29T09:46:00,2022-09-29T09:47:00,2023-03-06T12:25:00,2023-03-06T12:50:00,2024-01-02T13:59:00,0.6367264635304273,0.2997906122830673,0.2997906122830673,0.15947879019178282,0.0467995261384047,0.20595252217696758,0.2527520483153723,0.09837273337214082,0.12302284710017575,0.2294837361981498,0.4650905060953084,0.4650905060953084,0.3791050508930286,0.126336,5207,1974,-33.98593239869388,0.7642387917429186,-211013.99999999837,-176964.74999999904,201721,161377,161378,201721,201746,201734,12,12,24,True
3,quality_profitable_ce,lgbm,ok,161378,40344,75867,2021-01-01T09:29:00,2022-09-29T09:46:00,2022-09-29T09:47:00,2023-03-06T12:25:00,2023-03-06T12:50:00,2024-01-02T13:59:00,0.6064788401200442,0.36937855590483126,0.36937855590483126,0.1928800824174868,0.013217343815957626,0.2745067025188817,0.2736206962957954,0.09127513756936116,0.15393322014714206,0.2656505171475231,0.4625684723067559,0.49635593220338725,0.6461377870563675,0.02972246230673197,958,619,304.2279488517744,2.503391912411866,-40623.74999999984,291450.3749999999,201721,161377,161378,201721,201746,201734,12,12,24,True
3,quality_profitable_pe,lgbm,ok,161378,40344,75867,2021-01-01T09:29:00,2022-09-29T09:46:00,2022-09-29T09:47:00,2023-03-06T12:25:00,2023-03-06T12:50:00,2024-01-02T13:59:00,0.5786413562865853,0.3089615484367654,0.3089615484367654,0.1943767110506169,0.053914633385500524,0.26257793243439176,0.31567993060006316,0.07911528605273271,0.20402298850574713,0.29650245848408946,0.47496206373292865,0.47496206373292865,0.34439480961497554,0.08127102053109783,4701,1619,-59.0424377791946,0.6040627438981072,-286838.6249999946,-277558.49999999383,201721,161377,161378,201721,201746,201734,12,12,24,True
3,target_hit_ce,lgbm,ok,161378,40344,75867,2021-01-01T09:29:00,2022-09-29T09:46:00,2022-09-29T09:47:00,2023-03-06T12:25:00,2023-03-06T12:50:00,2024-01-02T13:59:00,0.6704739994273624,0.36657634612598144,0.36657634612598144,0.1532563113432301,0.014559371928671414,0.20858871446083277,0.2127634631749696,0.12671099628442514,0.08993399339933994,0.16619452313503305,0.4827586206896552,0.5977564102564102,0.6042230644288035,0.07052132701421801,1847,1116,261.80420952896503,2.2242068596893723,-51022.49999999936,483552.37499999837,201721,161377,161378,201721,201746,201734,12,12,24,True
3,target_hit_pe,lgbm,ok,161378,40344,75867,2021-01-01T09:29:00,2022-09-29T09:46:00,2022-09-29T09:47:00,2023-03-06T12:25:00,2023-03-06T12:50:00,2024-01-02T13:59:00,0.6420785208058684,0.30956737121084527,0.30956737121084527,0.1598291642164412,0.04541565720328063,0.20792966638986649,0.2533453235931471,0.10676760272665124,0.13372093023255813,0.2089086859688196,0.4861111111111111,0.5013927576601673,0.40053262316910787,0.09534072900158479,3755,1504,-32.969440745671896,0.782333584097552,-172816.12499999758,-123800.24999999796,201721,161377,161378,201721,201746,201734,12,12,24,True
3,stop_hit_ce,lgbm,ok,161378,40344,75867,2021-01-01T09:29:00,2022-09-29T09:46:00,2022-09-29T09:47:00,2023-03-06T12:25:00,2023-03-06T12:50:00,2024-01-02T13:59:00,0.7542512368569398,0.14465335890944278,0.14465335890944278,0.0492443888480339,0.020304165475591187,0.053290627018334716,0.07359479249392589,0.08357964189848305,0.010835913312693499,0.041767554479418885,0.30625,0.3163808397397989,0.21393607831845668,0.1837744249319812,3473,743,3.113806507341777,1.0169027293001909,-116245.87500000166,10814.249999997992,201721,161377,161378,201721,201746,201734,12,12,24,True
3,stop_hit_pe,lgbm,ok,161378,40344,75867,2021-01-01T09:29:00,2022-09-29T09:46:00,2022-09-29T09:47:00,2023-03-06T12:25:00,2023-03-06T12:50:00,2024-01-02T13:59:00,0.8199939988010085,0.28605673812960214,0.28605673812960214,0.040057235917321674,0.008378409945179889,0.04979767224221335,0.0581636674820862,0.09651628093011531,0.013750731421884143,0.013750731421884143,0.23055555555555557,0.47797716150081565,0.4887300714678395,0.23530968766543145,1819,889,-73.4146509070914,0.7985874937714336,-161186.9999999989,-133541.24999999924,201721,161377,161378,201721,201746,201734,12,12,24,True
4,directional_ce,lgbm,ok,222072,55517,75867,2021-01-01T09:29:00,2023-05-29T14:05:00,2023-05-29T14:06:00,2024-01-02T13:35:00,2024-01-02T14:00:00,2024-10-28T12:32:00,0.6455613938614746,0.4352644184160018,0.4352644184160018,0.2105643792330696,0.03461128786759152,0.33111893181488655,0.29817639919877603,0.12073352427513799,0.12987666750566323,0.26926333615580017,0.5093023255813951,0.5093023255813951,0.5058934464875059,0.0854265355678516,4242,2146,125.21251768034028,1.6118558177328028,-72847.12499999956,531151.5000000035,277588,222071,222072,277588,277613,277601,12,12,24,True
4,directional_pe,lgbm,ok,222072,55517,75867,2021-01-01T09:29:00,2023-05-29T14:05:00,2023-05-29T14:06:00,2024-01-02T13:35:00,2024-01-02T14:00:00,2024-10-28T12:32:00,0.6161843447162155,0.40454938323280915,0.40454938323280915,0.21562023734932512,0.05219718940147339,0.3294844925988902,0.27743612395655576,0.07528059807058471,0.1484213632339923,0.27497425334706493,0.3866513233601841,0.4,0.4451114922813036,0.02076249149897988,1166,519,16.829009433961314,1.076216097331478,-47379.00000000069,19622.62499999889,277588,222071,222072,277588,277613,277601,12,12,24,True
4,quality_profitable_ce,lgbm,ok,222072,55517,75867,2021-01-01T09:29:00,2023-05-29T14:05:00,2023-05-29T14:06:00,2024-01-02T13:35:00,2024-01-02T14:00:00,2024-10-28T12:32:00,0.5894848445209354,0.4336443894578296,0.4336443894578296,0.22935450537846683,0.04714330515642191,0.3664439084186801,0.31965537813728584,0.0778627211207099,0.20651310563939634,0.30434782608695654,0.47140039447731746,0.47140039447731746,0.5054015969938939,0.07740728750764361,4258,2152,119.06135509628969,1.5294150127448702,-126797.99999999968,506963.2500000015,277588,222071,222072,277588,277613,277601,12,12,24,True
4,quality_profitable_pe,lgbm,ok,222072,55517,75867,2021-01-01T09:29:00,2023-05-29T14:05:00,2023-05-29T14:06:00,2024-01-02T13:35:00,2024-01-02T14:00:00,2024-10-28T12:32:00,0.5539669464292019,0.38775440094665536,0.38775440094665536,0.2297716454026185,0.04830757991581498,0.35674272081405617,0.30964274171316875,0.046193998065689565,0.24509609669110363,0.3042381432896066,0.382699868938401,0.39080459770114945,0.4053862508858965,0.04226861259929798,2822,1144,-25.80443834160341,0.8920164688689594,-130374.00000000189,-72820.12500000483,277588,222071,222072,277588,277613,277601,12,12,24,True
4,target_hit_ce,lgbm,ok,222072,55517,75867,2021-01-01T09:29:00,2023-05-29T14:05:00,2023-05-29T14:06:00,2024-01-02T13:35:00,2024-01-02T14:00:00,2024-10-28T12:32:00,0.6672162050493661,0.48495088610104486,0.48495088610104486,0.2108526610029962,0.040792175994528904,0.34644838994556265,0.3057782242894839,0.1313649742637696,0.13846153846153847,0.29280910501810664,0.5709779179810726,0.5709779179810726,0.6052725968436155,0.12840511337695937,5576,3375,132.54461083213826,1.590122378119679,-136780.12499999948,739068.7500000029,277588,222071,222072,277588,277613,277601,12,12,24,True
4,target_hit_pe,lgbm,ok,222072,55517,75867,2021-01-01T09:29:00,2023-05-29T14:05:00,2023-05-29T14:06:00,2024-01-02T13:35:00,2024-01-02T14:00:00,2024-10-28T12:32:00,0.63769325920035,0.44054397426066644,0.44054397426066644,0.21888678978458087,0.061778707614731324,0.3452621034178233,0.28352704356524877,0.08130210132351777,0.15223688445445768,0.3016924208977189,0.4037639007698888,0.397037037037037,0.47881455860388333,0.23253416813010613,12721,6091,11.051489662761826,1.049261878625528,-195672.00000000044,140585.9999999932,277588,222071,222072,277588,277613,277601,12,12,24,True
4,stop_hit_ce,lgbm,ok,222072,55517,75867,2021-01-01T09:29:00,2023-05-29T14:05:00,2023-05-29T14:06:00,2024-01-02T13:35:00,2024-01-02T14:00:00,2024-10-28T12:32:00,0.699109427545805,0.24636450615268138,0.24636450615268138,0.11604914984724676,0.041517973069711694,0.14064085834420761,0.09970645737505085,0.06717766174899845,0.01832460732984293,0.07996560619088564,0.23218390804597702,0.2777777777777778,0.3422857142857143,0.05613870665417057,1750,599,299.9747142857167,1.9779748485583206,-60431.24999999956,524955.7500000042,277588,222071,222072,277588,277613,277601,12,12,24,True
4,stop_hit_pe,lgbm,ok,222072,55517,75867,2021-01-01T09:29:00,2023-05-29T14:05:00,2023-05-29T14:06:00,2024-01-02T13:35:00,2024-01-02T14:00:00,2024-10-28T12:32:00,0.7670325462207332,0.3374237663168781,0.3374237663168781,0.10329913889842778,0.027700737005720562,0.13510485454809074,0.10740411754237017,0.11839463670240437,0.01726214371738258,0.06222611744084137,0.42,0.08927727916863486,0.25061025223759154,0.721170731707317,29496,7392,9.180863506915951,1.0486496723037342,-239160.37500000081,270798.7499999929,277588,222071,222072,277588,277613,277601,12,12,24,True
5,directional_ce,lgbm,ok,282765,70691,75867,2021-01-01T09:29:00,2024-01-20T12:21:00,2024-01-20T12:22:00,2024-10-28T12:08:00,2024-10-28T12:33:00,2025-08-21T13:29:00,0.6405964603186671,0.4512851765804761,0.4512851765804761,0.21545125159295972,0.022450098610841105,0.3495722778019429,0.33506683668011206,0.12324599483130155,0.14524103831891225,0.32785521115040567,0.5380487804878049,0.5435576421491919,0.4920353982300885,0.041929037366615136,2260,1112,128.86725663716868,1.5676558104247142,-47269.87500000007,291240.0000000012,353455,282764,282765,353455,353480,353468,12,12,24,True
5,directional_pe,lgbm,ok,282765,70691,75867,2021-01-01T09:29:00,2024-01-20T12:21:00,2024-01-20T12:22:00,2024-10-28T12:08:00,2024-10-28T12:33:00,2025-08-21T13:29:00,0.6062036250522179,0.42431219711905077,0.42431219711905077,0.22107163104676641,0.015424726751473439,0.35140443143922917,0.33857432963426165,0.0993171757910766,0.17562828755113968,0.3390160740379931,0.4604012671594509,0.4604012671594509,0.4522782188470832,0.19658664666166542,11588,5241,20.451868312046823,1.0993155603859155,-167968.49999999875,236996.24999999857,353455,282764,282765,353455,353480,353468,12,12,24,True
5,quality_profitable_ce,lgbm,ok,282765,70691,75867,2021-01-01T09:29:00,2024-01-20T12:21:00,2024-01-20T12:22:00,2024-10-28T12:08:00,2024-10-28T12:33:00,2025-08-21T13:29:00,0.5877801224233413,0.43690550100638004,0.43690550100638004,0.2289397287390339,0.015257485114751203,0.3740361421962118,0.36862049743734937,0.08826308805207479,0.21956521739130436,0.37355973317161917,0.5230094959824689,0.5613747954173487,0.5140388768898488,0.016774148077668534,926,476,182.621355291578,1.870526984323097,-26132.999999999993,169107.37500000122,353455,282764,282765,353455,353480,353468,12,12,24,True
5,quality_profitable_pe,lgbm,ok,282765,70691,75867,2021-01-01T09:29:00,2024-01-20T12:21:00,2024-01-20T12:22:00,2024-10-28T12:08:00,2024-10-28T12:33:00,2025-08-21T13:29:00,0.5673405245047956,0.41859074678571373,0.41859074678571373,0.23145448441782468,0.01757478641285443,0.3730871129740203,0.3623557712238149,0.0769336558257295,0.24238791656677056,0.3681796233703525,0.46702470461868956,0.46702470461868956,0.44408242338851706,0.17816640169581346,11356,5043,31.542664670658212,1.1508576114237823,-160308.00000000012,358198.49999999464,353455,282764,282765,353455,353480,353468,12,12,24,True
5,target_hit_ce,lgbm,ok,282765,70691,75867,2021-01-01T09:29:00,2024-01-20T12:21:00,2024-01-20T12:22:00,2024-10-28T12:08:00,2024-10-28T12:33:00,2025-08-21T13:29:00,0.6643730209010129,0.5036536155453771,0.5036536155453771,0.21543331533262028,0.02339490563634719,0.36712931841248503,0.3517922451121471,0.14600836409787615,0.13416666666666666,0.33469539375928664,0.5956204379562043,0.6679802955665025,0.6312684365781711,0.030732775643557246,1356,856,122.76576327433602,1.5864206256002293,-29492.25000000035,166470.37499999965,353455,282764,282765,353455,353480,353468,12,12,24,True
5,target_hit_pe,lgbm,ok,282765,70691,75867,2021-01-01T09:29:00,2024-01-20T12:21:00,2024-01-20T12:22:00,2024-10-28T12:08:00,2024-10-28T12:33:00,2025-08-21T13:29:00,0.6329151379081388,0.47165738830359444,0.47165738830359444,0.22158197019641684,0.017489286259538467,0.3686714908985461,0.3558158418089433,0.12057973956843582,0.17495395948434622,0.333502538071066,0.5417766051011433,0.5417766051011433,0.5299168975069252,0.13678941723274937,7220,3826,34.568507617728315,1.1475788678699719,-129371.25000000137,249584.62499999843,353455,282764,282765,353455,353480,353468,12,12,24,True
5,stop_hit_ce,lgbm,ok,282765,70691,75867,2021-01-01T09:29:00,2024-01-20T12:21:00,2024-01-20T12:22:00,2024-10-28T12:08:00,2024-10-28T12:33:00,2025-08-21T13:29:00,0.7088909087687141,0.292925852301412,0.292925852301412,0.12302671320652969,0.0103664430786629,0.15755203184520278,0.1482026290671532,0.1040984770515216,0.02481589831534349,0.12981510015408315,0.35686578743211794,0.37552998182919445,0.40549273021001614,0.06299673722078139,1857,753,160.92609046849876,1.5233588760839505,-73365.37499999985,298839.7500000022,353455,282764,282765,353455,353480,353468,12,12,24,True
5,stop_hit_pe,lgbm,ok,282765,70691,75867,2021-01-01T09:29:00,2024-01-20T12:21:00,2024-01-20T12:22:00,2024-10-28T12:08:00,2024-10-28T12:33:00,2025-08-21T13:29:00,0.7289607631546727,0.296678615683596,0.296678615683596,0.11829644036626259,0.02262243591059588,0.15144924670805487,0.1407987389878492,0.12051925545621088,0.02356202356202356,0.09549071618037135,0.40802213001383125,0.4891774891774891,0.40315315315315314,0.031157528285465624,888,358,59.1393581081068,1.2094167399405387,-41814.74999999985,52515.749999998836,353455,282764,282765,353455,353480,353468,12,12,24,True
6,directional_ce,lgbm,ok,343459,85864,75855,2021-01-01T09:29:00,2024-09-18T14:16:00,2024-09-18T14:17:00,2025-08-21T13:05:00,2025-08-21T13:30:00,2026-06-19T14:14:00,0.6266164072272278,0.4533354791711788,0.4533354791711788,0.22074230591945093,0.035669871032086006,0.35346384549469384,0.3177939744626078,0.12847699512924496,0.13423212192262604,0.3142605633802817,0.48402241405421775,0.5074487895716947,0.5387396694214877,0.038900492316873043,1936,1043,193.52498708677635,1.5598908131517344,-70615.87499999985,374664.374999999,429322,343458,343459,429322,429347,429335,12,12,24,True
6,directional_pe,lgbm,ok,343459,85864,75855,2021-01-01T09:29:00,2024-09-18T14:16:00,2024-09-18T14:17:00,2025-08-21T13:05:00,2025-08-21T13:30:00,2026-06-19T14:14:00,0.6169673986826755,0.44975359516069063,0.44975359516069063,0.22372938759405697,0.02427916696310722,0.3661986685122932,0.3434121671122551,0.09766632977301376,0.1669626998223801,0.33159631752648955,0.4878715408267851,0.511825922421949,0.4977849375755135,0.04449564403484772,2483,1236,19.655104712042363,1.1057435270755391,-80108.62500000214,48803.625000001186,429322,343458,343459,429322,429347,429335,12,12,24,True
6,quality_profitable_ce,lgbm,ok,343459,85864,75855,2021-01-01T09:29:00,2024-09-18T14:16:00,2024-09-18T14:17:00,2025-08-21T13:05:00,2025-08-21T13:30:00,2026-06-19T14:14:00,0.5817481525262339,0.440074724663569,0.440074724663569,0.23174915903409107,0.03012950650931558,0.374675367477424,0.349356034656409,0.09789147591913071,0.19130434782608696,0.35156771180787194,0.49908703590992115,0.5169833045480714,0.530625,0.029872277541254707,1600,849,208.11492187499945,1.5407049355720073,-78232.50000000076,332983.8749999991,429322,343458,343459,429322,429347,429335,12,12,24,True
6,quality_profitable_pe,lgbm,ok,343459,85864,75855,2021-01-01T09:29:00,2024-09-18T14:16:00,2024-09-18T14:17:00,2025-08-21T13:05:00,2025-08-21T13:30:00,2026-06-19T14:14:00,0.5682686516384001,0.43166621268315614,0.43166621268315614,0.23351959776218456,0.012716532118719733,0.3845099202425681,0.37881770674670867,0.06661016513032864,0.24006488240064883,0.3873193875350443,0.4649122807017544,0.47571277719112987,0.4721371708511941,0.052867967223231734,3266,1542,22.227304041640778,1.1092032285141777,-56726.9999999993,72594.37499999878,429322,343458,343459,429322,429347,429335,12,12,24,True
6,target_hit_ce,lgbm,ok,343459,85864,75855,2021-01-01T09:29:00,2024-09-18T14:16:00,2024-09-18T14:17:00,2025-08-21T13:05:00,2025-08-21T13:30:00,2026-06-19T14:14:00,0.6457612703955095,0.49992595847235954,0.49992595847235954,0.22056620890673215,0.03944399393718656,0.3677674510579395,0.33432053241831977,0.14675080583056582,0.13160733549083062,0.33417935702199664,0.5896700143472023,0.621772361082421,0.65113427345187,0.07613721905581246,3262,2124,201.1807173513179,1.5711154610066087,-100489.50000000204,656251.499999999,429322,343458,343459,429322,429347,429335,12,12,24,True
6,target_hit_pe,lgbm,ok,343459,85864,75855,2021-01-01T09:29:00,2024-09-18T14:16:00,2024-09-18T14:17:00,2025-08-21T13:05:00,2025-08-21T13:30:00,2026-06-19T14:14:00,0.6374202332379166,0.48755630436659314,0.48755630436659314,0.22402147893423788,0.026981132208880258,0.38076593500758027,0.3610172038656517,0.12087703616712106,0.16059957173447542,0.33968905837489,0.5835526315789473,0.6134397870924813,0.5465544450289321,0.035972717515493545,1901,1039,1.6051420305095114,1.005762572386249,-92765.99999999895,3051.374999998581,429322,343458,343459,429322,429347,429335,12,12,24,True
6,stop_hit_ce,lgbm,ok,343459,85864,75855,2021-01-01T09:29:00,2024-09-18T14:16:00,2024-09-18T14:17:00,2025-08-21T13:05:00,2025-08-21T13:30:00,2026-06-19T14:14:00,0.7061840401383987,0.2928378804035648,0.2928378804035648,0.12472547553018992,0.01982537547572604,0.15915892162678796,0.14509003722251096,0.10926462942373877,0.022891188460332394,0.11495946941783346,0.38812042310821804,0.40700483091787437,0.4055813953488372,0.07222728402219829,2150,872,176.5397093023262,1.5840045143522838,-80602.12500000092,379560.37500000134,429322,343458,343459,429322,429347,429335,12,12,24,True
6,stop_hit_pe,lgbm,ok,343459,85864,75855,2021-01-01T09:29:00,2024-09-18T14:16:00,2024-09-18T14:17:00,2025-08-21T13:05:00,2025-08-21T13:30:00,2026-06-19T14:14:00,0.746941091193378,0.32902054092044714,0.32902054092044714,0.1108885887373908,0.01804859931330318,0.14473666864412366,0.1266880693308205,0.11546552712951513,0.012053379250968575,0.07667731629392971,0.3717217787913341,0.44234728894989706,0.4915195569401177,0.12933782676017852,2889,1420,229.41718587746618,1.552280799115566,-111267.3750000013,662786.2499999998,429322,343458,343459,429322,429347,429335,12,12,24,True
