combination_key,combination_size,actions,categories,overfit_penalty,rank_score,temporal_folds_evaluated,temporal_pass_folds,temporal_stability,trade_count,net_pnl,profit_factor,win_rate,expectancy,max_drawdown,avg_winner,avg_loser,trade_coverage,net_pnl_delta,profit_factor_delta,expectancy_delta,max_drawdown_delta,baseline_trades,baseline_net_pnl,baseline_expectancy,baseline_profit_factor,baseline_win_rate,baseline_max_drawdown,baseline_avg_winner,baseline_avg_loser,expectancy_lift,expectancy_lift_ci_low,expectancy_lift_ci_high,p_value_approx,statistically_acceptable
ce:min_confidence_0.4358+pe:min_directional_confidence_0.4645+avoid:ce:mixed,3,ce require quality confidence >= 0.4358 | pe require directional confidence >= 0.4645 | Reduce or disable ce trades in mixed,avoid_weak_segment|minimum_confidence,0.0,6.176260175479129,4,4,True,15160,599552.625000008,1.2621566669454198,0.5219656992084433,39.548326187335626,-94716.0000000018,364.7862852268425,-315.57903270318707,0.22731362082408685,3367671.750000001,0.5299760029063748,81.05434077679152,2673545.2499999953,66692,-2768119.124999993,-41.5060145894559,0.732180664039045,0.39701913272956274,-2768261.249999997,285.8090159755271,-257.0192035112149,81.05434077679152,73.4692074116021,88.63947414198094,2.1078307602170699e-97,True
ce:min_confidence_0.4358+pe:min_directional_confidence_0.4645+avoid:all:range,3,ce require quality confidence >= 0.4358 | pe require directional confidence >= 0.4645 | Reduce or disable all trades in range,avoid_weak_segment|minimum_confidence,0.0,6.0860306358056695,4,4,True,14669,559068.0000000095,1.2506851245330959,0.5204172063535346,38.11220942122909,-76851.37499999942,365.36917081477674,-317.00927505330435,0.21995141846098482,3327187.125000003,0.5185044604940509,79.618224010685,2691409.8749999977,66692,-2768119.124999993,-41.5060145894559,0.732180664039045,0.39701913272956274,-2768261.249999997,285.8090159755271,-257.0192035112149,79.618224010685,71.93619303058033,87.30025499078967,9.697084496697355e-92,True
all:min_directional_confidence_0.4645+ce:min_confidence_0.4358+avoid:ce:low_volatility,3,all require directional confidence >= 0.4645 | ce require quality confidence >= 0.4358 | Reduce or disable ce trades in Low Volatility,avoid_weak_segment|minimum_confidence,0.0,6.070270360789585,4,4,True,13840,538801.1250000075,1.2474567618951866,0.5156069364161849,38.930717124278,-55186.12500000128,380.62720711883475,-324.7844011038182,0.2075211419660529,3306920.2500000005,0.5152760978561416,80.4367317137339,2713075.124999996,66692,-2768119.124999993,-41.5060145894559,0.732180664039045,0.39701913272956274,-2768261.249999997,285.8090159755271,-257.0192035112149,80.4367317137339,72.40069111172325,88.47277231574456,1.0723319642185475e-85,True
all:min_directional_confidence_0.4645+ce:min_confidence_0.4358,2,all require directional confidence >= 0.4645 | ce require quality confidence >= 0.4358,minimum_confidence,0.0,6.069957193701981,4,4,True,13854,538908.3750000076,1.2473487389179776,0.5157355276454454,38.89911758336997,-55068.37500000128,380.3565430370895,-324.74871441347403,0.2077310621963654,3307027.5000000005,0.5151680748789326,80.40513217282587,2713192.874999996,66692,-2768119.124999993,-41.5060145894559,0.732180664039045,0.39701913272956274,-2768261.249999997,285.8090159755271,-257.0192035112149,80.40513217282587,72.37531991579496,88.43494442985678,9.251561610964431e-86,True
all:min_directional_confidence_0.4645+ce:min_confidence_0.4358+pe:min_directional_confidence_0.4645,3,all require directional confidence >= 0.4645 | ce require quality confidence >= 0.4358 | pe require directional confidence >= 0.4645,minimum_confidence,0.0,6.069957193701981,4,4,True,13854,538908.3750000076,1.2473487389179776,0.5157355276454454,38.89911758336997,-55068.37500000128,380.3565430370895,-324.74871441347403,0.2077310621963654,3307027.5000000005,0.5151680748789326,80.40513217282587,2713192.874999996,66692,-2768119.124999993,-41.5060145894559,0.732180664039045,0.39701913272956274,-2768261.249999997,285.8090159755271,-257.0192035112149,80.40513217282587,72.37531991579496,88.43494442985678,9.251561610964431e-86,True
all:min_directional_confidence_0.4645+ce:min_confidence_0.4358+pe:min_directional_confidence_0.4607,3,all require directional confidence >= 0.4645 | ce require quality confidence >= 0.4358 | pe require directional confidence >= 0.4607,minimum_confidence,0.0,6.069957193701981,4,4,True,13854,538908.3750000076,1.2473487389179776,0.5157355276454454,38.89911758336997,-55068.37500000128,380.3565430370895,-324.74871441347403,0.2077310621963654,3307027.5000000005,0.5151680748789326,80.40513217282587,2713192.874999996,66692,-2768119.124999993,-41.5060145894559,0.732180664039045,0.39701913272956274,-2768261.249999997,285.8090159755271,-257.0192035112149,80.40513217282587,72.37531991579496,88.43494442985678,9.251561610964431e-86,True
all:min_directional_confidence_0.4645+ce:min_confidence_0.4358+pe:min_directional_confidence_0.4468,3,all require directional confidence >= 0.4645 | ce require quality confidence >= 0.4358 | pe require directional confidence >= 0.4468,minimum_confidence,0.0,6.069957193701981,4,4,True,13854,538908.3750000076,1.2473487389179776,0.5157355276454454,38.89911758336997,-55068.37500000128,380.3565430370895,-324.74871441347403,0.2077310621963654,3307027.5000000005,0.5151680748789326,80.40513217282587,2713192.874999996,66692,-2768119.124999993,-41.5060145894559,0.732180664039045,0.39701913272956274,-2768261.249999997,285.8090159755271,-257.0192035112149,80.40513217282587,72.37531991579496,88.43494442985678,9.251561610964431e-86,True
all:min_confidence_0.4358+pe:min_directional_confidence_0.4607+avoid:ce:mixed,3,all require quality confidence >= 0.4358 | pe require directional confidence >= 0.4607 | Reduce or disable ce trades in mixed,avoid_weak_segment|minimum_confidence,0.0,6.007142168738392,4,4,True,14776,541651.5000000064,1.24402710511231,0.5207769355711965,36.65751894964851,-98748.74999999849,358.84186159844097,-313.4637233441599,0.2215558087926588,3309770.6249999995,0.5118464410732649,78.1635335391044,2669512.4999999986,66692,-2768119.124999993,-41.5060145894559,0.732180664039045,0.39701913272956274,-2768261.249999997,285.8090159755271,-257.0192035112149,78.1635335391044,70.61626882004549,85.71079825816332,1.3172474352416584e-91,True
all:min_confidence_0.4358+pe:min_directional_confidence_0.4468+avoid:ce:mixed,3,all require quality confidence >= 0.4358 | pe require directional confidence >= 0.4468 | Reduce or disable ce trades in mixed,avoid_weak_segment|minimum_confidence,0.0,5.98827202812603,4,4,True,14972,540092.2500000065,1.2403213348370907,0.5201041944963932,36.073487176062415,-98335.1249999986,357.9642513162967,-312.78710855949845,0.22449469201703354,3308211.3749999995,0.5081406707980457,77.57950176551832,2669926.1249999986,66692,-2768119.124999993,-41.5060145894559,0.732180664039045,0.39701913272956274,-2768261.249999997,285.8090159755271,-257.0192035112149,77.57950176551832,70.0912516091636,85.06775192187303,1.1398481543569278e-91,True
all:min_directional_confidence_0.4645+ce:min_confidence_0.4358+avoid:all:low_volatility,3,all require directional confidence >= 0.4645 | ce require quality confidence >= 0.4358 | Reduce or disable all trades in Low Volatility,avoid_weak_segment|minimum_confidence,0.0,5.969212926660008,4,4,True,13565,507141.7500000078,1.234856714060776,0.5136011795060819,37.38604865462645,-54613.874999997264,382.73408568968057,-327.2759358896631,0.20339770887062916,3275260.875000001,0.502676050021731,78.89206324408235,2713647.375,66692,-2768119.124999993,-41.5060145894559,0.732180664039045,0.39701913272956274,-2768261.249999997,285.8090159755271,-257.0192035112149,78.89206324408235,70.74135932852683,87.04276715963788,2.9522385365078234e-80,True
all:min_directional_confidence_0.4645+ce:min_confidence_0.4358+avoid:pe:low_volatility,3,all require directional confidence >= 0.4645 | ce require quality confidence >= 0.4358 | Reduce or disable pe trades in Low Volatility,avoid_weak_segment|minimum_confidence,0.0,5.968820232445859,4,4,True,13579,507249.0000000079,1.2347558652781023,0.5137344428897562,37.35540172324972,-54613.874999997264,382.45414635894565,-327.2377896410718,0.20360762910094163,3275368.125000001,0.5025752012390573,78.86141631270561,2713647.375,66692,-2768119.124999993,-41.5060145894559,0.732180664039045,0.39701913272956274,-2768261.249999997,285.8090159755271,-257.0192035112149,78.86141631270561,70.71719342653645,87.00563919887477,2.548857555543618e-80,True
all:min_confidence_0.4358+avoid:ce:mixed,2,all require quality confidence >= 0.4358 | Reduce or disable ce trades in mixed,avoid_weak_segment|minimum_confidence,0.0,5.946178121402788,4,4,True,15202,532877.2500000063,1.233960056057979,0.5189448756742534,35.05310156558389,-101013.74999999837,356.2579858030172,-311.4511144537121,0.2279433815150243,3300996.374999999,0.5017793920189341,76.55911615503979,2667247.499999999,66692,-2768119.124999993,-41.5060145894559,0.732180664039045,0.39701913272956274,-2768261.249999997,285.8090159755271,-257.0192035112149,76.55911615503979,69.14593088879685,83.97230142128272,4.19960077240517e-91,True
all:min_confidence_0.4358+ce:min_confidence_0.4358+avoid:ce:mixed,3,all require quality confidence >= 0.4358 | ce require quality confidence >= 0.4358 | Reduce or disable ce trades in mixed,avoid_weak_segment|minimum_confidence,0.0,5.946178121402788,4,4,True,15202,532877.2500000063,1.233960056057979,0.5189448756742534,35.05310156558389,-101013.74999999837,356.2579858030172,-311.4511144537121,0.2279433815150243,3300996.374999999,0.5017793920189341,76.55911615503979,2667247.499999999,66692,-2768119.124999993,-41.5060145894559,0.732180664039045,0.39701913272956274,-2768261.249999997,285.8090159755271,-257.0192035112149,76.55911615503979,69.14593088879685,83.97230142128272,4.19960077240517e-91,True
ce:min_confidence_0.4358+pe:min_directional_confidence_0.4645,2,ce require quality confidence >= 0.4358 | pe require directional confidence >= 0.4645,minimum_confidence,0.0,5.943908974477338,4,4,True,18405,597913.8750000078,1.2131385134254529,0.5169247487095898,32.48649144254321,-107394.00000000006,357.70412024385155,-315.5194157012705,0.27597013135008697,3366033.000000001,0.48095784938640784,73.99250603199911,2660867.249999997,66692,-2768119.124999993,-41.5060145894559,0.732180664039045,0.39701913272956274,-2768261.249999997,285.8090159755271,-257.0192035112149,73.99250603199911,67.11865966940992,80.8663523945883,8.274231661124577e-99,True
ce:min_confidence_0.4358+pe:min_directional_confidence_0.4645+pe:min_directional_confidence_0.4607,3,ce require quality confidence >= 0.4358 | pe require directional confidence >= 0.4645 | pe require directional confidence >= 0.4607,minimum_confidence,0.0,5.943908974477338,4,4,True,18405,597913.8750000078,1.2131385134254529,0.5169247487095898,32.48649144254321,-107394.00000000006,357.70412024385155,-315.5194157012705,0.27597013135008697,3366033.000000001,0.48095784938640784,73.99250603199911,2660867.249999997,66692,-2768119.124999993,-41.5060145894559,0.732180664039045,0.39701913272956274,-2768261.249999997,285.8090159755271,-257.0192035112149,73.99250603199911,67.11865966940992,80.8663523945883,8.274231661124577e-99,True
ce:min_confidence_0.4358+pe:min_directional_confidence_0.4645+pe:min_directional_confidence_0.4468,3,ce require quality confidence >= 0.4358 | pe require directional confidence >= 0.4645 | pe require directional confidence >= 0.4468,minimum_confidence,0.0,5.943908974477338,4,4,True,18405,597913.8750000078,1.2131385134254529,0.5169247487095898,32.48649144254321,-107394.00000000006,357.70412024385155,-315.5194157012705,0.27597013135008697,3366033.000000001,0.48095784938640784,73.99250603199911,2660867.249999997,66692,-2768119.124999993,-41.5060145894559,0.732180664039045,0.39701913272956274,-2768261.249999997,285.8090159755271,-257.0192035112149,73.99250603199911,67.11865966940992,80.8663523945883,8.274231661124577e-99,True
all:min_confidence_0.4358+pe:min_confidence_0.4519+avoid:ce:mixed,3,all require quality confidence >= 0.4358 | pe require quality confidence >= 0.4519 | Reduce or disable ce trades in mixed,avoid_weak_segment|minimum_confidence,0.0,5.942956411072742,4,4,True,15200,531928.8750000064,1.2335436714812982,0.5188815789473684,34.995320723684635,-101013.74999999837,356.2280810193993,-311.4511144537121,0.22791339291069393,3300047.9999999995,0.5013630074422532,76.50133531314054,2667247.499999999,66692,-2768119.124999993,-41.5060145894559,0.732180664039045,0.39701913272956274,-2768261.249999997,285.8090159755271,-257.0192035112149,76.50133531314054,69.08796200365734,83.91470862262375,5.784937941939666e-91,True
ce:min_confidence_0.4358+pe:min_confidence_0.4519+avoid:ce:mixed,3,ce require quality confidence >= 0.4358 | pe require quality confidence >= 0.4519 | Reduce or disable ce trades in mixed,avoid_weak_segment|minimum_confidence,0.0,5.942956411072742,4,4,True,15200,531928.8750000064,1.2335436714812982,0.5188815789473684,34.995320723684635,-101013.74999999837,356.2280810193993,-311.4511144537121,0.22791339291069393,3300047.9999999995,0.5013630074422532,76.50133531314054,2667247.499999999,66692,-2768119.124999993,-41.5060145894559,0.732180664039045,0.39701913272956274,-2768261.249999997,285.8090159755271,-257.0192035112149,76.50133531314054,69.08796200365734,83.91470862262375,5.784937941939666e-91,True
all:min_confidence_0.4358+pe:min_directional_confidence_0.4607+avoid:all:range,3,all require quality confidence >= 0.4358 | pe require directional confidence >= 0.4607 | Reduce or disable all trades in range,avoid_weak_segment|minimum_confidence,0.0,5.932914658750284,4,4,True,14295,509158.8750000076,1.2349582909003165,0.5197621545995104,35.61796956978018,-86600.62499999977,360.18532974428047,-315.6617807720315,0.21434354945120854,3277278.0000000005,0.5027776268612715,77.12398415923607,2681660.624999997,66692,-2768119.124999993,-41.5060145894559,0.732180664039045,0.39701913272956274,-2768261.249999997,285.8090159755271,-257.0192035112149,77.12398415923607,69.47379464092725,84.7741736775449,6.661673679429733e-87,True
all:min_confidence_0.4358+pe:min_directional_confidence_0.4468+avoid:all:range,3,all require quality confidence >= 0.4358 | pe require directional confidence >= 0.4468 | Reduce or disable all trades in range,avoid_weak_segment|minimum_confidence,0.0,5.918085030588628,4,4,True,14446,508287.0000000079,1.2322305583459119,0.5191748580922054,35.18531081268226,-87584.99999999988,359.60055000000045,-315.1046825511079,0.2166076890781503,3276406.125000001,0.5000498943068669,76.69132540213816,2680676.249999997,66692,-2768119.124999993,-41.5060145894559,0.732180664039045,0.39701913272956274,-2768261.249999997,285.8090159755271,-257.0192035112149,76.69132540213816,69.0875455744404,84.29510522983593,5.565166594991254e-87,True
all:min_confidence_0.4358+avoid:ce:mixed+avoid:ce:low_volatility,3,all require quality confidence >= 0.4358 | Reduce or disable ce trades in mixed | Reduce or disable ce trades in Low Volatility,avoid_weak_segment|minimum_confidence,0.0,5.915757201288601,4,4,True,15042,522136.12500000594,1.2306989914521165,0.5182156628107965,34.71188173115317,-101837.99999999814,357.3335311096859,-312.30560921760673,0.22554429316859592,3290255.249999999,0.49851832741307145,76.21789632060907,2666423.249999999,66692,-2768119.124999993,-41.5060145894559,0.732180664039045,0.39701913272956274,-2768261.249999997,285.8090159755271,-257.0192035112149,76.21789632060907,68.7525362383056,83.68325640291255,4.44369811428507e-89,True
ce:min_confidence_0.4358+pe:min_directional_confidence_0.4645+avoid:ce:low_volatility,3,ce require quality confidence >= 0.4358 | pe require directional confidence >= 0.4645 | Reduce or disable ce trades in Low Volatility,avoid_weak_segment|minimum_confidence,0.0,5.912425579177442,4,4,True,18177,584938.1250000072,1.209961944410198,0.5159817351598174,32.18012460802152,-106713.00000000012,359.405333724278,-316.65429643100657,0.27255143045642655,3353057.25,0.4777812803711531,73.68613919747742,2661548.249999997,66692,-2768119.124999993,-41.5060145894559,0.732180664039045,0.39701913272956274,-2768261.249999997,285.8090159755271,-257.0192035112149,73.68613919747742,66.7531967607373,80.61908163421754,2.2348678615436578e-96,True
all:min_directional_confidence_0.4645+avoid:ce:mixed,2,all require directional confidence >= 0.4645 | Reduce or disable ce trades in mixed,avoid_weak_segment|minimum_confidence,0.0,5.892325222715781,4,4,True,13565,485689.5000000079,1.2272207660972032,0.5099152230003686,35.804607445632726,-63691.12499999645,379.2412895764068,-321.5286552346567,0.20339770887062916,3253808.625000001,0.4950401020581582,77.31062203508863,2704570.125000001,66692,-2768119.124999993,-41.5060145894559,0.732180664039045,0.39701913272956274,-2768261.249999997,285.8090159755271,-257.0192035112149,77.31062203508863,69.21107440788157,85.41016966229569,4.2362395959106804e-78,True
all:min_directional_confidence_0.4645+pe:min_directional_confidence_0.4645+avoid:ce:mixed,3,all require directional confidence >= 0.4645 | pe require directional confidence >= 0.4645 | Reduce or disable ce trades in mixed,avoid_weak_segment|minimum_confidence,0.0,5.892325222715781,4,4,True,13565,485689.5000000079,1.2272207660972032,0.5099152230003686,35.804607445632726,-63691.12499999645,379.2412895764068,-321.5286552346567,0.20339770887062916,3253808.625000001,0.4950401020581582,77.31062203508863,2704570.125000001,66692,-2768119.124999993,-41.5060145894559,0.732180664039045,0.39701913272956274,-2768261.249999997,285.8090159755271,-257.0192035112149,77.31062203508863,69.21107440788157,85.41016966229569,4.2362395959106804e-78,True
all:min_directional_confidence_0.4645+pe:min_directional_confidence_0.4607+avoid:ce:mixed,3,all require directional confidence >= 0.4645 | pe require directional confidence >= 0.4607 | Reduce or disable ce trades in mixed,avoid_weak_segment|minimum_confidence,0.0,5.892325222715781,4,4,True,13565,485689.5000000079,1.2272207660972032,0.5099152230003686,35.804607445632726,-63691.12499999645,379.2412895764068,-321.5286552346567,0.20339770887062916,3253808.625000001,0.4950401020581582,77.31062203508863,2704570.125000001,66692,-2768119.124999993,-41.5060145894559,0.732180664039045,0.39701913272956274,-2768261.249999997,285.8090159755271,-257.0192035112149,77.31062203508863,69.21107440788157,85.41016966229569,4.2362395959106804e-78,True
all:min_directional_confidence_0.4645+pe:min_directional_confidence_0.4468+avoid:ce:mixed,3,all require directional confidence >= 0.4645 | pe require directional confidence >= 0.4468 | Reduce or disable ce trades in mixed,avoid_weak_segment|minimum_confidence,0.0,5.892325222715781,4,4,True,13565,485689.5000000079,1.2272207660972032,0.5099152230003686,35.804607445632726,-63691.12499999645,379.2412895764068,-321.5286552346567,0.20339770887062916,3253808.625000001,0.4950401020581582,77.31062203508863,2704570.125000001,66692,-2768119.124999993,-41.5060145894559,0.732180664039045,0.39701913272956274,-2768261.249999997,285.8090159755271,-257.0192035112149,77.31062203508863,69.21107440788157,85.41016966229569,4.2362395959106804e-78,True
all:min_directional_confidence_0.4645+avoid:ce:mixed+avoid:ce:low_volatility,3,all require directional confidence >= 0.4645 | Reduce or disable ce trades in mixed | Reduce or disable ce trades in Low Volatility,avoid_weak_segment|minimum_confidence,0.0,5.889954149163305,4,4,True,13548,484823.6250000078,1.2269826525092709,0.5097431355181576,35.78562333923884,-63799.12499999546,379.4922893136411,-321.5823735320683,0.20314280573382115,3252942.750000001,0.49480198847022583,77.29163792869474,2704462.125000002,66692,-2768119.124999993,-41.5060145894559,0.732180664039045,0.39701913272956274,-2768261.249999997,285.8090159755271,-257.0192035112149,77.29163792869474,69.18451970601099,85.39875615137849,6.406470036369298e-78,True
all:min_confidence_0.4358+avoid:all:range,2,all require quality confidence >= 0.4358 | Reduce or disable all trades in range,avoid_weak_segment|minimum_confidence,0.0,5.883470819416316,4,4,True,14638,502461.00000000757,1.2269710663962266,0.5181718814045635,34.32579587375376,-89618.99999999965,358.1051746868824,-313.87590387069264,0.21948659509386434,3270580.1250000005,0.4947904023571815,75.83181046320966,2678642.2499999977,66692,-2768119.124999993,-41.5060145894559,0.732180664039045,0.39701913272956274,-2768261.249999997,285.8090159755271,-257.0192035112149,75.83181046320966,68.29427581104164,83.36934511537768,1.4902343465793829e-86,True
all:min_confidence_0.4358+ce:min_confidence_0.4358+avoid:all:range,3,all require quality confidence >= 0.4358 | ce require quality confidence >= 0.4358 | Reduce or disable all trades in range,avoid_weak_segment|minimum_confidence,0.0,5.883470819416316,4,4,True,14638,502461.00000000757,1.2269710663962266,0.5181718814045635,34.32579587375376,-89618.99999999965,358.1051746868824,-313.87590387069264,0.21948659509386434,3270580.1250000005,0.4947904023571815,75.83181046320966,2678642.2499999977,66692,-2768119.124999993,-41.5060145894559,0.732180664039045,0.39701913272956274,-2768261.249999997,285.8090159755271,-257.0192035112149,75.83181046320966,68.29427581104164,83.36934511537768,1.4902343465793829e-86,True
all:min_confidence_0.4358+pe:min_confidence_0.4519+avoid:all:range,3,all require quality confidence >= 0.4358 | pe require quality confidence >= 0.4519 | Reduce or disable all trades in range,avoid_weak_segment|minimum_confidence,0.0,5.882941368661246,4,4,True,14637,502306.87500000757,1.226901445240339,0.518138962902234,34.317611190818305,-89618.99999999965,358.1320708069624,-313.87590387069264,0.21947160079169917,3270426.0000000005,0.49472078120129404,75.8236257802742,2678642.2499999977,66692,-2768119.124999993,-41.5060145894559,0.732180664039045,0.39701913272956274,-2768261.249999997,285.8090159755271,-257.0192035112149,75.8236257802742,68.2856570824965,83.3615944780519,1.5895426822637242e-86,True
ce:min_confidence_0.4358+pe:min_confidence_0.4519+avoid:all:range,3,ce require quality confidence >= 0.4358 | pe require quality confidence >= 0.4519 | Reduce or disable all trades in range,avoid_weak_segment|minimum_confidence,0.0,5.882941368661246,4,4,True,14637,502306.87500000757,1.226901445240339,0.518138962902234,34.317611190818305,-89618.99999999965,358.1320708069624,-313.87590387069264,0.21947160079169917,3270426.0000000005,0.49472078120129404,75.8236257802742,2678642.2499999977,66692,-2768119.124999993,-41.5060145894559,0.732180664039045,0.39701913272956274,-2768261.249999997,285.8090159755271,-257.0192035112149,75.8236257802742,68.2856570824965,83.3615944780519,1.5895426822637242e-86,True
all:min_confidence_0.4358+avoid:ce:mixed+avoid:pe:low_volatility,3,all require quality confidence >= 0.4358 | Reduce or disable ce trades in mixed | Reduce or disable pe trades in Low Volatility,avoid_weak_segment|minimum_confidence,0.0,5.880321064410403,4,4,True,14827,508716.75000000605,1.2262722977568918,0.5175692992513657,34.310160517974374,-98906.99999999738,359.2607505863959,-314.30871662239565,0.22232051820308282,3276835.874999999,0.4940916337178468,75.81617510743027,2669354.25,66692,-2768119.124999993,-41.5060145894559,0.732180664039045,0.39701913272956274,-2768261.249999997,285.8090159755271,-257.0192035112149,75.81617510743027,68.27123030420695,83.36111991065358,2.367450211516261e-86,True
ce:min_confidence_0.4358+pe:min_directional_confidence_0.4645+avoid:pe:low_volatility,3,ce require quality confidence >= 0.4358 | pe require directional confidence >= 0.4645 | Reduce or disable pe trades in Low Volatility,avoid_weak_segment|minimum_confidence,0.0,5.856340551207972,4,4,True,18130,566254.500000008,1.2031555592807952,0.5154440154440154,31.233011583012026,-106713.00000000012,358.86031300160556,-317.27889869095003,0.27184669825466323,3334373.625000001,0.4709748952417502,72.73902617246793,2661548.249999997,66692,-2768119.124999993,-41.5060145894559,0.732180664039045,0.39701913272956274,-2768261.249999997,285.8090159755271,-257.0192035112149,72.73902617246793,65.79674016799297,79.6813121769429,1.0216095237729143e-93,True
all:min_confidence_0.4358+avoid:all:low_volatility+avoid:ce:mixed,3,all require quality confidence >= 0.4358 | Reduce or disable all trades in Low Volatility | Reduce or disable ce trades in mixed,avoid_weak_segment|minimum_confidence,0.0,5.849362509792125,4,4,True,14667,497975.6250000057,1.2229188965243123,0.5168064362173587,33.95211188382121,-99731.2499999972,360.40404023746726,-315.20911528150083,0.21992142985665447,3266094.7499999986,0.49073823248526727,75.4581264732771,2668530.0,66692,-2768119.124999993,-41.5060145894559,0.732180664039045,0.39701913272956274,-2768261.249999997,285.8090159755271,-257.0192035112149,75.4581264732771,67.85818892242068,83.05806402413353,2.37857724937256e-84,True
all:min_confidence_0.4358+avoid:all:range+avoid:ce:low_volatility,3,all require quality confidence >= 0.4358 | Reduce or disable all trades in range | Reduce or disable ce trades in Low Volatility,avoid_weak_segment|minimum_confidence,0.0,5.84492281640304,4,4,True,14451,490013.2500000072,1.2225142453514264,0.516919244342952,33.90860494083504,-90916.1249999993,360.3987951807232,-315.45133218736504,0.2166826605889762,3258132.375,0.49033358131238136,75.41461953029093,2677345.124999998,66692,-2768119.124999993,-41.5060145894559,0.732180664039045,0.39701913272956274,-2768261.249999997,285.8090159755271,-257.0192035112149,75.41461953029093,67.80220759299372,83.02703146758815,5.508860954257612e-84,True
all:min_confidence_0.4358+avoid:all:range+avoid:pe:low_volatility,3,all require quality confidence >= 0.4358 | Reduce or disable all trades in range | Reduce or disable pe trades in Low Volatility,avoid_weak_segment|minimum_confidence,0.0,5.834152742657313,4,4,True,14383,485096.62500000716,1.221039686605377,0.5171382882569701,33.72708231940535,-88036.49999999901,360.27290602312485,-315.99902807775317,0.21566304804174413,3253215.75,0.48885902256633196,75.23309690886126,2680224.749999998,66692,-2768119.124999993,-41.5060145894559,0.732180664039045,0.39701913272956274,-2768261.249999997,285.8090159755271,-257.0192035112149,75.23309690886126,67.60226008240552,82.86393373531699,3.386791522609803e-83,True
ce:min_confidence_0.4358+pe:min_directional_confidence_0.4645+avoid:all:low_volatility,3,ce require quality confidence >= 0.4358 | pe require directional confidence >= 0.4645 | Reduce or disable all trades in Low Volatility,avoid_weak_segment|minimum_confidence,0.0,5.823607597557322,4,4,True,17902,553278.7500000076,1.1998885270670079,0.5144676572450005,30.90597419282804,-106713.00000000012,360.6096905537463,-318.44644500690237,0.2684279973610028,3321397.8750000005,0.46770786302796286,72.41198878228394,2661548.249999997,66692,-2768119.124999993,-41.5060145894559,0.732180664039045,0.39701913272956274,-2768261.249999997,285.8090159755271,-257.0192035112149,72.41198878228394,65.40878549863666,79.41519206593122,2.562609531608371e-91,True
all:min_confidence_0.4358+pe:min_directional_confidence_0.4645,2,all require quality confidence >= 0.4358 | pe require directional confidence >= 0.4645,minimum_confidence,0.0,5.809784439994403,4,4,True,16438,529456.8750000059,1.2107784329228124,0.5195887577564181,32.20932443119637,-131355.74999999988,356.0904899894628,-318.08433582372993,0.24647633899118335,3297575.999999999,0.47859776888376737,73.71533902065227,2636905.499999997,66692,-2768119.124999993,-41.5060145894559,0.732180664039045,0.39701913272956274,-2768261.249999997,285.8090159755271,-257.0192035112149,73.71533902065227,66.53151562364944,80.89916241765509,5.777617251377547e-90,True
all:min_confidence_0.4358+ce:min_confidence_0.4358+pe:min_directional_confidence_0.4645,3,all require quality confidence >= 0.4358 | ce require quality confidence >= 0.4358 | pe require directional confidence >= 0.4645,minimum_confidence,0.0,5.809784439994403,4,4,True,16438,529456.8750000059,1.2107784329228124,0.5195887577564181,32.20932443119637,-131355.74999999988,356.0904899894628,-318.08433582372993,0.24647633899118335,3297575.999999999,0.47859776888376737,73.71533902065227,2636905.499999997,66692,-2768119.124999993,-41.5060145894559,0.732180664039045,0.39701913272956274,-2768261.249999997,285.8090159755271,-257.0192035112149,73.71533902065227,66.53151562364944,80.89916241765509,5.777617251377547e-90,True
all:min_confidence_0.4358+pe:min_directional_confidence_0.4645+pe:min_directional_confidence_0.4607,3,all require quality confidence >= 0.4358 | pe require directional confidence >= 0.4645 | pe require directional confidence >= 0.4607,minimum_confidence,0.0,5.809784439994403,4,4,True,16438,529456.8750000059,1.2107784329228124,0.5195887577564181,32.20932443119637,-131355.74999999988,356.0904899894628,-318.08433582372993,0.24647633899118335,3297575.999999999,0.47859776888376737,73.71533902065227,2636905.499999997,66692,-2768119.124999993,-41.5060145894559,0.732180664039045,0.39701913272956274,-2768261.249999997,285.8090159755271,-257.0192035112149,73.71533902065227,66.53151562364944,80.89916241765509,5.777617251377547e-90,True
all:min_confidence_0.4358+pe:min_directional_confidence_0.4645+pe:min_directional_confidence_0.4468,3,all require quality confidence >= 0.4358 | pe require directional confidence >= 0.4645 | pe require directional confidence >= 0.4468,minimum_confidence,0.0,5.809784439994403,4,4,True,16438,529456.8750000059,1.2107784329228124,0.5195887577564181,32.20932443119637,-131355.74999999988,356.0904899894628,-318.08433582372993,0.24647633899118335,3297575.999999999,0.47859776888376737,73.71533902065227,2636905.499999997,66692,-2768119.124999993,-41.5060145894559,0.732180664039045,0.39701913272956274,-2768261.249999997,285.8090159755271,-257.0192035112149,73.71533902065227,66.53151562364944,80.89916241765509,5.777617251377547e-90,True
all:min_confidence_0.4358+pe:min_directional_confidence_0.4645+pe:min_confidence_0.4519,3,all require quality confidence >= 0.4358 | pe require directional confidence >= 0.4645 | pe require quality confidence >= 0.4519,minimum_confidence,0.0,5.807246809093142,4,4,True,16437,528662.6250000059,1.2104622395211326,0.5195595303279187,32.16296313195875,-131355.74999999988,356.03918325526956,-318.08433582372993,0.24646134468901817,3296781.749999999,0.4782815754820876,73.66897772141465,2636905.499999997,66692,-2768119.124999993,-41.5060145894559,0.732180664039045,0.39701913272956274,-2768261.249999997,285.8090159755271,-257.0192035112149,73.66897772141465,66.48535168786134,80.85260375496796,7.372884691744826e-90,True
ce:min_confidence_0.4358+pe:min_directional_confidence_0.4645+pe:min_confidence_0.4519,3,ce require quality confidence >= 0.4358 | pe require directional confidence >= 0.4645 | pe require quality confidence >= 0.4519,minimum_confidence,0.0,5.807246809093142,4,4,True,16437,528662.6250000059,1.2104622395211326,0.5195595303279187,32.16296313195875,-131355.74999999988,356.03918325526956,-318.08433582372993,0.24646134468901817,3296781.749999999,0.4782815754820876,73.66897772141465,2636905.499999997,66692,-2768119.124999993,-41.5060145894559,0.732180664039045,0.39701913272956274,-2768261.249999997,285.8090159755271,-257.0192035112149,73.66897772141465,66.48535168786134,80.85260375496796,7.372884691744826e-90,True
all:min_confidence_0.4358+avoid:all:low_volatility+avoid:all:range,3,all require quality confidence >= 0.4358 | Reduce or disable all trades in Low Volatility | Reduce or disable all trades in range,avoid_weak_segment|minimum_confidence,0.0,5.795168436453519,4,4,True,14196,472648.8750000068,1.2165122412849527,0.5158495350803043,33.29451077768434,-89333.6249999979,362.64660999590365,-317.62145351374886,0.212859113536856,3240768.0,0.4843315772459077,74.80052536714024,2678927.624999999,66692,-2768119.124999993,-41.5060145894559,0.732180664039045,0.39701913272956274,-2768261.249999997,285.8090159755271,-257.0192035112149,74.80052536714024,67.09215231918544,82.50889841509503,1.1770775380872228e-80,True
all:min_confidence_0.4358+pe:min_directional_confidence_0.4645+avoid:ce:low_volatility,3,all require quality confidence >= 0.4358 | pe require directional confidence >= 0.4645 | Reduce or disable ce trades in Low Volatility,avoid_weak_segment|minimum_confidence,0.0,5.7746917142220076,4,4,True,16210,516481.12500000536,1.2072096550389844,0.5185687847008019,31.861883096854125,-132304.4999999996,357.962705210564,-319.39433303434083,0.24305763809752295,3284600.249999998,0.47502899099993934,73.36789768631003,2635956.7499999977,66692,-2768119.124999993,-41.5060145894559,0.732180664039045,0.39701913272956274,-2768261.249999997,285.8090159755271,-257.0192035112149,73.36789768631003,66.11397208366184,80.62182328895823,1.8519402172905763e-87,True
all:min_confidence_0.4358+pe:min_directional_confidence_0.4607,2,all require quality confidence >= 0.4358 | pe require directional confidence >= 0.4607,minimum_confidence,0.0,5.758167042864429,4,4,True,18021,540012.7500000063,1.1972347789022966,0.5158426280450585,29.96574829365775,-140654.62499999977,352.617389199656,-313.80154727793644,0.2702123193186589,3308131.874999999,0.46505411486325154,71.47176288311366,2627606.624999997,66692,-2768119.124999993,-41.5060145894559,0.732180664039045,0.39701913272956274,-2768261.249999997,285.8090159755271,-257.0192035112149,71.47176288311366,64.63058236464454,78.31294340158277,3.4756445711022823e-93,True
all:min_confidence_0.4358+ce:min_confidence_0.4358+pe:min_directional_confidence_0.4607,3,all require quality confidence >= 0.4358 | ce require quality confidence >= 0.4358 | pe require directional confidence >= 0.4607,minimum_confidence,0.0,5.758167042864429,4,4,True,18021,540012.7500000063,1.1972347789022966,0.5158426280450585,29.96574829365775,-140654.62499999977,352.617389199656,-313.80154727793644,0.2702123193186589,3308131.874999999,0.46505411486325154,71.47176288311366,2627606.624999997,66692,-2768119.124999993,-41.5060145894559,0.732180664039045,0.39701913272956274,-2768261.249999997,285.8090159755271,-257.0192035112149,71.47176288311366,64.63058236464454,78.31294340158277,3.4756445711022823e-93,True
all:min_confidence_0.4358+pe:min_directional_confidence_0.4607+pe:min_directional_confidence_0.4468,3,all require quality confidence >= 0.4358 | pe require directional confidence >= 0.4607 | pe require directional confidence >= 0.4468,minimum_confidence,0.0,5.758167042864429,4,4,True,18021,540012.7500000063,1.1972347789022966,0.5158426280450585,29.96574829365775,-140654.62499999977,352.617389199656,-313.80154727793644,0.2702123193186589,3308131.874999999,0.46505411486325154,71.47176288311366,2627606.624999997,66692,-2768119.124999993,-41.5060145894559,0.732180664039045,0.39701913272956274,-2768261.249999997,285.8090159755271,-257.0192035112149,71.47176288311366,64.63058236464454,78.31294340158277,3.4756445711022823e-93,True
all:min_confidence_0.4358+pe:min_confidence_0.4519+pe:min_directional_confidence_0.4607,3,all require quality confidence >= 0.4358 | pe require quality confidence >= 0.4519 | pe require directional confidence >= 0.4607,minimum_confidence,0.0,5.755773296905417,4,4,True,18020,539218.5000000062,1.196944686264404,0.5158157602663707,29.9233351831302,-140654.62499999977,352.56987627756877,-313.80154727793644,0.27019732501649374,3307337.624999999,0.46476402222535895,71.42934977258611,2627606.624999997,66692,-2768119.124999993,-41.5060145894559,0.732180664039045,0.39701913272956274,-2768261.249999997,285.8090159755271,-257.0192035112149,71.42934977258611,64.58835187529196,78.27034766988025,4.4101558067461895e-93,True
ce:min_confidence_0.4358+pe:min_confidence_0.4519+pe:min_directional_confidence_0.4607,3,ce require quality confidence >= 0.4358 | pe require quality confidence >= 0.4519 | pe require directional confidence >= 0.4607,minimum_confidence,0.0,5.755773296905417,4,4,True,18020,539218.5000000062,1.196944686264404,0.5158157602663707,29.9233351831302,-140654.62499999977,352.56987627756877,-313.80154727793644,0.27019732501649374,3307337.624999999,0.46476402222535895,71.42934977258611,2627606.624999997,66692,-2768119.124999993,-41.5060145894559,0.732180664039045,0.39701913272956274,-2768261.249999997,285.8090159755271,-257.0192035112149,71.42934977258611,64.58835187529196,78.27034766988025,4.4101558067461895e-93,True
ce:min_confidence_0.4358+pe:min_directional_confidence_0.4607+avoid:ce:mixed,3,ce require quality confidence >= 0.4358 | pe require directional confidence >= 0.4607 | Reduce or disable ce trades in mixed,avoid_weak_segment|minimum_confidence,0.0,5.7475079921745955,4,4,True,21843,573294.0000000122,1.1751247811490124,0.5041432037723755,26.246120038456816,-116266.87500000047,349.33940247003335,-302.2464684701315,0.3275205421939663,3341413.125000005,0.4429441171099674,67.75213462791271,2651994.3749999967,66692,-2768119.124999993,-41.5060145894559,0.732180664039045,0.39701913272956274,-2768261.249999997,285.8090159755271,-257.0192035112149,67.75213462791271,61.50886984630643,73.99539940951898,2.153232454296339e-100,True
all:min_confidence_0.4358+pe:min_directional_confidence_0.4468,2,all require quality confidence >= 0.4358 | pe require directional confidence >= 0.4468,minimum_confidence,0.0,5.744963432240854,4,4,True,18217,538453.5000000063,1.1946927805316465,0.515342811659439,29.557748257122814,-140989.87499999988,351.9504420536857,-313.24694189602394,0.27315120254303366,3306572.624999999,0.4625121164926015,71.06376284657871,2627271.374999997,66692,-2768119.124999993,-41.5060145894559,0.732180664039045,0.39701913272956274,-2768261.249999997,285.8090159755271,-257.0192035112149,71.06376284657871,64.26469820024522,77.8628274929122,2.8760467730444644e-93,True
all:min_confidence_0.4358+ce:min_confidence_0.4358+pe:min_directional_confidence_0.4468,3,all require quality confidence >= 0.4358 | ce require quality confidence >= 0.4358 | pe require directional confidence >= 0.4468,minimum_confidence,0.0,5.744963432240854,4,4,True,18217,538453.5000000063,1.1946927805316465,0.515342811659439,29.557748257122814,-140989.87499999988,351.9504420536857,-313.24694189602394,0.27315120254303366,3306572.624999999,0.4625121164926015,71.06376284657871,2627271.374999997,66692,-2768119.124999993,-41.5060145894559,0.732180664039045,0.39701913272956274,-2768261.249999997,285.8090159755271,-257.0192035112149,71.06376284657871,64.26469820024522,77.8628274929122,2.8760467730444644e-93,True
all:min_confidence_0.4358+pe:min_confidence_0.4519+pe:min_directional_confidence_0.4468,3,all require quality confidence >= 0.4358 | pe require quality confidence >= 0.4519 | pe require directional confidence >= 0.4468,minimum_confidence,0.0,5.742125221855644,4,4,True,18215,537505.1250000063,1.1943498692761034,0.5152895964864123,29.508928081252062,-140989.87499999988,351.92439537609226,-313.24694189602394,0.2731212139387033,3305624.249999999,0.4621692052370584,71.01494267070797,2627271.374999997,66692,-2768119.124999993,-41.5060145894559,0.732180664039045,0.39701913272956274,-2768261.249999997,285.8090159755271,-257.0192035112149,71.01494267070797,64.21575640881294,77.814128932603,3.868344947095953e-93,True
ce:min_confidence_0.4358+pe:min_confidence_0.4519+pe:min_directional_confidence_0.4468,3,ce require quality confidence >= 0.4358 | pe require quality confidence >= 0.4519 | pe require directional confidence >= 0.4468,minimum_confidence,0.0,5.742125221855644,4,4,True,18215,537505.1250000063,1.1943498692761034,0.5152895964864123,29.508928081252062,-140989.87499999988,351.92439537609226,-313.24694189602394,0.2731212139387033,3305624.249999999,0.4621692052370584,71.01494267070797,2627271.374999997,66692,-2768119.124999993,-41.5060145894559,0.732180664039045,0.39701913272956274,-2768261.249999997,285.8090159755271,-257.0192035112149,71.01494267070797,64.21575640881294,77.814128932603,3.868344947095953e-93,True
all:min_confidence_0.4358+pe:min_directional_confidence_0.4607+avoid:ce:low_volatility,3,all require quality confidence >= 0.4358 | pe require directional confidence >= 0.4607 | Reduce or disable ce trades in Low Volatility,avoid_weak_segment|minimum_confidence,0.0,5.723896918351055,4,4,True,17793,527037.0000000057,1.1938662469223735,0.5148653965042432,29.62046872365569,-141603.37499999977,354.2841256413057,-314.93974455514314,0.2667936184249985,3295156.1249999986,0.4616855828833285,71.12648331311159,2626657.874999997,66692,-2768119.124999993,-41.5060145894559,0.732180664039045,0.39701913272956274,-2768261.249999997,285.8090159755271,-257.0192035112149,71.12648331311159,64.22582245822282,78.02714416800036,9.380306004136e-91,True
all:min_confidence_0.4358+pe:min_directional_confidence_0.4645+avoid:pe:low_volatility,3,all require quality confidence >= 0.4358 | pe require directional confidence >= 0.4645 | Reduce or disable pe trades in Low Volatility,avoid_weak_segment|minimum_confidence,0.0,5.717448011829074,4,4,True,16240,499313.2500000064,1.199606005470833,0.5175492610837439,30.745889778325516,-131255.6249999985,357.0264574657944,-319.2717453733243,0.24350746716247826,3267432.3749999995,0.46742534143178804,72.25190436778142,2637005.6249999986,66692,-2768119.124999993,-41.5060145894559,0.732180664039045,0.39701913272956274,-2768261.249999997,285.8090159755271,-257.0192035112149,72.25190436778142,65.0108901293046,79.49291860625824,3.584397222045513e-85,True
all:min_confidence_0.4358,1,all require quality confidence >= 0.4358,minimum_confidence,0.0,5.713349911199197,4,4,True,18447,531238.500000006,1.1900046366605768,0.514446793516561,28.79809725158595,-142487.99999999895,350.5966675447841,-312.1495897063744,0.2765998920410244,3299357.624999999,0.45782397262153174,70.30411184104184,2625773.249999998,66692,-2768119.124999993,-41.5060145894559,0.732180664039045,0.39701913272956274,-2768261.249999997,285.8090159755271,-257.0192035112149,70.30411184104184,63.559153527032706,77.04907015505098,9.145188022636535e-93,True
all:min_confidence_0.4358+ce:min_confidence_0.4358,2,all require quality confidence >= 0.4358 | ce require quality confidence >= 0.4358,minimum_confidence,0.0,5.713349911199197,4,4,True,18447,531238.500000006,1.1900046366605768,0.514446793516561,28.79809725158595,-142487.99999999895,350.5966675447841,-312.1495897063744,0.2765998920410244,3299357.624999999,0.45782397262153174,70.30411184104184,2625773.249999998,66692,-2768119.124999993,-41.5060145894559,0.732180664039045,0.39701913272956274,-2768261.249999997,285.8090159755271,-257.0192035112149,70.30411184104184,63.559153527032706,77.04907015505098,9.145188022636535e-93,True
all:min_confidence_0.4358+pe:min_directional_confidence_0.4468+avoid:ce:low_volatility,3,all require quality confidence >= 0.4358 | pe require directional confidence >= 0.4468 | Reduce or disable ce trades in Low Volatility,avoid_weak_segment|minimum_confidence,0.0,5.710743636415127,4,4,True,17989,525477.7500000058,1.1913403536004779,0.514369892712213,29.21105953638367,-141938.62499999988,353.5908759321302,-314.3656850961533,0.26973250164937324,3293596.874999999,0.4591596895614328,70.71707412583957,2626322.624999997,66692,-2768119.124999993,-41.5060145894559,0.732180664039045,0.39701913272956274,-2768261.249999997,285.8090159755271,-257.0192035112149,70.71707412583957,63.85972769834272,77.57442055333642,7.569667067663299e-91,True
all:min_confidence_0.4358+pe:min_confidence_0.4519,2,all require quality confidence >= 0.4358 | pe require quality confidence >= 0.4519,minimum_confidence,0.0,5.710531813179428,4,4,True,18445,530290.125000006,1.1896654375112437,0.514394144754676,28.749803469775333,-142487.99999999895,350.570615514334,-312.1495897063744,0.2765699034366941,3298409.249999999,0.4574847734721986,70.25581805923123,2625773.249999998,66692,-2768119.124999993,-41.5060145894559,0.732180664039045,0.39701913272956274,-2768261.249999997,285.8090159755271,-257.0192035112149,70.25581805923123,63.510745250860495,77.00089086760197,1.227547682275495e-92,True
ce:min_confidence_0.4358+pe:min_confidence_0.4519,2,ce require quality confidence >= 0.4358 | pe require quality confidence >= 0.4519,minimum_confidence,0.0,5.710531813179428,4,4,True,18445,530290.125000006,1.1896654375112437,0.514394144754676,28.749803469775333,-142487.99999999895,350.570615514334,-312.1495897063744,0.2765699034366941,3298409.249999999,0.4574847734721986,70.25581805923123,2625773.249999998,66692,-2768119.124999993,-41.5060145894559,0.732180664039045,0.39701913272956274,-2768261.249999997,285.8090159755271,-257.0192035112149,70.25581805923123,63.510745250860495,77.00089086760197,1.227547682275495e-92,True
all:min_confidence_0.4358+ce:min_confidence_0.4358+pe:min_confidence_0.4519,3,all require quality confidence >= 0.4358 | ce require quality confidence >= 0.4358 | pe require quality confidence >= 0.4519,minimum_confidence,0.0,5.710531813179428,4,4,True,18445,530290.125000006,1.1896654375112437,0.514394144754676,28.749803469775333,-142487.99999999895,350.570615514334,-312.1495897063744,0.2765699034366941,3298409.249999999,0.4574847734721986,70.25581805923123,2625773.249999998,66692,-2768119.124999993,-41.5060145894559,0.732180664039045,0.39701913272956274,-2768261.249999997,285.8090159755271,-257.0192035112149,70.25581805923123,63.510745250860495,77.00089086760197,1.227547682275495e-92,True
all:min_confidence_0.4358+pe:min_directional_confidence_0.4645+avoid:all:low_volatility,3,all require quality confidence >= 0.4358 | pe require directional confidence >= 0.4645 | Reduce or disable all trades in Low Volatility,avoid_weak_segment|minimum_confidence,0.0,5.681695481441262,4,4,True,16012,486337.50000000594,1.1959351131314173,0.5164876342742942,30.373313764676862,-132204.3749999996,358.94474002418394,-320.60649702919085,0.24008876626881784,3254456.624999999,0.4637544490923723,71.87932835413277,2636056.8749999977,66692,-2768119.124999993,-41.5060145894559,0.732180664039045,0.39701913272956274,-2768261.249999997,285.8090159755271,-257.0192035112149,71.87932835413277,64.5665107058622,79.19214600240333,1.0509432238163887e-82,True
ce:min_confidence_0.4358+pe:min_directional_confidence_0.4607+avoid:all:range,3,ce require quality confidence >= 0.4358 | pe require directional confidence >= 0.4607 | Reduce or disable all trades in range,avoid_weak_segment|minimum_confidence,0.0,5.680955618745082,4,4,True,19487,517896.37500001094,1.175355772782331,0.5037204290039513,26.576506132293886,-96322.87500000047,353.63691931540416,-305.38761503463917,0.29219396629280875,3286015.5000000037,0.4431751087432859,68.08252072174979,2671938.3749999967,66692,-2768119.124999993,-41.5060145894559,0.732180664039045,0.39701913272956274,-2768261.249999997,285.8090159755271,-257.0192035112149,68.08252072174979,61.49781119448946,74.66723024901012,2.5986613786782364e-91,True
all:min_confidence_0.4358+avoid:ce:low_volatility,2,all require quality confidence >= 0.4358 | Reduce or disable ce trades in Low Volatility,avoid_weak_segment|minimum_confidence,0.0,5.6788564962094465,4,4,True,18219,518262.7500000056,1.1866560672399131,0.5134749437400516,28.446278610242363,-143674.4999999983,352.19967931587394,-313.240664485559,0.273181191147364,3286381.8749999986,0.4544754032008681,69.95229319969826,2624586.749999999,66692,-2768119.124999993,-41.5060145894559,0.732180664039045,0.39701913272956274,-2768261.249999997,285.8090159755271,-257.0192035112149,69.95229319969826,63.15051219026465,76.75407420913187,2.3155507629814275e-90,True
all:min_confidence_0.4358+ce:min_confidence_0.4358+avoid:ce:low_volatility,3,all require quality confidence >= 0.4358 | ce require quality confidence >= 0.4358 | Reduce or disable ce trades in Low Volatility,avoid_weak_segment|minimum_confidence,0.0,5.6788564962094465,4,4,True,18219,518262.7500000056,1.1866560672399131,0.5134749437400516,28.446278610242363,-143674.4999999983,352.19967931587394,-313.240664485559,0.273181191147364,3286381.8749999986,0.4544754032008681,69.95229319969826,2624586.749999999,66692,-2768119.124999993,-41.5060145894559,0.732180664039045,0.39701913272956274,-2768261.249999997,285.8090159755271,-257.0192035112149,69.95229319969826,63.15051219026465,76.75407420913187,2.3155507629814275e-90,True
all:min_confidence_0.4358+pe:min_directional_confidence_0.4607+avoid:pe:low_volatility,3,all require quality confidence >= 0.4358 | pe require directional confidence >= 0.4607 | Reduce or disable pe trades in Low Volatility,avoid_weak_segment|minimum_confidence,0.0,5.678068815183318,4,4,True,17732,511137.0000000062,1.1880531000922612,0.5142679900744417,28.825682382134346,-139416.3749999986,354.1159255400814,-315.57484326018755,0.2658789659929227,3279256.124999999,0.45587243605321615,70.33169697159025,2628844.8749999986,66692,-2768119.124999993,-41.5060145894559,0.732180664039045,0.39701913272956274,-2768261.249999997,285.8090159755271,-257.0192035112149,70.33169697159025,63.41676498946646,77.24662895371404,2.017463058448116e-88,True
all:min_confidence_0.4358+pe:min_confidence_0.4519+avoid:ce:low_volatility,3,all require quality confidence >= 0.4358 | pe require quality confidence >= 0.4519 | Reduce or disable ce trades in Low Volatility,avoid_weak_segment|minimum_confidence,0.0,5.676022507804898,4,4,True,18217,517314.37500000565,1.1863145031437696,0.5134215293407257,28.39734176867792,-143674.4999999983,352.1735940339999,-313.240664485559,0.27315120254303366,3285433.4999999986,0.4541338391047246,69.90335635813382,2624586.749999999,66692,-2768119.124999993,-41.5060145894559,0.732180664039045,0.39701913272956274,-2768261.249999997,285.8090159755271,-257.0192035112149,69.90335635813382,63.10145482708299,76.70525788918465,3.1009372390488735e-90,True
ce:min_confidence_0.4358+pe:min_confidence_0.4519+avoid:ce:low_volatility,3,ce require quality confidence >= 0.4358 | pe require quality confidence >= 0.4519 | Reduce or disable ce trades in Low Volatility,avoid_weak_segment|minimum_confidence,0.0,5.676022507804898,4,4,True,18217,517314.37500000565,1.1863145031437696,0.5134215293407257,28.39734176867792,-143674.4999999983,352.1735940339999,-313.240664485559,0.27315120254303366,3285433.4999999986,0.4541338391047246,69.90335635813382,2624586.749999999,66692,-2768119.124999993,-41.5060145894559,0.732180664039045,0.39701913272956274,-2768261.249999997,285.8090159755271,-257.0192035112149,69.90335635813382,63.10145482708299,76.70525788918465,3.1009372390488735e-90,True
all:min_confidence_0.4358+pe:min_directional_confidence_0.4468+avoid:pe:low_volatility,3,all require quality confidence >= 0.4358 | pe require directional confidence >= 0.4468 | Reduce or disable pe trades in Low Volatility,avoid_weak_segment|minimum_confidence,0.0,5.666495778689342,4,4,True,17906,509646.0000000062,1.185736286933385,0.5136825645035183,28.462303138613102,-139206.37499999872,353.72566046966745,-315.1036546853462,0.2684879745696635,3277765.124999999,0.4535556228943399,69.968317728069,2629054.8749999986,66692,-2768119.124999993,-41.5060145894559,0.732180664039045,0.39701913272956274,-2768261.249999997,285.8090159755271,-257.0192035112149,69.968317728069,63.090580189909495,76.8460552662285,1.8530434530270034e-88,True
all:min_confidence_0.4358+avoid:pe:low_volatility,2,all require quality confidence >= 0.4358 | Reduce or disable pe trades in Low Volatility,avoid_weak_segment|minimum_confidence,0.0,5.651421900649051,4,4,True,18072,507078.0000000058,1.1832901181293916,0.5132248782647189,28.058764940239367,-140381.2499999979,352.94987870619957,-314.48586165738266,0.27097702872908297,3275197.124999999,0.45110945409034653,69.56477952969527,2627879.999999999,66692,-2768119.124999993,-41.5060145894559,0.732180664039045,0.39701913272956274,-2768261.249999997,285.8090159755271,-257.0192035112149,69.56477952969527,62.725218803651245,76.4043402557393,2.021131677002635e-88,True
all:min_confidence_0.4358+ce:min_confidence_0.4358+avoid:pe:low_volatility,3,all require quality confidence >= 0.4358 | ce require quality confidence >= 0.4358 | Reduce or disable pe trades in Low Volatility,avoid_weak_segment|minimum_confidence,0.0,5.651421900649051,4,4,True,18072,507078.0000000058,1.1832901181293916,0.5132248782647189,28.058764940239367,-140381.2499999979,352.94987870619957,-314.48586165738266,0.27097702872908297,3275197.124999999,0.45110945409034653,69.56477952969527,2627879.999999999,66692,-2768119.124999993,-41.5060145894559,0.732180664039045,0.39701913272956274,-2768261.249999997,285.8090159755271,-257.0192035112149,69.56477952969527,62.725218803651245,76.4043402557393,2.021131677002635e-88,True
all:min_confidence_0.4358+pe:min_confidence_0.4519+avoid:pe:low_volatility,3,all require quality confidence >= 0.4358 | pe require quality confidence >= 0.4519 | Reduce or disable pe trades in Low Volatility,avoid_weak_segment|minimum_confidence,0.0,5.648578547439674,4,4,True,18070,506129.62500000576,1.1829473153144774,0.5131710016602103,28.009387105700373,-140381.24999999785,352.92373018440645,-314.48586165738266,0.27094704012475257,3274248.7499999986,0.45076665127543236,69.51540169515627,2627879.9999999995,66692,-2768119.124999993,-41.5060145894559,0.732180664039045,0.39701913272956274,-2768261.249999997,285.8090159755271,-257.0192035112149,69.51540169515627,62.67571657273139,76.35508681758115,2.7008937982673707e-88,True
ce:min_confidence_0.4358+pe:min_confidence_0.4519+avoid:pe:low_volatility,3,ce require quality confidence >= 0.4358 | pe require quality confidence >= 0.4519 | Reduce or disable pe trades in Low Volatility,avoid_weak_segment|minimum_confidence,0.0,5.648578547439674,4,4,True,18070,506129.62500000576,1.1829473153144774,0.5131710016602103,28.009387105700373,-140381.24999999785,352.92373018440645,-314.48586165738266,0.27094704012475257,3274248.7499999986,0.45076665127543236,69.51540169515627,2627879.9999999995,66692,-2768119.124999993,-41.5060145894559,0.732180664039045,0.39701913272956274,-2768261.249999997,285.8090159755271,-257.0192035112149,69.51540169515627,62.67571657273139,76.35508681758115,2.7008937982673707e-88,True
all:min_confidence_0.4358+pe:min_directional_confidence_0.4607+avoid:all:low_volatility,3,all require quality confidence >= 0.4358 | pe require directional confidence >= 0.4607 | Reduce or disable all trades in Low Volatility,avoid_weak_segment|minimum_confidence,0.0,5.643230509687128,4,4,True,17504,498161.2500000057,1.1845938998124115,0.5132541133455211,28.459852033821168,-140365.1249999976,355.8380175868212,-316.74735915492903,0.2624602650992623,3266280.3749999986,0.45241323577336645,69.96586662327707,2627896.1249999995,66692,-2768119.124999993,-41.5060145894559,0.732180664039045,0.39701913272956274,-2768261.249999997,285.8090159755271,-257.0192035112149,69.96586662327707,62.98946443482181,76.94226881173232,5.0655248380152086e-86,True
ce:min_confidence_0.4358+pe:min_directional_confidence_0.4607,2,ce require quality confidence >= 0.4358 | pe require directional confidence >= 0.4607,minimum_confidence,0.0,5.641428978099118,4,4,True,25088,571655.2500000121,1.150756410673546,0.5027503188775511,22.78600326849538,-137288.99999999872,345.958029414097,-303.96099198396746,0.37617705271996643,3339774.375000005,0.4185757466345009,64.29201785795128,2630972.2499999986,66692,-2768119.124999993,-41.5060145894559,0.732180664039045,0.39701913272956274,-2768261.249999997,285.8090159755271,-257.0192035112149,64.29201785795128,58.42344931295814,70.16058640294442,2.8196170519149317e-102,True
ce:min_confidence_0.4358+pe:min_directional_confidence_0.4607+pe:min_directional_confidence_0.4468,3,ce require quality confidence >= 0.4358 | pe require directional confidence >= 0.4607 | pe require directional confidence >= 0.4468,minimum_confidence,0.0,5.641428978099118,4,4,True,25088,571655.2500000121,1.150756410673546,0.5027503188775511,22.78600326849538,-137288.99999999872,345.958029414097,-303.96099198396746,0.37617705271996643,3339774.375000005,0.4185757466345009,64.29201785795128,2630972.2499999986,66692,-2768119.124999993,-41.5060145894559,0.732180664039045,0.39701913272956274,-2768261.249999997,285.8090159755271,-257.0192035112149,64.29201785795128,58.42344931295814,70.16058640294442,2.8196170519149317e-102,True
all:min_confidence_0.4358+pe:min_directional_confidence_0.4468+avoid:all:low_volatility,3,all require quality confidence >= 0.4358 | pe require directional confidence >= 0.4468 | Reduce or disable all trades in Low Volatility,avoid_weak_segment|minimum_confidence,0.0,5.631712183424905,4,4,True,17678,496670.2500000057,1.182293478883229,0.512671116642154,28.09538692159779,-140155.1249999978,355.4269281694804,-316.25815438189153,0.26506927367600314,3264789.3749999986,0.4501128148441841,69.6014015110537,2628106.1249999995,66692,-2768119.124999993,-41.5060145894559,0.732180664039045,0.39701913272956274,-2768261.249999997,285.8090159755271,-257.0192035112149,69.6014015110537,62.663287598802015,76.53951542330537,4.543689182088701e-86,True
all:min_confidence_0.4358+avoid:all:low_volatility,2,all require quality confidence >= 0.4358 | Reduce or disable all trades in Low Volatility,avoid_weak_segment|minimum_confidence,0.0,5.616427515797454,4,4,True,17844,494102.25000000524,1.1798584071956162,0.5122169917058955,27.690105917955908,-141567.74999999703,354.62535557986877,-315.6219554227936,0.26755832783542255,3262221.374999998,0.44767774315657116,69.1961205074118,2626693.5,66692,-2768119.124999993,-41.5060145894559,0.732180664039045,0.39701913272956274,-2768261.249999997,285.8090159755271,-257.0192035112149,69.1961205074118,62.297255954849234,76.09498505997438,4.84705554881857e-86,True
all:min_confidence_0.4358+ce:min_confidence_0.4358+avoid:all:low_volatility,3,all require quality confidence >= 0.4358 | ce require quality confidence >= 0.4358 | Reduce or disable all trades in Low Volatility,avoid_weak_segment|minimum_confidence,0.0,5.616427515797454,4,4,True,17844,494102.25000000524,1.1798584071956162,0.5122169917058955,27.690105917955908,-141567.74999999703,354.62535557986877,-315.6219554227936,0.26755832783542255,3262221.374999998,0.44767774315657116,69.1961205074118,2626693.5,66692,-2768119.124999993,-41.5060145894559,0.732180664039045,0.39701913272956274,-2768261.249999997,285.8090159755271,-257.0192035112149,69.1961205074118,62.297255954849234,76.09498505997438,4.84705554881857e-86,True
all:min_confidence_0.4358+avoid:all:low_volatility+avoid:ce:low_volatility,3,all require quality confidence >= 0.4358 | Reduce or disable all trades in Low Volatility | Reduce or disable ce trades in Low Volatility,avoid_weak_segment|minimum_confidence,0.0,5.616427515797454,4,4,True,17844,494102.25000000524,1.1798584071956162,0.5122169917058955,27.690105917955908,-141567.74999999703,354.62535557986877,-315.6219554227936,0.26755832783542255,3262221.374999998,0.44767774315657116,69.1961205074118,2626693.5,66692,-2768119.124999993,-41.5060145894559,0.732180664039045,0.39701913272956274,-2768261.249999997,285.8090159755271,-257.0192035112149,69.1961205074118,62.297255954849234,76.09498505997438,4.84705554881857e-86,True
all:min_confidence_0.4358+avoid:all:low_volatility+avoid:pe:low_volatility,3,all require quality confidence >= 0.4358 | Reduce or disable all trades in Low Volatility | Reduce or disable pe trades in Low Volatility,avoid_weak_segment|minimum_confidence,0.0,5.616427515797454,4,4,True,17844,494102.25000000524,1.1798584071956162,0.5122169917058955,27.690105917955908,-141567.74999999703,354.62535557986877,-315.6219554227936,0.26755832783542255,3262221.374999998,0.44767774315657116,69.1961205074118,2626693.5,66692,-2768119.124999993,-41.5060145894559,0.732180664039045,0.39701913272956274,-2768261.249999997,285.8090159755271,-257.0192035112149,69.1961205074118,62.297255954849234,76.09498505997438,4.84705554881857e-86,True
all:min_confidence_0.4358+avoid:ce:low_volatility+avoid:pe:low_volatility,3,all require quality confidence >= 0.4358 | Reduce or disable ce trades in Low Volatility | Reduce or disable pe trades in Low Volatility,avoid_weak_segment|minimum_confidence,0.0,5.616427515797454,4,4,True,17844,494102.25000000524,1.1798584071956162,0.5122169917058955,27.690105917955908,-141567.74999999703,354.62535557986877,-315.6219554227936,0.26755832783542255,3262221.374999998,0.44767774315657116,69.1961205074118,2626693.5,66692,-2768119.124999993,-41.5060145894559,0.732180664039045,0.39701913272956274,-2768261.249999997,285.8090159755271,-257.0192035112149,69.1961205074118,62.297255954849234,76.09498505997438,4.84705554881857e-86,True
ce:min_confidence_0.4358+pe:min_directional_confidence_0.4607+avoid:all:mixed,3,ce require quality confidence >= 0.4358 | pe require directional confidence >= 0.4607 | Reduce or disable all trades in mixed,avoid_weak_segment|minimum_confidence,0.0,5.615032129112504,4,4,True,17276,464816.6250000064,1.1768318266501414,0.5059620282472794,26.90533833063246,-85206.74999999488,353.89506349387983,-307.9765817223195,0.25904156420560187,3232935.7499999995,0.4446511626110964,68.41135292008836,2683054.5000000023,66692,-2768119.124999993,-41.5060145894559,0.732180664039045,0.39701913272956274,-2768261.249999997,285.8090159755271,-257.0192035112149,68.41135292008836,61.43851856436641,75.38418727581032,2.0840638229184618e-82,True
all:min_confidence_0.4358+pe:min_confidence_0.4519+avoid:all:low_volatility,3,all require quality confidence >= 0.4358 | pe require quality confidence >= 0.4519 | Reduce or disable all trades in Low Volatility,avoid_weak_segment|minimum_confidence,0.0,5.613567776853789,4,4,True,17842,493153.87500000524,1.1795131887374446,0.5121623136419684,27.640055767290956,-141567.74999999674,354.5991874589626,-315.6219554227936,0.2675283392310922,3261272.999999998,0.44733252469839957,69.14607035674686,2626693.5000000005,66692,-2768119.124999993,-41.5060145894559,0.732180664039045,0.39701913272956274,-2768261.249999997,285.8090159755271,-257.0192035112149,69.14607035674686,62.24707489252179,76.04506582097193,6.461567748184371e-86,True
ce:min_confidence_0.4358+pe:min_confidence_0.4519+avoid:all:low_volatility,3,ce require quality confidence >= 0.4358 | pe require quality confidence >= 0.4519 | Reduce or disable all trades in Low Volatility,avoid_weak_segment|minimum_confidence,0.0,5.613567776853789,4,4,True,17842,493153.87500000524,1.1795131887374446,0.5121623136419684,27.640055767290956,-141567.74999999674,354.5991874589626,-315.6219554227936,0.2675283392310922,3261272.999999998,0.44733252469839957,69.14607035674686,2626693.5000000005,66692,-2768119.124999993,-41.5060145894559,0.732180664039045,0.39701913272956274,-2768261.249999997,285.8090159755271,-257.0192035112149,69.14607035674686,62.24707489252179,76.04506582097193,6.461567748184371e-86,True
ce:min_confidence_0.4358+pe:min_directional_confidence_0.4607+avoid:ce:low_volatility,3,ce require quality confidence >= 0.4358 | pe require directional confidence >= 0.4607 | Reduce or disable ce trades in Low Volatility,avoid_weak_segment|minimum_confidence,0.0,5.610054621085494,4,4,True,24860,558679.5000000114,1.1480904949093218,0.5019308125502816,22.473028962188714,-138475.49999999872,347.1096529892615,-304.68056452915476,0.372758351826306,3326798.6250000047,0.4159098308702768,63.979043551644615,2629785.7499999986,66692,-2768119.124999993,-41.5060145894559,0.732180664039045,0.39701913272956274,-2768261.249999997,285.8090159755271,-257.0192035112149,63.979043551644615,58.076696980318594,69.88139012297063,3.6200692111675556e-100,True
ce:min_confidence_0.4358+pe:min_directional_confidence_0.4607+avoid:pe:low_volatility,3,ce require quality confidence >= 0.4358 | pe require directional confidence >= 0.4607 | Reduce or disable pe trades in Low Volatility,avoid_weak_segment|minimum_confidence,0.0,5.5492731360847944,4,4,True,24461,532511.2500000122,1.1423576413561498,0.5013695270021667,21.769807039778104,-137142.3749999986,348.4319349315073,-306.68672624415785,0.36677562526240026,3300630.375000005,0.4101769773171048,63.275821629234,2631118.8749999986,66692,-2768119.124999993,-41.5060145894559,0.732180664039045,0.39701913272956274,-2768261.249999997,285.8090159755271,-257.0192035112149,63.275821629234,57.31278044456626,69.23886281390175,4.492215446391471e-96,True
ce:min_confidence_0.4358+pe:min_directional_confidence_0.4607+avoid:all:low_volatility,3,ce require quality confidence >= 0.4358 | pe require directional confidence >= 0.4607 | Reduce or disable all trades in Low Volatility,avoid_weak_segment|minimum_confidence,0.0,5.517400548710689,4,4,True,24233,519535.5000000118,1.1396113152008933,0.5005158255271737,21.439173853836166,-138328.87499999843,349.64423076923117,-307.4437685888957,0.3633569243687399,3287654.6250000047,0.4074306511618483,62.94518844329207,2629932.3749999986,66692,-2768119.124999993,-41.5060145894559,0.732180664039045,0.39701913272956274,-2768261.249999997,285.8090159755271,-257.0192035112149,62.94518844329207,56.94652292401234,68.9438539625718,5.458884177705789e-94,True
all:min_directional_confidence_0.4645,1,all require directional confidence >= 0.4645,minimum_confidence,0.0,5.5158786123912495,4,4,True,16042,424159.87500000687,1.1650837588889449,0.5009350455055479,26.440585650168735,-73560.74999999761,372.51387506222056,-320.92950599550306,0.24053859533377317,3192279.0,0.43290309484989986,67.94660023962464,2694700.4999999995,66692,-2768119.124999993,-41.5060145894559,0.732180664039045,0.39701913272956274,-2768261.249999997,285.8090159755271,-257.0192035112149,67.94660023962464,60.5329405639953,75.36025991525399,3.762576595029488e-72,True
all:min_directional_confidence_0.4645+pe:min_directional_confidence_0.4645,2,all require directional confidence >= 0.4645 | pe require directional confidence >= 0.4645,minimum_confidence,0.0,5.5158786123912495,4,4,True,16042,424159.87500000687,1.1650837588889449,0.5009350455055479,26.440585650168735,-73560.74999999761,372.51387506222056,-320.92950599550306,0.24053859533377317,3192279.0,0.43290309484989986,67.94660023962464,2694700.4999999995,66692,-2768119.124999993,-41.5060145894559,0.732180664039045,0.39701913272956274,-2768261.249999997,285.8090159755271,-257.0192035112149,67.94660023962464,60.5329405639953,75.36025991525399,3.762576595029488e-72,True
all:min_directional_confidence_0.4645+pe:min_directional_confidence_0.4607,2,all require directional confidence >= 0.4645 | pe require directional confidence >= 0.4607,minimum_confidence,0.0,5.5158786123912495,4,4,True,16042,424159.87500000687,1.1650837588889449,0.5009350455055479,26.440585650168735,-73560.74999999761,372.51387506222056,-320.92950599550306,0.24053859533377317,3192279.0,0.43290309484989986,67.94660023962464,2694700.4999999995,66692,-2768119.124999993,-41.5060145894559,0.732180664039045,0.39701913272956274,-2768261.249999997,285.8090159755271,-257.0192035112149,67.94660023962464,60.5329405639953,75.36025991525399,3.762576595029488e-72,True
all:min_directional_confidence_0.4645+pe:min_directional_confidence_0.4468,2,all require directional confidence >= 0.4645 | pe require directional confidence >= 0.4468,minimum_confidence,0.0,5.5158786123912495,4,4,True,16042,424159.87500000687,1.1650837588889449,0.5009350455055479,26.440585650168735,-73560.74999999761,372.51387506222056,-320.92950599550306,0.24053859533377317,3192279.0,0.43290309484989986,67.94660023962464,2694700.4999999995,66692,-2768119.124999993,-41.5060145894559,0.732180664039045,0.39701913272956274,-2768261.249999997,285.8090159755271,-257.0192035112149,67.94660023962464,60.5329405639953,75.36025991525399,3.762576595029488e-72,True
all:min_directional_confidence_0.4645+pe:min_directional_confidence_0.4645+pe:min_directional_confidence_0.4607,3,all require directional confidence >= 0.4645 | pe require directional confidence >= 0.4645 | pe require directional confidence >= 0.4607,minimum_confidence,0.0,5.5158786123912495,4,4,True,16042,424159.87500000687,1.1650837588889449,0.5009350455055479,26.440585650168735,-73560.74999999761,372.51387506222056,-320.92950599550306,0.24053859533377317,3192279.0,0.43290309484989986,67.94660023962464,2694700.4999999995,66692,-2768119.124999993,-41.5060145894559,0.732180664039045,0.39701913272956274,-2768261.249999997,285.8090159755271,-257.0192035112149,67.94660023962464,60.5329405639953,75.36025991525399,3.762576595029488e-72,True
all:min_directional_confidence_0.4645+pe:min_directional_confidence_0.4645+pe:min_directional_confidence_0.4468,3,all require directional confidence >= 0.4645 | pe require directional confidence >= 0.4645 | pe require directional confidence >= 0.4468,minimum_confidence,0.0,5.5158786123912495,4,4,True,16042,424159.87500000687,1.1650837588889449,0.5009350455055479,26.440585650168735,-73560.74999999761,372.51387506222056,-320.92950599550306,0.24053859533377317,3192279.0,0.43290309484989986,67.94660023962464,2694700.4999999995,66692,-2768119.124999993,-41.5060145894559,0.732180664039045,0.39701913272956274,-2768261.249999997,285.8090159755271,-257.0192035112149,67.94660023962464,60.5329405639953,75.36025991525399,3.762576595029488e-72,True
all:min_directional_confidence_0.4645+pe:min_directional_confidence_0.4607+pe:min_directional_confidence_0.4468,3,all require directional confidence >= 0.4645 | pe require directional confidence >= 0.4607 | pe require directional confidence >= 0.4468,minimum_confidence,0.0,5.5158786123912495,4,4,True,16042,424159.87500000687,1.1650837588889449,0.5009350455055479,26.440585650168735,-73560.74999999761,372.51387506222056,-320.92950599550306,0.24053859533377317,3192279.0,0.43290309484989986,67.94660023962464,2694700.4999999995,66692,-2768119.124999993,-41.5060145894559,0.732180664039045,0.39701913272956274,-2768261.249999997,285.8090159755271,-257.0192035112149,67.94660023962464,60.5329405639953,75.36025991525399,3.762576595029488e-72,True
all:min_directional_confidence_0.4645+avoid:ce:low_volatility,2,all require directional confidence >= 0.4645 | Reduce or disable ce trades in Low Volatility,avoid_weak_segment|minimum_confidence,0.0,5.513114245061812,4,4,True,16018,423106.1250000067,1.1648114930104176,0.500749157198152,26.414416593832357,-73560.74999999761,372.8111987283387,-321.0219457296484,0.2401787320818089,3191225.2499999995,0.4326308289713726,67.92043118328826,2694700.4999999995,66692,-2768119.124999993,-41.5060145894559,0.732180664039045,0.39701913272956274,-2768261.249999997,285.8090159755271,-257.0192035112149,67.92043118328826,60.49862507562669,75.34223729094983,6.077302731914314e-72,True
all:min_directional_confidence_0.4645+pe:min_directional_confidence_0.4645+avoid:ce:low_volatility,3,all require directional confidence >= 0.4645 | pe require directional confidence >= 0.4645 | Reduce or disable ce trades in Low Volatility,avoid_weak_segment|minimum_confidence,0.0,5.513114245061812,4,4,True,16018,423106.1250000067,1.1648114930104176,0.500749157198152,26.414416593832357,-73560.74999999761,372.8111987283387,-321.0219457296484,0.2401787320818089,3191225.2499999995,0.4326308289713726,67.92043118328826,2694700.4999999995,66692,-2768119.124999993,-41.5060145894559,0.732180664039045,0.39701913272956274,-2768261.249999997,285.8090159755271,-257.0192035112149,67.92043118328826,60.49862507562669,75.34223729094983,6.077302731914314e-72,True
all:min_directional_confidence_0.4645+pe:min_directional_confidence_0.4607+avoid:ce:low_volatility,3,all require directional confidence >= 0.4645 | pe require directional confidence >= 0.4607 | Reduce or disable ce trades in Low Volatility,avoid_weak_segment|minimum_confidence,0.0,5.513114245061812,4,4,True,16018,423106.1250000067,1.1648114930104176,0.500749157198152,26.414416593832357,-73560.74999999761,372.8111987283387,-321.0219457296484,0.2401787320818089,3191225.2499999995,0.4326308289713726,67.92043118328826,2694700.4999999995,66692,-2768119.124999993,-41.5060145894559,0.732180664039045,0.39701913272956274,-2768261.249999997,285.8090159755271,-257.0192035112149,67.92043118328826,60.49862507562669,75.34223729094983,6.077302731914314e-72,True
all:min_directional_confidence_0.4645+pe:min_directional_confidence_0.4468+avoid:ce:low_volatility,3,all require directional confidence >= 0.4645 | pe require directional confidence >= 0.4468 | Reduce or disable ce trades in Low Volatility,avoid_weak_segment|minimum_confidence,0.0,5.513114245061812,4,4,True,16018,423106.1250000067,1.1648114930104176,0.500749157198152,26.414416593832357,-73560.74999999761,372.8111987283387,-321.0219457296484,0.2401787320818089,3191225.2499999995,0.4326308289713726,67.92043118328826,2694700.4999999995,66692,-2768119.124999993,-41.5060145894559,0.732180664039045,0.39701913272956274,-2768261.249999997,285.8090159755271,-257.0192035112149,67.92043118328826,60.49862507562669,75.34223729094983,6.077302731914314e-72,True
ce:min_confidence_0.4358+pe:min_directional_confidence_0.4468+avoid:ce:mixed,3,ce require quality confidence >= 0.4358 | pe require directional confidence >= 0.4468 | Reduce or disable ce trades in mixed,avoid_weak_segment|minimum_confidence,0.0,5.423490147848423,4,4,True,24332,475198.8750000108,1.1294925631014636,0.49449284892322865,19.529791015946525,-129818.24999999924,344.48961103723457,-298.3496036585362,0.36484136028309244,3243318.0000000037,0.3973118990624186,61.03580560540243,2638442.999999998,66692,-2768119.124999993,-41.5060145894559,0.732180664039045,0.39701913272956274,-2768261.249999997,285.8090159755271,-257.0192035112149,61.03580560540243,55.12451397185814,66.94709723894671,4.571594462225787e-91,True
all:min_directional_confidence_0.4645+avoid:pe:low_volatility,2,all require directional confidence >= 0.4645 | Reduce or disable pe trades in Low Volatility,avoid_weak_segment|minimum_confidence,0.0,5.41964846520231,4,4,True,15767,392500.5000000072,1.153838895312719,0.49895351049660686,24.893797171307618,-73560.74999999761,374.2054309139449,-322.95868670886045,0.23641516223834944,3160619.625,0.42165823127367397,66.39981176076353,2694700.4999999995,66692,-2768119.124999993,-41.5060145894559,0.732180664039045,0.39701913272956274,-2768261.249999997,285.8090159755271,-257.0192035112149,66.39981176076353,58.898528683500636,73.90109483802641,1.9891289953535457e-67,True
all:min_directional_confidence_0.4645+pe:min_directional_confidence_0.4645+avoid:pe:low_volatility,3,all require directional confidence >= 0.4645 | pe require directional confidence >= 0.4645 | Reduce or disable pe trades in Low Volatility,avoid_weak_segment|minimum_confidence,0.0,5.41964846520231,4,4,True,15767,392500.5000000072,1.153838895312719,0.49895351049660686,24.893797171307618,-73560.74999999761,374.2054309139449,-322.95868670886045,0.23641516223834944,3160619.625,0.42165823127367397,66.39981176076353,2694700.4999999995,66692,-2768119.124999993,-41.5060145894559,0.732180664039045,0.39701913272956274,-2768261.249999997,285.8090159755271,-257.0192035112149,66.39981176076353,58.898528683500636,73.90109483802641,1.9891289953535457e-67,True
all:min_directional_confidence_0.4645+pe:min_directional_confidence_0.4607+avoid:pe:low_volatility,3,all require directional confidence >= 0.4645 | pe require directional confidence >= 0.4607 | Reduce or disable pe trades in Low Volatility,avoid_weak_segment|minimum_confidence,0.0,5.41964846520231,4,4,True,15767,392500.5000000072,1.153838895312719,0.49895351049660686,24.893797171307618,-73560.74999999761,374.2054309139449,-322.95868670886045,0.23641516223834944,3160619.625,0.42165823127367397,66.39981176076353,2694700.4999999995,66692,-2768119.124999993,-41.5060145894559,0.732180664039045,0.39701913272956274,-2768261.249999997,285.8090159755271,-257.0192035112149,66.39981176076353,58.898528683500636,73.90109483802641,1.9891289953535457e-67,True
all:min_directional_confidence_0.4645+pe:min_directional_confidence_0.4468+avoid:pe:low_volatility,3,all require directional confidence >= 0.4645 | pe require directional confidence >= 0.4468 | Reduce or disable pe trades in Low Volatility,avoid_weak_segment|minimum_confidence,0.0,5.41964846520231,4,4,True,15767,392500.5000000072,1.153838895312719,0.49895351049660686,24.893797171307618,-73560.74999999761,374.2054309139449,-322.95868670886045,0.23641516223834944,3160619.625,0.42165823127367397,66.39981176076353,2694700.4999999995,66692,-2768119.124999993,-41.5060145894559,0.732180664039045,0.39701913272956274,-2768261.249999997,285.8090159755271,-257.0192035112149,66.39981176076353,58.898528683500636,73.90109483802641,1.9891289953535457e-67,True
all:min_directional_confidence_0.4645+avoid:all:low_volatility,2,all require directional confidence >= 0.4645 | Reduce or disable all trades in Low Volatility,avoid_weak_segment|minimum_confidence,0.0,5.416810341379646,4,4,True,15743,391446.750000007,1.1535552282664818,0.49876135425268375,24.864812932732452,-73560.74999999761,374.51238537952173,-323.0546825497399,0.23605529898638516,3159565.875,0.4213745642274368,66.37082752218835,2694700.4999999995,66692,-2768119.124999993,-41.5060145894559,0.732180664039045,0.39701913272956274,-2768261.249999997,285.8090159755271,-257.0192035112149,66.37082752218835,58.8611152881025,73.8805397562742,3.1835107948051946e-67,True
all:min_directional_confidence_0.4645+pe:min_directional_confidence_0.4645+avoid:all:low_volatility,3,all require directional confidence >= 0.4645 | pe require directional confidence >= 0.4645 | Reduce or disable all trades in Low Volatility,avoid_weak_segment|minimum_confidence,0.0,5.416810341379646,4,4,True,15743,391446.750000007,1.1535552282664818,0.49876135425268375,24.864812932732452,-73560.74999999761,374.51238537952173,-323.0546825497399,0.23605529898638516,3159565.875,0.4213745642274368,66.37082752218835,2694700.4999999995,66692,-2768119.124999993,-41.5060145894559,0.732180664039045,0.39701913272956274,-2768261.249999997,285.8090159755271,-257.0192035112149,66.37082752218835,58.8611152881025,73.8805397562742,3.1835107948051946e-67,True
all:min_directional_confidence_0.4645+pe:min_directional_confidence_0.4607+avoid:all:low_volatility,3,all require directional confidence >= 0.4645 | pe require directional confidence >= 0.4607 | Reduce or disable all trades in Low Volatility,avoid_weak_segment|minimum_confidence,0.0,5.416810341379646,4,4,True,15743,391446.750000007,1.1535552282664818,0.49876135425268375,24.864812932732452,-73560.74999999761,374.51238537952173,-323.0546825497399,0.23605529898638516,3159565.875,0.4213745642274368,66.37082752218835,2694700.4999999995,66692,-2768119.124999993,-41.5060145894559,0.732180664039045,0.39701913272956274,-2768261.249999997,285.8090159755271,-257.0192035112149,66.37082752218835,58.8611152881025,73.8805397562742,3.1835107948051946e-67,True
all:min_directional_confidence_0.4645+pe:min_directional_confidence_0.4468+avoid:all:low_volatility,3,all require directional confidence >= 0.4645 | pe require directional confidence >= 0.4468 | Reduce or disable all trades in Low Volatility,avoid_weak_segment|minimum_confidence,0.0,5.416810341379646,4,4,True,15743,391446.750000007,1.1535552282664818,0.49876135425268375,24.864812932732452,-73560.74999999761,374.51238537952173,-323.0546825497399,0.23605529898638516,3159565.875,0.4213745642274368,66.37082752218835,2694700.4999999995,66692,-2768119.124999993,-41.5060145894559,0.732180664039045,0.39701913272956274,-2768261.249999997,285.8090159755271,-257.0192035112149,66.37082752218835,58.8611152881025,73.8805397562742,3.1835107948051946e-67,True
all:min_directional_confidence_0.4645+avoid:all:low_volatility+avoid:ce:low_volatility,3,all require directional confidence >= 0.4645 | Reduce or disable all trades in Low Volatility | Reduce or disable ce trades in Low Volatility,avoid_weak_segment|minimum_confidence,0.0,5.416810341379646,4,4,True,15743,391446.750000007,1.1535552282664818,0.49876135425268375,24.864812932732452,-73560.74999999761,374.51238537952173,-323.0546825497399,0.23605529898638516,3159565.875,0.4213745642274368,66.37082752218835,2694700.4999999995,66692,-2768119.124999993,-41.5060145894559,0.732180664039045,0.39701913272956274,-2768261.249999997,285.8090159755271,-257.0192035112149,66.37082752218835,58.8611152881025,73.8805397562742,3.1835107948051946e-67,True
all:min_directional_confidence_0.4645+avoid:all:low_volatility+avoid:pe:low_volatility,3,all require directional confidence >= 0.4645 | Reduce or disable all trades in Low Volatility | Reduce or disable pe trades in Low Volatility,avoid_weak_segment|minimum_confidence,0.0,5.416810341379646,4,4,True,15743,391446.750000007,1.1535552282664818,0.49876135425268375,24.864812932732452,-73560.74999999761,374.51238537952173,-323.0546825497399,0.23605529898638516,3159565.875,0.4213745642274368,66.37082752218835,2694700.4999999995,66692,-2768119.124999993,-41.5060145894559,0.732180664039045,0.39701913272956274,-2768261.249999997,285.8090159755271,-257.0192035112149,66.37082752218835,58.8611152881025,73.8805397562742,3.1835107948051946e-67,True
all:min_directional_confidence_0.4645+avoid:ce:low_volatility+avoid:pe:low_volatility,3,all require directional confidence >= 0.4645 | Reduce or disable ce trades in Low Volatility | Reduce or disable pe trades in Low Volatility,avoid_weak_segment|minimum_confidence,0.0,5.416810341379646,4,4,True,15743,391446.750000007,1.1535552282664818,0.49876135425268375,24.864812932732452,-73560.74999999761,374.51238537952173,-323.0546825497399,0.23605529898638516,3159565.875,0.4213745642274368,66.37082752218835,2694700.4999999995,66692,-2768119.124999993,-41.5060145894559,0.732180664039045,0.39701913272956274,-2768261.249999997,285.8090159755271,-257.0192035112149,66.37082752218835,58.8611152881025,73.8805397562742,3.1835107948051946e-67,True
ce:min_confidence_0.4358+pe:min_directional_confidence_0.4468+avoid:all:range,3,ce require quality confidence >= 0.4358 | pe require directional confidence >= 0.4468 | Reduce or disable all trades in range,avoid_weak_segment|minimum_confidence,0.0,5.397467695208052,4,4,True,21230,438737.6250000099,1.135638691923848,0.49609043805935,20.665926754593023,-108812.99999999249,348.77923233953726,-302.3560712282666,0.31832903496671267,3206856.750000003,0.4034580278848029,62.171941344048925,2659448.2500000047,66692,-2768119.124999993,-41.5060145894559,0.732180664039045,0.39701913272956274,-2768261.249999997,285.8090159755271,-257.0192035112149,62.171941344048925,55.87666953690675,68.46721315119109,1.7826533767466437e-83,True
ce:min_confidence_0.4358+pe:min_directional_confidence_0.4468+avoid:all:mixed,3,ce require quality confidence >= 0.4358 | pe require directional confidence >= 0.4468 | Reduce or disable all trades in mixed,avoid_weak_segment|minimum_confidence,0.0,5.369402672448101,4,4,True,18806,401811.00000000536,1.1398367838281014,0.49750079761778154,21.3661065617359,-87399.37499999278,350.0683518597695,-304.06650793650766,0.28198284651832306,3169930.124999998,0.40765611978905636,62.872121151191806,2680861.8750000047,66692,-2768119.124999993,-41.5060145894559,0.732180664039045,0.39701913272956274,-2768261.249999997,285.8090159755271,-257.0192035112149,62.872121151191806,56.208368226608385,69.53587407577523,2.3735564420296692e-76,True
all:min_directional_confidence_0.4645+pe:min_confidence_0.4519,2,all require directional confidence >= 0.4645 | pe require quality confidence >= 0.4519,minimum_confidence,0.0,5.367386275132807,4,4,True,14074,354908.6250000051,1.155935899117332,0.5017763251385534,25.217324499076675,-74468.99999999802,372.54306499575233,-324.58506845407834,0.21102980867270438,3123027.749999998,0.42375523507828705,66.72333908853258,2693792.249999999,66692,-2768119.124999993,-41.5060145894559,0.732180664039045,0.39701913272956274,-2768261.249999997,285.8090159755271,-257.0192035112149,66.72333908853258,58.89268869117122,74.55398948589395,1.2942487132988096e-62,True
all:min_directional_confidence_0.4645+pe:min_directional_confidence_0.4645+pe:min_confidence_0.4519,3,all require directional confidence >= 0.4645 | pe require directional confidence >= 0.4645 | pe require quality confidence >= 0.4519,minimum_confidence,0.0,5.367386275132807,4,4,True,14074,354908.6250000051,1.155935899117332,0.5017763251385534,25.217324499076675,-74468.99999999802,372.54306499575233,-324.58506845407834,0.21102980867270438,3123027.749999998,0.42375523507828705,66.72333908853258,2693792.249999999,66692,-2768119.124999993,-41.5060145894559,0.732180664039045,0.39701913272956274,-2768261.249999997,285.8090159755271,-257.0192035112149,66.72333908853258,58.89268869117122,74.55398948589395,1.2942487132988096e-62,True
all:min_directional_confidence_0.4645+pe:min_confidence_0.4519+pe:min_directional_confidence_0.4607,3,all require directional confidence >= 0.4645 | pe require quality confidence >= 0.4519 | pe require directional confidence >= 0.4607,minimum_confidence,0.0,5.367386275132807,4,4,True,14074,354908.6250000051,1.155935899117332,0.5017763251385534,25.217324499076675,-74468.99999999802,372.54306499575233,-324.58506845407834,0.21102980867270438,3123027.749999998,0.42375523507828705,66.72333908853258,2693792.249999999,66692,-2768119.124999993,-41.5060145894559,0.732180664039045,0.39701913272956274,-2768261.249999997,285.8090159755271,-257.0192035112149,66.72333908853258,58.89268869117122,74.55398948589395,1.2942487132988096e-62,True
all:min_directional_confidence_0.4645+pe:min_confidence_0.4519+pe:min_directional_confidence_0.4468,3,all require directional confidence >= 0.4645 | pe require quality confidence >= 0.4519 | pe require directional confidence >= 0.4468,minimum_confidence,0.0,5.367386275132807,4,4,True,14074,354908.6250000051,1.155935899117332,0.5017763251385534,25.217324499076675,-74468.99999999802,372.54306499575233,-324.58506845407834,0.21102980867270438,3123027.749999998,0.42375523507828705,66.72333908853258,2693792.249999999,66692,-2768119.124999993,-41.5060145894559,0.732180664039045,0.39701913272956274,-2768261.249999997,285.8090159755271,-257.0192035112149,66.72333908853258,58.89268869117122,74.55398948589395,1.2942487132988096e-62,True
all:min_directional_confidence_0.4645+pe:min_confidence_0.4519+avoid:ce:low_volatility,3,all require directional confidence >= 0.4645 | pe require quality confidence >= 0.4519 | Reduce or disable ce trades in Low Volatility,avoid_weak_segment|minimum_confidence,0.0,5.364389261446834,4,4,True,14050,353854.87500000495,1.1556198593668412,0.5015658362989324,25.18540035587224,-74468.99999999802,372.8815453384422,-324.6953270027128,0.2106699454207401,3121973.999999998,0.42343919532779617,66.69141494532815,2693792.249999999,66692,-2768119.124999993,-41.5060145894559,0.732180664039045,0.39701913272956274,-2768261.249999997,285.8090159755271,-257.0192035112149,66.69141494532815,58.850818317868594,74.5320115727877,2.109263853087472e-62,True
ce:min_confidence_0.4358+pe:min_directional_confidence_0.4468,2,ce require quality confidence >= 0.4358 | pe require directional confidence >= 0.4468,minimum_confidence,0.0,5.358781106722317,4,4,True,27577,473560.12500001054,1.113075969524227,0.4943612430648729,17.172285781630002,-152303.62499999348,341.9307654221379,-300.34294320137656,0.41349787080909256,3241679.2500000037,0.3808953054851819,58.6783003710859,2615957.6250000037,66692,-2768119.124999993,-41.5060145894559,0.732180664039045,0.39701913272956274,-2768261.249999997,285.8090159755271,-257.0192035112149,58.6783003710859,53.07487280879585,64.28172793337595,1.2918103557179404e-93,True
ce:min_confidence_0.4358+pe:min_directional_confidence_0.4468+avoid:ce:low_volatility,3,ce require quality confidence >= 0.4358 | pe require directional confidence >= 0.4468 | Reduce or disable ce trades in Low Volatility,avoid_weak_segment|minimum_confidence,0.0,5.327536825157512,4,4,True,27349,460584.37500001007,1.1104883635595915,0.4935463819518081,16.840995100369668,-153490.12499999313,342.955085938658,-300.9619070825207,0.41007916991543214,3228703.5000000033,0.37830769952054644,58.34700968982557,2614771.125000004,66692,-2768119.124999993,-41.5060145894559,0.732180664039045,0.39701913272956274,-2768261.249999997,285.8090159755271,-257.0192035112149,58.34700968982557,52.71521825809077,63.978801121560366,1.1340066861862686e-91,True
ce:min_confidence_0.4358+pe:min_directional_confidence_0.4468+avoid:pe:low_volatility,3,ce require quality confidence >= 0.4358 | pe require directional confidence >= 0.4468 | Reduce or disable pe trades in Low Volatility,avoid_weak_segment|minimum_confidence,0.0,5.277481488802541,4,4,True,26787,438014.2500000107,1.1063682551356329,0.4930749990667115,16.351747116138824,-151175.6249999918,344.9362602210785,-303.2553115104201,0.40165237209860255,3206133.3750000037,0.37418759109658783,57.857761705594726,2617085.6250000056,66692,-2768119.124999993,-41.5060145894559,0.732180664039045,0.39701913272956274,-2768261.249999997,285.8090159755271,-257.0192035112149,57.857761705594726,52.15375364821103,63.56176976297842,5.947291986784764e-88,True
all:min_directional_confidence_0.4645+pe:min_confidence_0.4519+avoid:pe:low_volatility,3,all require directional confidence >= 0.4645 | pe require quality confidence >= 0.4519 | Reduce or disable pe trades in Low Volatility,avoid_weak_segment|minimum_confidence,0.0,5.265796395510199,4,4,True,13876,324765.0000000055,1.1433478655313494,0.4991351974632459,23.40479965407938,-74468.99999999802,374.00196722494985,-325.9816726618701,0.2080609368439993,3092884.1249999986,0.41116720149230435,64.91081424353528,2693792.249999999,66692,-2768119.124999993,-41.5060145894559,0.732180664039045,0.39701913272956274,-2768261.249999997,285.8090159755271,-257.0192035112149,64.91081424353528,57.004833114874494,72.81679537219607,2.8903471495847403e-58,True
all:min_directional_confidence_0.4645+pe:min_confidence_0.4519+avoid:all:low_volatility,3,all require directional confidence >= 0.4645 | pe require quality confidence >= 0.4519 | Reduce or disable all trades in Low Volatility,avoid_weak_segment|minimum_confidence,0.0,5.262709786758,4,4,True,13852,323711.25000000536,1.1430184187802266,0.498917123881028,23.36927880450515,-74468.99999999802,374.3502749240346,-326.09472698458393,0.20770107359203502,3091830.374999998,0.41083775474118156,64.87529339396104,2693792.249999999,66692,-2768119.124999993,-41.5060145894559,0.732180664039045,0.39701913272956274,-2768261.249999997,285.8090159755271,-257.0192035112149,64.87529339396104,56.95908948316289,72.7914973047592,4.658566916115864e-58,True
ce:min_confidence_0.4358+pe:min_directional_confidence_0.4468+avoid:all:low_volatility,3,ce require quality confidence >= 0.4358 | pe require directional confidence >= 0.4468 | Reduce or disable all trades in Low Volatility,avoid_weak_segment|minimum_confidence,0.0,5.245764519506183,4,4,True,26559,425038.50000001024,1.1037047230355723,0.4922248578636244,16.003558115893302,-152362.12499999139,346.02491776944885,-303.9111115230605,0.39823367120494213,3193157.6250000033,0.3715240589965273,57.5095727053492,2615899.1250000056,66692,-2768119.124999993,-41.5060145894559,0.732180664039045,0.39701913272956274,-2768261.249999997,285.8090159755271,-257.0192035112149,57.5095727053492,51.775402047355584,63.243743363342816,4.999008020327298e-86,True
