model,target,status,rows,train_rows,calibration_rows,test_rows,auc,pr_auc,average_precision,calibration,ece,brier,threshold,precision,recall,trade_count,selected_positives,expectancy,profit_factor,max_drawdown,net_pnl
lgbm,directional_ce,ok,150000,105000,22500,22500,0.6007580495762306,0.4789171089648398,0.4789171089648398,isotonic_time_split,0.026917879852693716,0.2356905073743052,0.5223214285714285,0.489010989010989,0.019261984633697653,364,178,340.8729395604397,2.4053491562570346,-29365.875000000626,124077.75000000006
lgbm,directional_pe,ok,150000,105000,22500,22500,0.5622520332792883,0.45880682728186445,0.45880682728186445,isotonic_time_split,0.009774026116950687,0.2406485050878954,0.49107142857142855,0.504424778761062,0.006068348770360907,113,57,87.96238938053354,1.5204193827063683,-7003.124999999951,9939.75000000029
lgbm,quality_profitable_ce,ok,150000,105000,22500,22500,0.570721779800278,0.4596098774756801,0.4596098774756801,isotonic_time_split,0.025730271816702302,0.2398329835365332,0.4939516129032257,0.4973544973544973,0.05045625335480408,945,470,231.91746031746175,1.7301420725704546,-59284.874999999156,219162.00000000134
lgbm,quality_profitable_pe,ok,150000,105000,22500,22500,0.5310273685902129,0.44250263431358744,0.44250263431358744,isotonic_time_split,0.011960457978691346,0.24347850543208524,0.4881740775780512,0.47889701744513224,0.08975846429701509,1777,851,67.3702166572891,1.2538943671549054,-73458.3749999999,119716.87500000274
lgbm,target_hit_ce,ok,150000,105000,22500,22500,0.6290767231042065,0.5381258729304352,0.5381258729304352,isotonic_time_split,0.018232400431635733,0.2340871836168424,0.6296296296296297,0.6258992805755396,0.008948775972022217,139,87,592.3327338129467,2.167638111850904,-33210.00000000077,82334.24999999959
lgbm,target_hit_pe,ok,150000,105000,22500,22500,0.5839378200812575,0.5071391913972796,0.5071391913972796,isotonic_time_split,0.016325928208495818,0.24149713978411771,0.58972503617945,0.5781315458734814,0.13976098845452703,2387,1380,100.76173020527915,1.4550399536859375,-54454.50000000029,240518.25000000134
lgbm,stop_hit_ce,ok,150000,105000,22500,22500,0.6524479522903248,0.31012133518221935,0.31012133518221935,isotonic_time_split,0.028642134419159478,0.15320494284636302,0.44525547445255476,0.5743243243243243,0.01892252894033838,148,85,231.15962837837833,1.410730284217019,-43443.74999999999,34211.62499999999
lgbm,stop_hit_pe,ok,150000,105000,22500,22500,0.7017056144877682,0.33584954722423854,0.33584954722423854,isotonic_time_split,0.0193986852285136,0.1437837317512429,0.48148148148148145,0.5084745762711864,0.027707226968367582,236,120,428.097457627119,1.6323903593191051,-50639.24999999993,101031.00000000009
catboost,directional_ce,ok,150000,105000,22500,22500,0.6017704761289074,0.4820385533000214,0.4820385533000214,isotonic_time_split,0.018827352661545803,0.2353354747429537,0.4726695395781356,0.5103042198233563,0.3938967644194351,7133,3640,81.45480513108089,1.3966520921799808,-89085.37499999895,581017.125
catboost,directional_pe,ok,150000,105000,22500,22500,0.5660393832707203,0.46249687636880565,0.46249687636880565,isotonic_time_split,0.008859831462163336,0.2404639023513015,0.49374045801526767,0.495035046728972,0.18045352922389013,3424,1695,52.205497955608465,1.263118064234085,-50619.74999999878,178751.62500000338
catboost,quality_profitable_ce,ok,150000,105000,22500,22500,0.5783339002277958,0.47110716695940735,0.47110716695940735,isotonic_time_split,0.022624840570168794,0.2392183953865194,0.5173745173745173,0.536,0.021578099838969404,375,201,555.3980000000006,2.259108962965648,-38952.374999999796,208274.2500000002
catboost,quality_profitable_pe,ok,150000,105000,22500,22500,0.5341999728290148,0.4443636937949325,0.4443636937949325,isotonic_time_split,0.012367961097304373,0.24316122006953617,0.481198410272088,0.4806899137607799,0.13521780402911085,2667,1282,80.75731158605255,1.35480899732942,-53910.37499999898,215379.75000000215
catboost,target_hit_ce,ok,150000,105000,22500,22500,0.6283207001889981,0.5361655601636466,0.5361655601636466,isotonic_time_split,0.0177798497861563,0.2340370413882784,0.680327868852459,0.6956521739130435,0.02304052664060893,322,224,1034.0881211180154,3.1603202756063635,-39428.25000000023,332976.37500000093
catboost,target_hit_pe,ok,150000,105000,22500,22500,0.5858233069801629,0.5085598183394673,0.5085598183394673,isotonic_time_split,0.022491661939043367,0.24157192956561999,0.5850253807106599,0.5757432751297782,0.12355681588008913,2119,1220,116.54394761680074,1.5280709941880624,-46262.999999999505,246956.62500000076
catboost,stop_hit_ce,ok,150000,105000,22500,22500,0.6502448340462517,0.3104377672490685,0.3104377672490685,isotonic_time_split,0.030488857712859974,0.15360621518690032,0.4745508982035929,0.5164835164835165,0.06277827248441674,546,282,236.1497252747242,1.4968498384458402,-50545.87500000025,128937.74999999942
catboost,stop_hit_pe,ok,150000,105000,22500,22500,0.7042350166264585,0.3449760293191645,0.3449760293191645,isotonic_time_split,0.022042727830081828,0.14332494588308112,0.43859649122807015,0.5555555555555556,0.035788501500808124,279,155,272.36155913978286,1.3225512231150252,-57725.2499999999,75988.87499999942
xgboost,directional_ce,ok,150000,105000,22500,22500,0.5956269929018329,0.4733157300826995,0.4733157300826995,isotonic_time_split,0.026440999595655334,0.2357766481913732,0.45259860157966614,0.4900056043340183,0.5676874797099881,10706,5246,52.06100551092845,1.2691379387459207,-125974.8749999986,557365.125
xgboost,directional_pe,ok,150000,105000,22500,22500,0.5645384294925038,0.4610556315799466,0.4610556315799466,isotonic_time_split,0.00908170809215972,0.24081330047192492,0.5244755148887634,0.5256410256410257,0.013094857872884063,234,123,117.56730769231083,1.7359972711859482,-9578.250000000051,27510.750000000735
xgboost,quality_profitable_ce,ok,150000,105000,22500,22500,0.5712081121478053,0.460579041290206,0.460579041290206,isotonic_time_split,0.02902415955000454,0.23994562477004744,0.5,0.48109965635738833,0.015029522275899088,291,140,173.82345360824846,1.459830027169748,-38056.50000000028,50582.6250000003
xgboost,quality_profitable_pe,ok,150000,105000,22500,22500,0.5360452309326752,0.4485549352295958,0.4485549352295958,isotonic_time_split,0.011367952251434343,0.2435166406533928,0.46346810460090637,0.47501357957631724,0.18447421158105684,3682,1749,54.234451385117765,1.2386889343198704,-89664.75000000019,199691.2500000036
xgboost,target_hit_ce,ok,150000,105000,22500,22500,0.6257711805632812,0.5306833473524876,0.5306833473524876,isotonic_time_split,0.01571192540427048,0.23465968985025182,0.6069363951683044,0.6317204301075269,0.024171981073853117,372,235,234.2822580645151,1.6236679753224872,-54837.00000000099,87152.99999999962
xgboost,target_hit_pe,ok,150000,105000,22500,22500,0.5836050111333099,0.5039090093243818,0.5039090093243818,isotonic_time_split,0.011750599707166368,0.24194332653153988,0.6292682886123657,0.6241758241758242,0.028762406319627305,455,284,206.63489010989102,1.7827323530330028,-32352.375000000386,94018.87500000041
xgboost,stop_hit_ce,ok,150000,105000,22500,22500,0.6517217736017593,0.31051139960338814,0.31051139960338814,isotonic_time_split,0.026818599441150823,0.15344956511313973,0.43681085109710693,0.4404655326768129,0.10952804986642921,1117,492,168.56333930170092,1.450237855045171,-54971.62499999987,188285.24999999994
xgboost,stop_hit_pe,ok,150000,105000,22500,22500,0.7008058679521915,0.33647978645705134,0.33647978645705134,isotonic_time_split,0.015325540504977118,0.1441914048051542,0.3980582654476166,0.4723275208491281,0.1438466866774417,1319,623,144.16631918119703,1.3249975484870784,-77071.49999999991,190155.37499999886
random_forest,directional_ce,ok,150000,105000,22500,22500,0.6016040548773405,0.4813208802769925,0.4813208802769925,isotonic_time_split,0.017920965908985242,0.23611953013513592,0.45676429567642957,0.48051738075990297,0.6432204306893193,12370,5944,37.58764147130139,1.1974535803949573,-128766.75000000116,464959.12499999814
random_forest,directional_pe,ok,150000,105000,22500,22500,0.5665338028719403,0.45986688841418344,0.45986688841418344,isotonic_time_split,0.017192713013775805,0.24030329412975096,0.48438074237412715,0.4662399711529794,0.5506228042159055,11093,5172,2.872216713243134,1.0150196159748468,-223822.8749999944,31861.50000000609
random_forest,quality_profitable_ce,ok,150000,105000,22500,22500,0.578539789782913,0.46814765565521893,0.46814765565521893,isotonic_time_split,0.018738879225655765,0.23949359807329687,0.43335399876007447,0.47866028708133973,0.536983360171766,10450,5002,57.50099282296671,1.2937982563096484,-121385.99999999942,600885.3750000021
random_forest,quality_profitable_pe,ok,150000,105000,22500,22500,0.5364490082359485,0.4454642064244375,0.4454642064244375,isotonic_time_split,0.016151178648531873,0.24327357368125782,0.4682841274481146,0.4527804157433787,0.45258938930492565,9477,4291,16.917735042735796,1.0844811516206958,-126954.37499999719,160329.37500000713
random_forest,target_hit_ce,ok,150000,105000,22500,22500,0.6306015237372633,0.5414633391874736,0.5414633391874736,isotonic_time_split,0.028596506730949586,0.23414125351697485,0.5938242280285034,0.6297844966227083,0.20139888911746553,3109,1958,199.95738179478985,1.7746526917846974,-64137.00000000006,621667.5000000016
random_forest,target_hit_pe,ok,150000,105000,22500,22500,0.5894342090668737,0.5053420490607358,0.5053420490607358,isotonic_time_split,0.025988426716794383,0.2419663319566007,0.5375531412376001,0.5201504567436862,0.3921409763013976,7444,3872,22.827999059645915,1.102098863204951,-106857.00000000026,169931.6250000042
random_forest,stop_hit_ce,ok,150000,105000,22500,22500,0.6511777824182622,0.3002384651168053,0.3002384651168053,isotonic_time_split,0.03997113526888867,0.1550724162216186,0.4353813559322034,0.3829268292682927,0.24465716829919856,2870,1099,157.27774390243889,1.5514729935153642,-76114.12499999971,451387.1249999996
random_forest,stop_hit_pe,ok,150000,105000,22500,22500,0.7032481306155288,0.333727604725568,0.333727604725568,isotonic_time_split,0.03237952859639725,0.14374257027867782,0.4170471841704718,0.4085417252037089,0.3357192334333872,3559,1454,106.51664793481285,1.3370260438944581,-81028.4999999998,379092.74999999895
mlp,directional_ce,ok,150000,105000,22500,22500,0.5994481606452563,0.4819720323695082,0.4819720323695082,isotonic_time_split,0.017077462689878618,0.2356353054060321,0.5028790786948176,0.5092307692307693,0.03581863434693215,650,331,96.13384615384751,1.4699776902183972,-28058.24999999978,62487.00000000089
mlp,directional_pe,ok,150000,105000,22500,22500,0.5630335240938501,0.4574305675125633,0.4574305675125633,isotonic_time_split,0.03141959855001921,0.24133728585539405,0.5371448134200616,0.4742997008430786,0.18567017992121793,3677,1744,3.1277875985856225,1.013577196649107,-139244.6250000006,11500.874999999334
mlp,quality_profitable_ce,ok,150000,105000,22500,22500,0.5,0.414,0.414,isotonic_time_split,0.03448888888888868,0.2437934834567902,0.37951111111111113,0.414,1.0,22500,9315,-15.214150000000188,0.9144039905403097,-724878.3750000043,-342318.37500000425
mlp,quality_profitable_pe,ok,150000,105000,22500,22500,0.5,0.4213777777777778,0.4213777777777778,isotonic_time_split,0.00919999999999993,0.2439031861728396,0.41217777777777775,0.4213777777777778,1.0,22500,9481,-11.798649999999778,0.9329239393616104,-539936.2499999925,-265469.624999995
mlp,target_hit_ce,ok,150000,105000,22500,22500,0.6207800761627139,0.5269764305843575,0.5269764305843575,isotonic_time_split,0.029323574012704166,0.23592806583725112,0.6,0.6463414634146342,0.04906397860522526,738,477,117.04471544715479,1.5858248812297202,-28517.999999999854,86379.00000000023
mlp,target_hit_pe,ok,150000,105000,22500,22500,0.5804342701565787,0.5005303831946074,0.5005303831946074,isotonic_time_split,0.03206490566957298,0.24334873843730737,0.5613057324840763,0.51953125,0.30980352440753495,5888,3059,-18.9735478940215,0.9150609137359779,-234922.49999999668,-111716.2499999986
mlp,stop_hit_ce,ok,150000,105000,22500,22500,0.6462436502941404,0.2913628299557222,0.2913628299557222,isotonic_time_split,0.040291498774134,0.1555366029159556,0.4780701754385965,0.3832271762208068,0.08036509349955476,942,361,161.46974522293084,1.789037834178573,-24705.749999999767,152104.50000000084
mlp,stop_hit_pe,ok,150000,105000,22500,22500,0.6878190044091914,0.3135670297566606,0.3135670297566606,isotonic_time_split,0.041597615181932134,0.14657787845629633,0.47674418604651164,0.4440619621342513,0.0595705379819903,581,258,38.70567986230586,1.1522331832190116,-25808.62500000036,22487.9999999997
