trade_idx,check_bar,eqs,action,actual_pnl,outcome
0,3,43.0,ScaleOut,-135.37500000000546,loss
1,3,70.0,Hold,-112.87500000000546,loss
2,3,38.0,ScaleOut,-78.74999999998363,loss
3,3,70.0,Hold,-144.00000000001637,loss
4,3,45.0,ScaleOut,-249.75000000003277,loss
5,3,65.0,Trail,27.000000000032745,win
6,3,55.0,Trail,-263.25,loss
7,3,58.0,Trail,40.5,win
8,3,38.0,ScaleOut,-218.62499999999451,loss
9,3,70.0,Hold,-37.500000000010914,loss
10,3,38.0,ScaleOut,-193.50000000003277,loss
11,3,70.0,Hold,-40.49999999996726,loss
12,3,35.0,ScaleOut,-231.7499999999673,loss
13,3,73.0,Hold,-2.250000000032742,loss
14,3,55.0,Trail,-247.49999999998363,loss
15,3,53.0,Trail,13.499999999983627,win
16,3,25.0,Exit,-312.7499999999891,loss
17,3,78.0,Hold,139.49999999997817,win
18,3,45.0,ScaleOut,-284.99999999995634,loss
19,3,53.0,Trail,104.24999999994544,win
20,3,25.0,Exit,-281.62500000000546,loss
21,3,78.0,Hold,100.87499999999454,win
22,3,55.0,Trail,-224.25000000002183,loss
23,3,53.0,Trail,43.500000000010914,win
24,3,63.0,Trail,-236.62500000000543,loss
25,3,50.0,Trail,55.87499999999454,win
26,3,25.0,Exit,-151.12499999999454,loss
27,3,73.0,Hold,-26.250000000010917,loss
28,3,45.0,ScaleOut,-221.99999999997272,loss
29,3,58.0,Trail,45.74999999997817,win
30,3,55.0,Trail,-309.75000000000546,loss
31,3,58.0,Trail,133.5000000000109,win
32,3,38.0,ScaleOut,-230.6250000000109,loss
33,3,70.0,Hold,3.375000000021828,win
34,3,25.0,Exit,-164.24999999999454,loss
35,3,80.0,Hold,-62.99999999999454,loss
36,3,55.0,Trail,-267.7499999999891,loss
37,3,58.0,Trail,59.62499999999454,win
38,3,25.0,Exit,-277.87500000000546,loss
39,3,85.0,Hold,69.75000000001091,win
40,3,63.0,Trail,-67.12500000004366,loss
41,3,50.0,Trail,-173.9999999999618,loss
42,3,35.0,ScaleOut,-246.375,loss
43,3,73.0,Hold,6.75,win
44,3,25.0,Exit,-125.24999999998909,loss
45,3,73.0,Hold,-129.75000000000546,loss
46,3,45.0,ScaleOut,-246.74999999999451,loss
47,3,58.0,Trail,7.499999999989086,win
48,3,55.0,Trail,-244.5,loss
49,3,58.0,Trail,3.0,win
50,3,43.0,ScaleOut,-195.0000000000382,loss
51,3,70.0,Hold,24.375000000043656,win
52,3,63.0,Trail,-191.62500000000543,loss
53,3,50.0,Trail,21.000000000010917,win
54,3,25.0,Exit,-252.37500000002183,loss
55,3,78.0,Hold,81.75000000002728,win
56,3,55.0,Trail,-271.4999999999891,loss
57,3,58.0,Trail,100.87499999999454,win
58,3,25.0,Exit,-315.37500000000546,loss
59,3,78.0,Hold,144.7500000000109,win
60,3,25.0,Exit,-208.50000000003277,loss
61,3,73.0,Hold,0.7500000000327418,win
62,3,45.0,ScaleOut,-360.3750000000055,loss
63,3,40.0,ScaleOut,234.7500000000109,win
64,3,53.0,Trail,-22.875000000060027,loss
65,3,40.0,ScaleOut,-160.12499999994543,loss
66,3,40.0,ScaleOut,184.87500000002728,win
67,3,60.0,Trail,-306.7500000000218,loss
68,3,40.0,ScaleOut,242.2500000000109,win
69,3,60.0,Trail,-364.1250000000055,loss
70,3,25.0,Exit,56.249999999989086,win
71,3,63.0,Trail,-221.62499999997817,loss
72,3,45.0,ScaleOut,14.624999999967258,win
73,3,55.0,Trail,-165.3749999999509,loss
74,3,45.0,ScaleOut,29.25,win
75,3,48.0,ScaleOut,-179.99999999998363,loss
76,3,33.0,ScaleOut,118.12500000001636,win
77,3,65.0,Trail,-268.875,loss
78,3,60.0,Trail,184.50000000003277,win
79,3,50.0,Trail,-335.2500000000164,loss
80,3,40.0,ScaleOut,124.1250000000382,win
81,3,70.0,Hold,-303.37500000004366,loss
82,3,33.0,ScaleOut,48.749999999989086,win
83,3,70.0,Hold,-227.99999999999451,loss
84,3,70.0,Hold,-79.49999999994543,loss
85,3,50.0,Trail,-99.75000000006004,loss
86,3,43.0,ScaleOut,-69.37500000001091,loss
87,3,70.0,Hold,-109.87499999999454,loss
88,3,70.0,Hold,-67.50000000001091,loss
89,3,50.0,Trail,-75.37499999997817,loss
90,3,58.0,Trail,-299.24999999999454,loss
91,3,50.0,Trail,156.37500000000546,win
92,3,35.0,ScaleOut,-274.5,loss
93,3,78.0,Hold,164.25,win
94,3,45.0,ScaleOut,-314.99999999998363,loss
95,3,65.0,Trail,204.74999999998363,win
96,3,25.0,Exit,-375.75,loss
97,3,65.0,Trail,265.5,win
98,3,25.0,Exit,-194.99999999998363,loss
99,3,80.0,Hold,65.99999999998363,win
100,3,63.0,Trail,-158.62499999996726,loss
101,3,50.0,Trail,48.37499999996726,win
102,3,50.0,Trail,-117.7499999999618,loss
103,3,70.0,Hold,44.24999999997272,win
104,3,70.0,Hold,-34.500000000027285,loss
105,3,70.0,Hold,-38.9999999999618,loss
106,3,25.0,Exit,-285.3749999999782,loss
107,3,73.0,Hold,211.8749999999891,win
108,3,45.0,ScaleOut,-412.5000000000109,loss
109,3,85.0,Hold,339.0000000000218,win
110,3,25.0,Exit,-351.74999999999454,loss
111,3,65.0,Trail,217.4999999999891,win
112,3,63.0,Trail,-139.87499999996726,loss
113,3,50.0,Trail,-40.87500000001637,loss
114,3,35.0,ScaleOut,-167.2499999999509,loss
115,3,73.0,Hold,-4.125000000032742,loss
116,3,53.0,Trail,-23.25,loss
117,3,50.0,Trail,-148.12499999998363,loss
118,3,25.0,Exit,-239.2499999999673,loss
119,3,85.0,Hold,67.87499999998363,win
120,3,45.0,ScaleOut,-164.99999999998363,loss
121,3,60.0,Trail,-6.375,loss
122,3,45.0,ScaleOut,-123.37500000001636,loss
123,3,65.0,Trail,-47.99999999996726,loss
124,3,63.0,Trail,65.24999999996726,win
125,3,50.0,Trail,-220.4999999999673,loss
126,3,70.0,Hold,175.5,win
127,3,70.0,Hold,-330.75,loss
128,3,50.0,Trail,118.50000000001091,win
129,3,70.0,Hold,-302.25000000000546,loss
130,3,63.0,Trail,-68.62499999996726,loss
131,3,50.0,Trail,-113.62500000004913,loss
132,3,43.0,ScaleOut,-270.7500000000273,loss
133,3,70.0,Hold,187.12500000002183,win
134,3,43.0,ScaleOut,-285.7500000000273,loss
135,3,70.0,Hold,239.62500000002183,win
136,3,35.0,ScaleOut,-369.7500000000328,loss
137,3,78.0,Hold,330.0000000000164,win
138,3,55.0,Trail,-397.8750000000328,loss
139,3,58.0,Trail,358.1250000000164,win
140,3,55.0,Trail,-394.5,loss
141,3,53.0,Trail,354.74999999998363,win
142,3,50.0,Trail,-290.2499999999891,loss
143,3,70.0,Hold,274.4999999999782,win
144,3,35.0,ScaleOut,-299.2500000000491,loss
145,3,73.0,Hold,284.6250000000491,win
146,3,55.0,Trail,-460.87500000004366,loss
147,3,65.0,Trail,506.6250000000382,win
148,3,45.0,ScaleOut,-595.4999999999945,loss
149,3,65.0,Trail,704.9999999999891,win
150,3,25.0,Exit,-532.5000000000109,loss
151,3,65.0,Trail,579.0000000000218,win
152,3,45.0,ScaleOut,-483.7500000000109,loss
153,3,58.0,Trail,481.5000000000218,win
154,3,45.0,ScaleOut,-453.7500000000109,loss
155,3,80.0,Hold,421.5000000000218,win
156,3,45.0,ScaleOut,-355.125,loss
157,3,53.0,Trail,224.25,win
158,3,25.0,Exit,-273.3749999999891,loss
159,3,68.0,Trail,127.12499999999454,win
160,3,25.0,Exit,-254.25000000002183,loss
161,3,73.0,Hold,108.00000000002728,win
162,3,45.0,ScaleOut,-289.12500000000546,loss
163,3,53.0,Trail,142.8750000000109,win
164,3,25.0,Exit,-256.4999999999891,loss
165,3,75.0,Hold,110.24999999999454,win
166,3,25.0,Exit,-182.25000000000543,loss
167,3,75.0,Hold,36.000000000010914,win
168,3,45.0,ScaleOut,-178.87499999997272,loss
169,3,75.0,Hold,32.62499999997817,win
170,3,50.0,Trail,2.250000000010914,win
171,3,70.0,Hold,-148.50000000000546,loss
172,3,60.0,Trail,193.5000000000109,win
173,3,70.0,Hold,-339.75000000000546,loss
174,3,43.0,ScaleOut,-56.62499999997817,loss
175,3,70.0,Hold,-172.5000000000109,loss
176,3,55.0,Trail,-161.2500000000109,loss
177,3,53.0,Trail,-67.87499999997817,loss
178,3,25.0,Exit,-319.12500000000546,loss
179,3,85.0,Hold,152.2500000000109,win
180,3,25.0,Exit,-326.24999999998363,loss
181,3,85.0,Hold,170.99999999998363,win
182,3,55.0,Trail,-301.4999999999345,loss
183,3,58.0,Trail,146.24999999993452,win
184,3,25.0,Exit,-224.99999999998363,loss
185,3,78.0,Hold,69.74999999998363,win
186,3,63.0,Trail,-120.37499999995087,loss
187,3,50.0,Trail,-34.87500000004911,loss
188,3,63.0,Trail,-209.2499999999673,loss
189,3,50.0,Trail,53.99999999996726,win
190,3,43.0,ScaleOut,-140.62499999998363,loss
191,3,70.0,Hold,-14.625000000016373,loss
192,3,35.0,ScaleOut,-226.87499999998363,loss
193,3,73.0,Hold,89.25,win
194,3,55.0,Trail,-356.62500000000546,loss
195,3,65.0,Trail,227.2500000000109,win
196,3,25.0,Exit,-337.49999999998363,loss
197,3,58.0,Trail,188.9999999999673,win
198,3,45.0,ScaleOut,-304.5,loss
199,3,80.0,Hold,123.0,win
200,3,45.0,ScaleOut,-291.375,loss
201,3,65.0,Trail,96.75,win
202,3,28.0,Exit,-179.24999999999454,loss
203,3,70.0,Hold,-60.000000000010914,loss
204,3,33.0,ScaleOut,-70.12500000002728,loss
205,3,70.0,Hold,-169.12499999997817,loss
206,3,48.0,ScaleOut,-164.6249999999618,loss
207,3,50.0,Trail,-74.62500000004366,loss
208,3,58.0,Trail,-206.2500000000109,loss
209,3,50.0,Trail,-32.99999999999454,loss
210,3,25.0,Exit,-172.5000000000109,loss
211,3,73.0,Hold,-66.74999999999454,loss
212,3,45.0,ScaleOut,-175.8749999999618,loss
213,3,60.0,Trail,-63.375000000043656,loss
214,3,55.0,Trail,-246.74999999999451,loss
215,3,58.0,Trail,7.499999999989086,win
216,3,33.0,ScaleOut,-85.49999999996726,loss
217,3,70.0,Hold,-187.87500000003277,loss
218,3,63.0,Trail,-76.50000000001637,loss
219,3,50.0,Trail,-181.1249999999673,loss
220,3,38.0,ScaleOut,-214.8749999999673,loss
221,3,70.0,Hold,-42.75000000001637,loss
222,3,28.0,Exit,-176.99999999997272,loss
223,3,70.0,Hold,-79.12500000000546,loss
224,3,25.0,Exit,-188.62500000002183,loss
225,3,78.0,Hold,-51.37499999997272,loss
226,3,45.0,ScaleOut,-193.1250000000382,loss
227,3,58.0,Trail,-46.87499999995634,loss
228,3,45.0,ScaleOut,-145.8749999999891,loss
229,3,53.0,Trail,-94.12500000000546,loss
230,3,25.0,Exit,-98.62500000002184,loss
231,3,73.0,Hold,-141.37499999997272,loss
232,3,58.0,Trail,-82.87500000000546,loss
233,3,50.0,Trail,-157.1249999999891,loss
234,3,38.0,ScaleOut,-67.50000000006548,loss
235,3,70.0,Hold,-149.62499999993452,loss
236,3,25.0,Exit,74.62499999999454,win
237,3,73.0,Hold,-253.87499999997272,loss
238,3,45.0,ScaleOut,21.750000000027285,win
239,3,58.0,Trail,-201.00000000000543,loss
240,3,58.0,Trail,-9.750000000005455,loss
241,3,50.0,Trail,-169.49999999997272,loss
242,3,45.0,ScaleOut,-121.12500000002184,loss
243,3,48.0,ScaleOut,-134.6249999999891,loss
244,3,25.0,Exit,-51.37499999997272,loss
245,3,68.0,Trail,-204.3750000000382,loss
246,3,48.0,ScaleOut,-59.24999999999454,loss
247,3,45.0,ScaleOut,-181.8750000000109,loss
248,3,48.0,ScaleOut,-104.62500000001636,loss
249,3,50.0,Trail,-106.87499999998364,loss
250,3,43.0,ScaleOut,-69.75000000003274,loss
251,3,70.0,Hold,-141.74999999996726,loss
252,3,70.0,Hold,-111.75000000002184,loss
253,3,50.0,Trail,-91.49999999998909,loss
254,3,38.0,ScaleOut,-252.0,loss
255,3,70.0,Hold,130.5,win
256,3,58.0,Trail,-294.75000000003274,loss
257,3,50.0,Trail,173.25000000003274,win
258,3,35.0,ScaleOut,-364.5,loss
259,3,78.0,Hold,243.0,win
260,3,35.0,ScaleOut,-345.0000000000109,loss
261,3,78.0,Hold,204.00000000002183,win
262,3,45.0,ScaleOut,-341.62500000000546,loss
263,3,58.0,Trail,197.2500000000109,win
264,3,25.0,Exit,-336.375,loss
265,3,73.0,Hold,186.75,win
266,3,25.0,Exit,-366.375,loss
267,3,75.0,Hold,246.75,win
268,3,45.0,ScaleOut,-413.25,loss
269,3,53.0,Trail,340.5,win
270,3,25.0,Exit,-387.0,loss
271,3,68.0,Trail,288.0,win
272,3,25.0,Exit,-349.87499999999454,loss
273,3,75.0,Hold,224.9999999999891,win
274,3,45.0,ScaleOut,-361.12499999999454,loss
275,3,55.0,Trail,236.2499999999891,win
276,3,25.0,Exit,-349.12500000000546,loss
277,3,68.0,Trail,212.2500000000109,win
278,3,53.0,Trail,-188.62499999999451,loss
279,3,45.0,ScaleOut,9.374999999989086,win
280,3,28.0,Exit,-232.5000000000109,loss
281,3,65.0,Trail,53.25000000000546,win
282,3,25.0,Exit,-267.37499999999454,loss
283,3,63.0,Trail,88.12499999998909,win
284,3,25.0,Exit,-413.9999999999891,loss
285,3,75.0,Hold,341.9999999999782,win
286,3,25.0,Exit,-411.375,loss
287,3,75.0,Hold,336.75,win
288,3,45.0,ScaleOut,-386.6250000000055,loss
289,3,75.0,Hold,287.2500000000109,win
290,3,53.0,Trail,-235.125,loss
291,3,50.0,Trail,125.99999999998364,win
292,3,50.0,Trail,-54.00000000001637,loss
293,3,70.0,Hold,-55.125,loss
294,3,50.0,Trail,-134.99999999998363,loss
295,3,70.0,Hold,25.874999999967255,win
296,3,25.0,Exit,-302.625,loss
297,3,73.0,Hold,193.49999999998363,win
298,3,45.0,ScaleOut,-376.8749999999836,loss
299,3,58.0,Trail,267.74999999996726,win
300,3,25.0,Exit,-372.0,loss
301,3,80.0,Hold,258.0,win
302,3,25.0,Exit,-347.625,loss
303,3,73.0,Hold,209.25,win
304,3,45.0,ScaleOut,-336.375,loss
305,3,73.0,Hold,186.75,win
306,3,45.0,ScaleOut,-295.49999999999454,loss
307,3,65.0,Trail,104.99999999998909,win
308,3,28.0,Exit,67.49999999998909,win
309,3,65.0,Trail,-276.74999999999454,loss
310,3,48.0,ScaleOut,56.249999999989086,win
311,3,45.0,ScaleOut,-271.12499999999454,loss
312,3,45.0,ScaleOut,-57.749999999989086,loss
313,3,48.0,ScaleOut,-163.50000000000546,loss
314,3,33.0,ScaleOut,38.99999999999454,win
315,3,70.0,Hold,-260.2499999999891,loss
316,3,40.0,ScaleOut,43.500000000010914,win
317,3,70.0,Hold,-264.75000000000546,loss
318,3,63.0,Trail,-26.999999999972715,loss
319,3,50.0,Trail,-220.50000000002183,loss
320,3,38.0,ScaleOut,-96.75000000002184,loss
321,3,70.0,Hold,-150.74999999997272,loss
322,3,25.0,Exit,-103.50000000000546,loss
323,3,73.0,Hold,-143.9999999999891,loss
324,3,55.0,Trail,-144.7499999999509,loss
325,3,53.0,Trail,-88.50000000003274,loss
326,3,63.0,Trail,-117.75000000001636,loss
327,3,50.0,Trail,-109.87499999996726,loss
328,3,25.0,Exit,-13.875000000027285,loss
329,3,73.0,Hold,-197.24999999997817,loss
330,3,45.0,ScaleOut,-57.750000000043656,loss
331,3,58.0,Trail,-153.3749999999618,loss
332,3,45.0,ScaleOut,-165.75000000002728,loss
333,3,65.0,Trail,-45.37499999997817,loss
334,3,58.0,Trail,19.874999999972715,win
335,3,50.0,Trail,-230.99999999997817,loss
336,3,43.0,ScaleOut,63.749999999989086,win
337,3,70.0,Hold,-274.87499999999454,loss
338,3,63.0,Trail,-37.12500000001637,loss
339,3,50.0,Trail,-101.24999999998364,loss
340,3,63.0,Trail,-102.37500000002184,loss
341,3,50.0,Trail,-31.49999999998909,loss
342,3,70.0,Hold,-127.50000000001091,loss
343,3,50.0,Trail,23.250000000005457,win
344,3,50.0,Trail,-160.125,loss
345,3,70.0,Hold,64.875,win
346,3,85.0,Hold,-208.50000000003277,loss
347,3,35.0,ScaleOut,113.25000000003274,win
348,3,53.0,Trail,-324.3750000000655,loss
349,3,55.0,Trail,229.12500000006548,win
350,3,53.0,Trail,-341.2500000000655,loss
351,3,55.0,Trail,246.00000000006548,win
352,3,50.0,Trail,-390.75,loss
353,3,63.0,Trail,295.5,win
354,3,70.0,Hold,-385.125,loss
355,3,43.0,ScaleOut,284.25,win
356,3,25.0,Exit,-379.1250000000055,loss
357,3,43.0,ScaleOut,272.2500000000109,win
358,3,45.0,ScaleOut,-365.2500000000164,loss
359,3,38.0,ScaleOut,244.50000000003277,win
360,3,25.0,Exit,-354.75000000000546,loss
361,3,35.0,ScaleOut,223.5000000000109,win
362,3,45.0,ScaleOut,-171.74999999996726,loss
363,3,48.0,ScaleOut,-88.50000000003274,loss
364,3,45.0,ScaleOut,-158.25,loss
365,3,48.0,ScaleOut,-102.0,loss
366,3,53.0,Trail,-69.37499999998363,loss
367,3,50.0,Trail,-190.8750000000164,loss
368,3,33.0,ScaleOut,-42.37499999996726,loss
369,3,70.0,Hold,-217.87500000003277,loss
370,3,53.0,Trail,-103.12499999998364,loss
371,3,50.0,Trail,-157.12500000001637,loss
372,3,25.0,Exit,-225.75,loss
373,3,73.0,Hold,-34.5,loss
374,3,45.0,ScaleOut,-189.75000000000543,loss
375,3,53.0,Trail,-78.37499999998909,loss
376,3,45.0,ScaleOut,-217.87500000000543,loss
377,3,58.0,Trail,-50.249999999989086,loss
378,3,45.0,ScaleOut,-195.0000000000109,loss
379,3,53.0,Trail,-77.99999999999454,loss
380,3,25.0,Exit,-164.62500000004366,loss
381,3,73.0,Hold,-108.3749999999618,loss
382,3,58.0,Trail,-150.0000000000109,loss
383,3,50.0,Trail,-122.99999999999454,loss
384,3,38.0,ScaleOut,-142.12500000004366,loss
385,3,70.0,Hold,-130.8749999999618,loss
386,3,43.0,ScaleOut,-67.50000000001091,loss
387,3,70.0,Hold,-197.99999999999451,loss
388,3,58.0,Trail,-190.12500000002728,loss
389,3,50.0,Trail,-75.37499999997817,loss
390,3,38.0,ScaleOut,-210.37500000000543,loss
391,3,70.0,Hold,-53.999999999989086,loss
392,3,73.0,Hold,121.50000000002184,win
393,3,25.0,Exit,-274.5000000000273,loss
394,3,75.0,Hold,188.62499999997272,win
395,3,25.0,Exit,-297.37499999999454,loss
396,3,55.0,Trail,268.49999999995634,win
397,3,45.0,ScaleOut,-377.2499999999782,loss
398,3,75.0,Hold,180.74999999997817,win
399,3,25.0,Exit,-333.3749999999891,loss
400,3,43.0,ScaleOut,78.74999999998909,win
401,3,45.0,ScaleOut,-276.74999999999454,loss
402,3,68.0,Trail,75.37499999998363,win
403,3,25.0,Exit,-258.74999999998363,loss
404,3,48.0,ScaleOut,25.874999999967255,win
405,3,45.0,ScaleOut,-209.2499999999673,loss
406,3,55.0,Trail,52.87499999998363,win
407,3,45.0,ScaleOut,-236.24999999998363,loss
408,3,43.0,ScaleOut,-104.62499999998909,loss
409,3,45.0,ScaleOut,-63.00000000002183,loss
410,3,60.0,Trail,-214.50000000002728,loss
411,3,28.0,Exit,108.37500000002184,win
412,3,68.0,Trail,-262.87500000003274,loss
413,3,25.0,Exit,172.50000000001637,win
414,3,53.0,Trail,-187.49999999998363,loss
415,3,45.0,ScaleOut,97.12499999996726,win
416,3,70.0,Hold,-203.25,loss
417,3,28.0,Exit,112.87499999998364,win
418,3,50.0,Trail,-410.2499999999891,loss
419,3,40.0,ScaleOut,334.4999999999782,win
420,3,70.0,Hold,-368.9999999999891,loss
421,3,50.0,Trail,251.99999999997817,win
422,3,70.0,Hold,-335.2499999999891,loss
423,3,43.0,ScaleOut,184.49999999997817,win
424,3,50.0,Trail,-381.0000000000055,loss
425,3,58.0,Trail,292.8750000000109,win
426,3,50.0,Trail,-334.4999999999727,loss
427,3,58.0,Trail,249.3749999999618,win
428,3,35.0,ScaleOut,-402.0,loss
429,3,85.0,Hold,318.0,win
430,3,55.0,Trail,-384.0000000000164,loss
431,3,65.0,Trail,282.00000000003274,win
432,3,55.0,Trail,-398.9999999999891,loss
433,3,65.0,Trail,311.9999999999782,win
434,3,63.0,Trail,-277.5000000000109,loss
435,3,50.0,Trail,160.12500000000546,win
436,3,35.0,ScaleOut,-247.87500000003277,loss
437,3,73.0,Hold,148.12500000001637,win
438,3,55.0,Trail,-296.2500000000655,loss
439,3,53.0,Trail,229.12500000006548,win
440,3,35.0,ScaleOut,-480.75,loss
441,3,85.0,Hold,475.5,win
442,3,25.0,Exit,-409.5,loss
443,3,80.0,Hold,348.7500000000164,win
444,3,45.0,ScaleOut,-425.2500000000164,loss
445,3,80.0,Hold,364.5000000000328,win
446,3,45.0,ScaleOut,-420.0000000000109,loss
447,3,60.0,Trail,354.0000000000218,win
448,3,53.0,Trail,-269.24999999996726,loss
449,3,50.0,Trail,128.99999999996726,win
450,3,25.0,Exit,-260.2500000000164,loss
451,3,73.0,Hold,120.00000000001636,win
452,3,45.0,ScaleOut,-256.87499999998363,loss
453,3,53.0,Trail,116.62499999998364,win
454,3,25.0,Exit,-375.0000000000109,loss
455,3,80.0,Hold,264.0000000000218,win
456,3,25.0,Exit,-310.5000000000218,loss
457,3,73.0,Hold,135.00000000004366,win
458,3,25.0,Exit,-309.75000000000546,loss
459,3,75.0,Hold,133.5000000000109,win
460,3,45.0,ScaleOut,-319.87499999999454,loss
461,3,55.0,Trail,153.7499999999891,win
462,3,25.0,Exit,-287.2499999999782,loss
463,3,73.0,Hold,88.49999999995634,win
464,3,25.0,Exit,-130.87499999993452,loss
465,3,63.0,Trail,-82.50000000006548,loss
466,3,45.0,ScaleOut,-67.49999999998363,loss
467,3,48.0,ScaleOut,-92.25000000003274,loss
468,3,53.0,Trail,-62.625,loss
469,3,50.0,Trail,-79.5,loss
470,3,28.0,Exit,38.25000000003274,win
471,3,65.0,Trail,-176.62500000003274,loss
472,3,25.0,Exit,-7.874999999950887,loss
473,3,73.0,Hold,-130.5000000000491,loss
474,3,45.0,ScaleOut,-38.62500000002183,loss
475,3,58.0,Trail,-57.749999999989086,loss
476,3,25.0,Exit,64.87500000002728,win
477,3,73.0,Hold,-161.2500000000382,loss
478,3,25.0,Exit,210.00000000004368,win
479,3,73.0,Hold,-306.37500000005457,loss
480,3,45.0,ScaleOut,99.75000000001091,win
481,3,58.0,Trail,-196.12500000002183,loss
482,3,63.0,Trail,190.87499999999451,win
483,3,50.0,Trail,-287.25000000000546,loss
484,3,70.0,Hold,293.2499999999782,win
485,3,35.0,ScaleOut,-389.6249999999891,loss
486,3,70.0,Hold,228.7499999999891,win
487,3,55.0,Trail,-357.37499999999454,loss
488,3,65.0,Trail,113.24999999997816,win
489,3,55.0,Trail,-299.6249999999891,loss
490,3,53.0,Trail,20.625000000043656,win
491,3,55.0,Trail,-198.7500000000382,loss
492,3,78.0,Hold,-32.25000000000546,loss
493,3,35.0,ScaleOut,-145.8749999999891,loss
494,3,58.0,Trail,-43.50000000000546,loss
495,3,55.0,Trail,-134.6249999999891,loss
496,3,58.0,Trail,-35.624999999956344,loss
497,3,55.0,Trail,-142.5000000000382,loss
498,3,50.0,Trail,-169.49999999997272,loss
499,3,63.0,Trail,-8.625000000021828,loss
500,3,50.0,Trail,-123.37499999998909,loss
501,3,70.0,Hold,-32.25000000000546,loss
502,3,70.0,Hold,-42.37500000004911,loss
503,3,50.0,Trail,-76.12499999996726,loss
504,3,50.0,Trail,47.62500000006003,win
505,3,70.0,Hold,-152.62500000005457,loss
506,3,70.0,Hold,237.00000000003277,win
507,3,35.0,ScaleOut,-332.25000000003274,loss
508,3,70.0,Hold,237.00000000003277,win
509,3,25.0,Exit,-332.25000000003274,loss
510,3,73.0,Hold,295.5,win
511,3,45.0,ScaleOut,-390.75,loss
512,3,70.0,Hold,256.5000000000218,win
513,3,35.0,ScaleOut,-371.2500000000109,loss
514,3,50.0,Trail,-48.37500000001637,loss
515,3,63.0,Trail,-140.62499999998363,loss
516,3,73.0,Hold,-9.000000000016371,loss
517,3,35.0,ScaleOut,-179.99999999998363,loss
518,3,58.0,Trail,-6.749999999967258,loss
519,3,45.0,ScaleOut,-182.25000000003277,loss
520,3,80.0,Hold,108.0,win
521,3,25.0,Exit,-297.0,loss
522,3,60.0,Trail,25.5,win
523,3,45.0,ScaleOut,-255.75,loss
524,3,60.0,Trail,-45.37500000003274,loss
525,3,45.0,ScaleOut,-214.1249999999509,loss
526,3,48.0,ScaleOut,-156.74999999996726,loss
527,3,45.0,ScaleOut,-102.75000000001636,loss
528,3,50.0,Trail,-197.25000000003277,loss
529,3,48.0,ScaleOut,-62.24999999995089,loss
530,3,70.0,Hold,-226.5000000000164,loss
531,3,33.0,ScaleOut,-32.99999999996726,loss
532,3,50.0,Trail,-194.6250000000164,loss
533,3,63.0,Trail,-62.99999999996726,loss
534,3,50.0,Trail,-62.62499999997272,loss
535,3,63.0,Trail,-161.62500000000546,loss
536,3,70.0,Hold,1.8749999999618008,win
537,3,38.0,ScaleOut,-189.37499999995637,loss
538,3,50.0,Trail,55.87499999999454,win
539,3,58.0,Trail,-243.3749999999891,loss
540,3,73.0,Hold,111.00000000001091,win
541,3,35.0,ScaleOut,-298.50000000000546,loss
542,3,73.0,Hold,81.00000000001091,win
543,3,35.0,ScaleOut,-283.50000000000546,loss
544,3,78.0,Hold,80.24999999996726,win
545,3,25.0,Exit,-283.12499999998363,loss
546,3,58.0,Trail,78.74999999998909,win
547,3,45.0,ScaleOut,-282.37499999999454,loss
548,3,58.0,Trail,76.49999999996726,win
549,3,45.0,ScaleOut,-281.24999999998363,loss
550,3,73.0,Hold,-9.749999999978172,loss
551,3,25.0,Exit,-237.00000000002728,loss
552,3,73.0,Hold,-12.000000000027285,loss
553,3,25.0,Exit,-234.74999999997817,loss
554,3,75.0,Hold,-7.500000000010914,loss
555,3,25.0,Exit,-239.24999999999451,loss
556,3,53.0,Trail,33.0,win
557,3,45.0,ScaleOut,-259.5,loss
558,3,70.0,Hold,-64.12500000003274,loss
559,3,38.0,ScaleOut,-165.3749999999509,loss
560,3,70.0,Hold,-174.37499999998363,loss
561,3,33.0,ScaleOut,-55.125,loss
562,3,70.0,Hold,-76.50000000001637,loss
563,3,28.0,Exit,-152.99999999996726,loss
564,3,53.0,Trail,-3.375000000016371,loss
565,3,45.0,ScaleOut,-226.1249999999673,loss
566,3,50.0,Trail,-23.624999999967255,loss
567,3,58.0,Trail,-205.8750000000164,loss
568,3,70.0,Hold,-51.74999999996726,loss
569,3,38.0,ScaleOut,-177.75000000001637,loss
570,3,78.0,Hold,-52.87500000003274,loss
571,3,25.0,Exit,-176.6249999999509,loss
572,3,70.0,Hold,-137.62499999997272,loss
573,3,38.0,ScaleOut,-129.75000000000546,loss
574,3,50.0,Trail,-115.8749999999618,loss
575,3,58.0,Trail,-145.12500000002728,loss
576,3,73.0,Hold,-127.50000000001091,loss
577,3,35.0,ScaleOut,-101.62499999997816,loss
578,3,53.0,Trail,-118.49999999997816,loss
579,3,55.0,Trail,-110.62500000001091,loss
580,3,78.0,Hold,-20.24999999998909,loss
581,3,35.0,ScaleOut,-175.50000000002183,loss
582,3,78.0,Hold,-106.8750000000382,loss
583,3,25.0,Exit,-88.87499999997272,loss
584,3,53.0,Trail,-94.50000000005456,loss
585,3,55.0,Trail,-101.24999999995634,loss
586,3,53.0,Trail,-101.2500000000382,loss
587,3,55.0,Trail,-94.49999999997272,loss
588,3,50.0,Trail,-221.62500000006003,loss
589,3,63.0,Trail,57.37500000005457,win
590,3,70.0,Hold,-229.5,loss
591,3,38.0,ScaleOut,102.375,win
592,3,50.0,Trail,-199.87499999999451,loss
593,3,63.0,Trail,76.87499999998909,win
594,3,70.0,Hold,-142.1249999999891,loss
595,3,43.0,ScaleOut,40.12499999997817,win
596,3,70.0,Hold,-254.25000000002183,loss
597,3,43.0,ScaleOut,154.1250000000109,win
598,3,85.0,Hold,-96.75000000002184,loss
599,3,25.0,Exit,-3.374999999989086,loss
600,3,78.0,Hold,-1.125000000021828,loss
601,3,55.0,Trail,-98.99999999998909,loss
602,3,70.0,Hold,-162.3750000000491,loss
603,3,43.0,ScaleOut,84.00000000004911,win
604,3,70.0,Hold,-407.625,loss
605,3,50.0,Trail,329.25,win
606,3,35.0,ScaleOut,-351.375,loss
607,3,85.0,Hold,216.75,win
608,3,25.0,Exit,-296.2500000000109,loss
609,3,85.0,Hold,106.50000000002184,win
610,3,45.0,ScaleOut,-315.0000000000109,loss
611,3,65.0,Trail,144.00000000002183,win
612,3,25.0,Exit,-297.7499999999891,loss
613,3,80.0,Hold,109.49999999997816,win
614,3,45.0,ScaleOut,-260.62499999998363,loss
615,3,53.0,Trail,35.24999999996726,win
616,3,45.0,ScaleOut,-256.4999999999891,loss
617,3,53.0,Trail,26.99999999997817,win
618,3,48.0,ScaleOut,-263.62499999996726,loss
619,3,50.0,Trail,100.87499999996726,win
620,3,25.0,Exit,-331.12499999996726,loss
621,3,68.0,Trail,241.4999999999673,win
622,3,58.0,Trail,-332.2499999999509,loss
623,3,50.0,Trail,242.6249999999509,win
624,3,25.0,Exit,-371.6249999999509,loss
625,3,73.0,Hold,281.9999999999509,win
626,3,28.0,Exit,-265.8749999999345,loss
627,3,70.0,Hold,176.24999999993452,win
628,3,25.0,Exit,-396.375,loss
629,3,80.0,Hold,306.75,win
630,3,45.0,ScaleOut,-383.9999999999891,loss
631,3,60.0,Trail,281.9999999999782,win
632,3,45.0,ScaleOut,-353.9999999999891,loss
633,3,53.0,Trail,221.99999999997817,win
634,3,25.0,Exit,-322.1249999999891,loss
635,3,68.0,Trail,158.24999999997817,win
636,3,25.0,Exit,-274.5000000000273,loss
637,3,75.0,Hold,105.75000000000546,win
638,3,45.0,ScaleOut,-317.2499999999782,loss
639,3,75.0,Hold,148.49999999995634,win
640,3,45.0,ScaleOut,-312.0,loss
641,3,75.0,Hold,138.0,win
642,3,45.0,ScaleOut,-234.3750000000109,loss
643,3,48.0,ScaleOut,-16.124999999994543,loss
644,3,40.0,ScaleOut,68.99999999996726,win
645,3,65.0,Trail,-277.49999999998363,loss
646,3,28.0,Exit,25.874999999994543,win
647,3,65.0,Trail,-255.37500000000543,loss
648,3,45.0,ScaleOut,-34.5,loss
649,3,48.0,ScaleOut,-174.00000000001637,loss
650,3,25.0,Exit,12.000000000060028,win
651,3,73.0,Hold,-193.87500000005457,loss
652,3,48.0,ScaleOut,108.75000000004366,win
653,3,45.0,ScaleOut,-290.6250000000382,loss
654,3,25.0,Exit,23.250000000060027,win
655,3,68.0,Trail,-205.12500000005457,loss
656,3,25.0,Exit,133.87500000006003,win
657,3,68.0,Trail,-297.00000000005457,loss
658,3,48.0,ScaleOut,133.12500000001637,win
659,3,50.0,Trail,-291.00000000003274,loss
660,3,43.0,ScaleOut,214.50000000006003,win
661,3,70.0,Hold,-328.87500000005457,loss
662,3,70.0,Hold,290.24999999996726,win
663,3,50.0,Trail,-388.1249999999836,loss
664,3,50.0,Trail,229.49999999997817,win
665,3,70.0,Hold,-357.7499999999891,loss
666,3,70.0,Hold,201.0000000000109,win
667,3,50.0,Trail,-343.50000000000546,loss
668,3,63.0,Trail,115.87500000004913,win
669,3,50.0,Trail,-299.2500000000491,loss
670,3,38.0,ScaleOut,108.74999999998909,win
671,3,70.0,Hold,-281.6249999999782,loss
672,3,58.0,Trail,41.250000000043656,win
673,3,50.0,Trail,-213.00000000002183,loss
674,3,53.0,Trail,-50.25000000001637,loss
675,3,55.0,Trail,-109.87499999996726,loss
676,3,58.0,Trail,44.25,win
677,3,55.0,Trail,-204.37499999998363,loss
678,3,85.0,Hold,-33.37500000001637,loss
679,3,25.0,Exit,-126.74999999996726,loss
680,3,60.0,Trail,-130.50000000002183,loss
681,3,45.0,ScaleOut,-5.624999999956344,loss
682,3,58.0,Trail,-146.24999999995634,loss
683,3,45.0,ScaleOut,10.124999999978172,win
684,3,73.0,Hold,-290.6250000000109,loss
685,3,25.0,Exit,168.37500000002183,win
686,3,50.0,Trail,-341.6249999999509,loss
687,3,70.0,Hold,220.8749999999673,win
688,3,55.0,Trail,-319.87499999994,loss
689,3,70.0,Hold,211.12499999994543,win
690,3,55.0,Trail,-404.6250000000164,loss
691,3,70.0,Hold,323.25000000003274,win
692,3,35.0,ScaleOut,-331.12499999999454,loss
693,3,85.0,Hold,176.2499999999891,win
694,3,55.0,Trail,-266.62500000000546,loss
695,3,53.0,Trail,47.250000000010914,win
696,3,35.0,ScaleOut,-274.1249999999782,loss
697,3,73.0,Hold,62.24999999995634,win
698,3,25.0,Exit,-248.24999999997272,loss
699,3,78.0,Hold,31.8749999999618,win
700,3,45.0,ScaleOut,-260.62499999995634,loss
701,3,58.0,Trail,44.24999999994543,win
702,3,25.0,Exit,-269.6249999999891,loss
703,3,78.0,Hold,53.24999999997817,win
704,3,45.0,ScaleOut,-196.4999999999345,loss
705,3,53.0,Trail,-30.000000000065484,loss
706,3,25.0,Exit,-185.99999999997817,loss
707,3,78.0,Hold,-30.750000000027285,loss
708,3,25.0,Exit,-135.37499999997817,loss
709,3,73.0,Hold,-81.37500000002728,loss
710,3,45.0,ScaleOut,-130.8749999999618,loss
711,3,53.0,Trail,-85.87500000004366,loss
712,3,45.0,ScaleOut,-74.62500000001637,loss
713,3,53.0,Trail,-132.0,loss
714,3,25.0,Exit,75.00000000001637,win
715,3,68.0,Trail,-247.87500000003277,loss
716,3,48.0,ScaleOut,106.49999999996726,win
717,3,45.0,ScaleOut,-279.37499999998363,loss
718,3,63.0,Trail,114.37500000001636,win
719,3,50.0,Trail,-287.25000000003274,loss
720,3,70.0,Hold,140.24999999996726,win
721,3,50.0,Trail,-313.12499999998363,loss
722,3,28.0,Exit,-236.6249999999509,loss
723,3,60.0,Trail,158.2499999999509,win
724,3,53.0,Trail,-184.8749999999673,loss
725,3,40.0,ScaleOut,106.49999999996726,win
726,3,25.0,Exit,-424.5,loss
727,3,68.0,Trail,363.0,win
728,3,25.0,Exit,-344.24999999996726,loss
729,3,75.0,Hold,262.12499999996726,win
730,3,25.0,Exit,-403.875,loss
731,3,75.0,Hold,321.75,win
732,3,45.0,ScaleOut,-374.24999999999454,loss
733,3,75.0,Hold,262.4999999999891,win
734,3,45.0,ScaleOut,-314.99999999998363,loss
735,3,60.0,Trail,143.99999999996726,win
736,3,28.0,Exit,9.750000000010914,win
737,3,60.0,Trail,-218.62500000002183,loss
738,3,60.0,Trail,17.624999999978172,win
739,3,40.0,ScaleOut,-226.4999999999891,loss
740,3,33.0,ScaleOut,-63.374999999989086,loss
741,3,60.0,Trail,-145.50000000002183,loss
742,3,25.0,Exit,69.75000000001091,win
743,3,63.0,Trail,-231.75000000002183,loss
744,3,45.0,ScaleOut,-141.75000000002183,loss
745,3,55.0,Trail,-20.24999999998909,loss
746,3,45.0,ScaleOut,-74.25000000002183,loss
747,3,48.0,ScaleOut,-87.74999999998909,loss
748,3,33.0,ScaleOut,169.1250000000109,win
749,3,65.0,Trail,-296.62500000000546,loss
750,3,40.0,ScaleOut,231.0000000000109,win
751,3,65.0,Trail,-358.50000000000546,loss
752,3,28.0,Exit,177.75000000002183,win
753,3,65.0,Trail,-331.8750000000109,loss
754,3,60.0,Trail,228.7499999999618,win
755,3,50.0,Trail,-338.2499999999727,loss
756,3,28.0,Exit,176.62499999998363,win
757,3,70.0,Hold,-275.62499999998363,loss
758,3,53.0,Trail,288.0,win
759,3,50.0,Trail,-387.0,loss
760,3,63.0,Trail,107.62500000003274,win
761,3,50.0,Trail,-253.50000000003277,loss
762,3,43.0,ScaleOut,179.6250000000491,win
763,3,70.0,Hold,-325.5000000000491,loss
764,3,70.0,Hold,194.25,win
765,3,50.0,Trail,-340.125,loss
766,3,63.0,Trail,72.00000000000546,win
767,3,50.0,Trail,-246.37500000002728,loss
768,3,43.0,ScaleOut,137.24999999995634,win
769,3,70.0,Hold,-311.6249999999782,loss
770,3,43.0,ScaleOut,124.49999999997816,win
771,3,70.0,Hold,-305.2499999999891,loss
772,3,70.0,Hold,-14.625000000043656,loss
773,3,50.0,Trail,-176.62499999997817,loss
774,3,50.0,Trail,45.37499999995634,win
775,3,70.0,Hold,-212.24999999997817,loss
776,3,35.0,ScaleOut,72.37499999997272,win
777,3,78.0,Hold,-239.24999999999451,loss
778,3,55.0,Trail,-137.99999999999454,loss
779,3,58.0,Trail,-28.875000000027285,loss
780,3,35.0,ScaleOut,-122.99999999999454,loss
781,3,85.0,Hold,-20.625000000010917,loss
782,3,70.0,Hold,198.7499999999891,win
783,3,50.0,Trail,-342.37499999999454,loss
784,3,65.0,Trail,58.49999999998363,win
785,3,55.0,Trail,-237.3749999999673,loss
786,3,58.0,Trail,128.25000000003274,win
787,3,55.0,Trail,-307.1250000000164,loss
788,3,70.0,Hold,-64.87500000002183,loss
789,3,38.0,ScaleOut,-96.37499999997272,loss
790,3,70.0,Hold,-181.87499999995637,loss
791,3,38.0,ScaleOut,20.6249999999618,win
792,3,85.0,Hold,-19.875000000021828,loss
793,3,35.0,ScaleOut,-141.37499999997272,loss
794,3,65.0,Trail,-44.624999999989086,loss
795,3,55.0,Trail,-116.62500000000546,loss
796,3,78.0,Hold,-122.25000000000546,loss
797,3,35.0,ScaleOut,-38.999999999989086,loss
798,3,78.0,Hold,-254.99999999995637,loss
799,3,35.0,ScaleOut,93.7499999999618,win
800,3,53.0,Trail,-216.75000000002183,loss
801,3,55.0,Trail,55.500000000027285,win
802,3,50.0,Trail,-193.1250000000382,loss
803,3,58.0,Trail,44.250000000027285,win
804,3,70.0,Hold,-300.0000000000382,loss
805,3,50.0,Trail,151.12500000002728,win
806,3,50.0,Trail,-242.62500000005457,loss
807,3,43.0,ScaleOut,93.75000000004366,win
808,3,70.0,Hold,-132.7499999999618,loss
809,3,50.0,Trail,-10.125000000027285,loss
810,3,78.0,Hold,-107.99999999999454,loss
811,3,35.0,ScaleOut,-34.87499999999454,loss
812,3,78.0,Hold,200.25000000002183,win
813,3,55.0,Trail,-343.1250000000109,loss
814,3,85.0,Hold,126.75,win
815,3,35.0,ScaleOut,-306.375,loss
816,3,50.0,Trail,-127.12500000001636,loss
817,3,58.0,Trail,-102.37499999996726,loss
818,3,78.0,Hold,-47.24999999995089,loss
819,3,35.0,ScaleOut,-182.25000000003277,loss
820,3,78.0,Hold,-144.00000000001637,loss
821,3,35.0,ScaleOut,-85.49999999996726,loss
822,3,53.0,Trail,-130.87499999993452,loss
823,3,55.0,Trail,-76.87500000006548,loss
824,3,73.0,Hold,-175.8749999999618,loss
825,3,35.0,ScaleOut,-25.125000000027285,loss
826,3,73.0,Hold,-309.37499999995634,loss
827,3,35.0,ScaleOut,150.74999999997817,win
828,3,53.0,Trail,-217.1249999999891,loss
829,3,55.0,Trail,58.500000000010914,win
830,3,50.0,Trail,-278.62499999994,loss
831,3,70.0,Hold,128.62499999994543,win
832,3,70.0,Hold,-336.00000000000546,loss
833,3,50.0,Trail,186.0000000000109,win
834,3,50.0,Trail,-317.25000000000546,loss
835,3,70.0,Hold,148.5000000000109,win
836,3,78.0,Hold,-148.49999999997817,loss
837,3,35.0,ScaleOut,-49.500000000027285,loss
838,3,50.0,Trail,-195.75000000002728,loss
839,3,58.0,Trail,-2.249999999978172,loss
840,3,70.0,Hold,-188.9999999999618,loss
841,3,43.0,ScaleOut,-9.000000000043656,loss
842,3,70.0,Hold,-287.99999999999454,loss
843,3,50.0,Trail,89.99999999998909,win
844,3,25.0,Exit,-280.5000000000218,loss
845,3,85.0,Hold,75.00000000004366,win
846,3,55.0,Trail,-252.37500000002183,loss
847,3,58.0,Trail,18.750000000043656,win
848,3,25.0,Exit,-283.50000000000546,loss
849,3,78.0,Hold,81.00000000001091,win
850,3,45.0,ScaleOut,-198.74999999995637,loss
851,3,53.0,Trail,-1.8750000000381988,loss
852,3,55.0,Trail,-252.7499999999618,loss
853,3,53.0,Trail,66.74999999997272,win
854,3,63.0,Trail,-187.5000000000109,loss
855,3,50.0,Trail,1.500000000021828,win
856,3,38.0,ScaleOut,-217.87499999997817,loss
857,3,70.0,Hold,59.999999999989086,win
858,3,58.0,Trail,-248.25000000002728,loss
859,3,50.0,Trail,90.3750000000382,win
860,3,35.0,ScaleOut,-328.1250000000109,loss
861,3,78.0,Hold,170.25000000002183,win
862,3,25.0,Exit,-273.74999999998363,loss
863,3,78.0,Hold,93.0,win
864,3,45.0,ScaleOut,-305.2500000000164,loss
865,3,58.0,Trail,124.50000000003274,win
866,3,25.0,Exit,-294.0000000000164,loss
867,3,80.0,Hold,102.00000000003274,win
868,3,45.0,ScaleOut,-247.49999999998363,loss
869,3,53.0,Trail,24.74999999998363,win
870,3,45.0,ScaleOut,-263.25,loss
871,3,60.0,Trail,40.5,win
872,3,45.0,ScaleOut,-67.87499999997817,loss
873,3,48.0,ScaleOut,-121.87500000001091,loss
874,3,25.0,Exit,-21.749999999994543,loss
875,3,73.0,Hold,-167.99999999999454,loss
876,3,45.0,ScaleOut,137.62500000003274,win
877,3,53.0,Trail,-269.6250000000164,loss
878,3,45.0,ScaleOut,112.49999999998909,win
879,3,53.0,Trail,-232.87499999997817,loss
880,3,28.0,Exit,393.7499999999891,win
881,3,65.0,Trail,-439.87499999999454,loss
882,3,53.0,Trail,415.5,win
883,3,50.0,Trail,-450.75,loss
884,3,25.0,Exit,362.2500000000109,win
885,3,73.0,Hold,-401.6250000000055,loss
886,3,63.0,Trail,407.2500000000109,win
887,3,50.0,Trail,-446.6250000000055,loss
888,3,38.0,ScaleOut,408.3750000000218,win
889,3,70.0,Hold,-426.3750000000273,loss
890,3,85.0,Hold,449.9999999999891,win
891,3,35.0,ScaleOut,-467.99999999999454,loss
892,3,58.0,Trail,355.1249999999782,win
893,3,55.0,Trail,-406.4999999999891,loss
894,3,65.0,Trail,383.2499999999782,win
895,3,25.0,Exit,-434.6249999999891,loss
896,3,65.0,Trail,209.9999999999618,win
897,3,45.0,ScaleOut,-324.37499999995634,loss
898,3,65.0,Trail,257.2500000000109,win
899,3,25.0,Exit,-371.6250000000055,loss
900,3,60.0,Trail,110.24999999996726,win
901,3,45.0,ScaleOut,-298.12499999998363,loss
902,3,50.0,Trail,-324.3750000000109,loss
903,3,58.0,Trail,270.75000000000546,win
904,3,70.0,Hold,-352.5000000000109,loss
905,3,43.0,ScaleOut,298.87500000000546,win
906,3,78.0,Hold,-350.25000000004366,loss
907,3,35.0,ScaleOut,296.6250000000382,win
908,3,58.0,Trail,-292.8749999999782,loss
909,3,55.0,Trail,239.24999999997272,win
910,3,73.0,Hold,-313.1250000000109,loss
911,3,35.0,ScaleOut,293.25000000000546,win
912,3,50.0,Trail,-494.6249999999891,loss
913,3,70.0,Hold,503.2499999999782,win
914,3,70.0,Hold,-472.8750000000055,loss
915,3,43.0,ScaleOut,459.7500000000109,win
916,3,25.0,Exit,-488.62499999999454,loss
917,3,85.0,Hold,491.2499999999891,win
918,3,25.0,Exit,-460.49999999999454,loss
919,3,78.0,Hold,434.9999999999891,win
920,3,45.0,ScaleOut,-464.6250000000164,loss
921,3,78.0,Hold,443.2500000000328,win
922,3,45.0,ScaleOut,-417.0,loss
923,3,75.0,Hold,348.0,win
924,3,25.0,Exit,-322.87500000000546,loss
925,3,68.0,Trail,159.7500000000109,win
926,3,48.0,ScaleOut,-204.75000000000543,loss
927,3,40.0,ScaleOut,2.250000000010914,win
928,3,25.0,Exit,-405.0000000000109,loss
929,3,75.0,Hold,324.0000000000218,win
930,3,45.0,ScaleOut,-388.5000000000055,loss
931,3,55.0,Trail,291.0000000000109,win
932,3,45.0,ScaleOut,-385.125,loss
933,3,48.0,ScaleOut,284.25,win
934,3,25.0,Exit,-202.5000000000109,loss
935,3,68.0,Trail,132.75000000002183,win
936,3,48.0,ScaleOut,40.49999999997272,win
937,3,45.0,ScaleOut,-31.4999999999618,loss
938,3,25.0,Exit,-52.87499999997817,loss
939,3,75.0,Hold,61.874999999989086,win
940,3,48.0,ScaleOut,114.74999999995634,win
941,3,45.0,ScaleOut,-105.74999999994544,loss
942,3,25.0,Exit,31.500000000021828,win
943,3,68.0,Trail,-22.500000000010917,loss
944,3,48.0,ScaleOut,139.50000000000546,win
945,3,45.0,ScaleOut,-130.49999999999454,loss
946,3,25.0,Exit,107.99999999997272,win
947,3,45.0,ScaleOut,-98.9999999999618,loss
948,3,45.0,ScaleOut,94.50000000000546,win
949,3,45.0,ScaleOut,-85.49999999999454,loss
950,3,25.0,Exit,74.24999999997272,win
951,3,45.0,ScaleOut,-65.2499999999618,loss
952,3,40.0,ScaleOut,504.0000000000218,win
953,3,35.0,ScaleOut,-495.0000000000109,loss
954,3,33.0,ScaleOut,337.4999999999891,win
955,3,55.0,Trail,-411.74999999999454,loss
956,3,25.0,Exit,340.5,win
957,3,55.0,Trail,-413.25,loss
958,3,70.0,Hold,-23.625000000021828,loss
959,3,43.0,ScaleOut,-128.24999999997272,loss
960,3,70.0,Hold,-259.8750000000218,loss
961,3,70.0,Hold,108.00000000002728,win
962,3,70.0,Hold,15.749999999978172,win
963,3,43.0,ScaleOut,-167.62499999997272,loss
964,3,53.0,Trail,107.99999999994544,win
965,3,55.0,Trail,-259.87499999994,loss
966,3,78.0,Hold,182.2500000000109,win
967,3,35.0,ScaleOut,-334.12500000000546,loss
968,3,73.0,Hold,100.87499999996726,win
969,3,35.0,ScaleOut,-269.24999999996726,loss
970,3,50.0,Trail,89.24999999997272,win
971,3,58.0,Trail,-234.74999999997817,loss
972,3,70.0,Hold,72.00000000003274,win
973,3,38.0,ScaleOut,-203.6250000000491,loss
974,3,70.0,Hold,57.375,win
975,3,25.0,Exit,-189.0000000000164,loss
976,3,70.0,Hold,108.0,win
977,3,55.0,Trail,-239.6250000000164,loss
978,3,70.0,Hold,112.50000000001636,win
979,3,35.0,ScaleOut,-244.12500000003277,loss
980,3,50.0,Trail,-354.37499999998363,loss
981,3,70.0,Hold,222.7499999999673,win
982,3,70.0,Hold,-268.12499999995634,loss
983,3,38.0,ScaleOut,64.87499999994543,win
984,3,50.0,Trail,-292.87500000000546,loss
985,3,63.0,Trail,112.12499999999454,win
986,3,73.0,Hold,-265.8749999999891,loss
987,3,35.0,ScaleOut,85.12499999997817,win
988,3,50.0,Trail,-280.5000000000218,loss
989,3,70.0,Hold,99.75000000001091,win
990,3,70.0,Hold,-216.00000000000543,loss
991,3,50.0,Trail,47.250000000010914,win
992,3,70.0,Hold,-317.25000000000546,loss
993,3,70.0,Hold,148.5000000000109,win
994,3,58.0,Trail,-127.50000000001091,loss
995,3,55.0,Trail,-77.99999999999454,loss
996,3,58.0,Trail,-85.87500000004366,loss
997,3,55.0,Trail,-119.6249999999618,loss
998,3,70.0,Hold,-324.37499999998363,loss
999,3,38.0,ScaleOut,173.99999999996726,win
1000,3,70.0,Hold,-398.25,loss
1001,3,38.0,ScaleOut,310.5,win
1002,3,50.0,Trail,-424.1249999999509,loss
1003,3,70.0,Hold,386.9999999999509,win
1004,3,70.0,Hold,-486.74999999999454,loss
1005,3,43.0,ScaleOut,537.0000000000055,win
1006,3,50.0,Trail,-565.4999999999945,loss
1007,3,70.0,Hold,644.9999999999891,win
1008,3,50.0,Trail,-462.7500000000164,loss
1009,3,58.0,Trail,490.1250000000328,win
1010,3,70.0,Hold,-513.3750000000164,loss
1011,3,38.0,ScaleOut,540.7500000000327,win
1012,3,40.0,ScaleOut,-499.5,loss
1013,3,63.0,Trail,513.0,win
1014,3,70.0,Hold,-470.9999999999782,loss
1015,3,38.0,ScaleOut,476.2499999999891,win
1016,3,25.0,Exit,-491.2500000000109,loss
1017,3,80.0,Hold,496.5000000000218,win
1018,3,45.0,ScaleOut,-448.8750000000273,loss
1019,3,73.0,Hold,436.5000000000218,win
1020,3,45.0,ScaleOut,-538.4999999999782,loss
1021,3,80.0,Hold,590.9999999999563,win
1022,3,25.0,Exit,-525.0000000000109,loss
1023,3,60.0,Trail,564.0000000000218,win
1024,3,45.0,ScaleOut,-511.4999999999891,loss
1025,3,48.0,ScaleOut,536.9999999999782,win
1026,3,45.0,ScaleOut,-456.375,loss
1027,3,75.0,Hold,426.75,win
1028,3,53.0,Trail,-264.7499999999782,loss
1029,3,45.0,ScaleOut,199.87499999997272,win
1030,3,33.0,ScaleOut,-177.00000000002728,loss
1031,3,65.0,Trail,112.12500000002184,win
1032,3,33.0,ScaleOut,-135.37499999997817,loss
1033,3,65.0,Trail,70.49999999997272,win
1034,3,45.0,ScaleOut,-421.12499999999454,loss
1035,3,60.0,Trail,356.2499999999891,win
1036,3,25.0,Exit,-388.4999999999782,loss
1037,3,73.0,Hold,290.99999999995634,win
1038,3,25.0,Exit,-350.62499999998363,loss
1039,3,75.0,Hold,215.2499999999673,win
1040,3,45.0,ScaleOut,-349.87499999999454,loss
1041,3,75.0,Hold,213.7499999999891,win
1042,3,45.0,ScaleOut,-333.3749999999891,loss
1043,3,75.0,Hold,180.74999999997817,win
1044,3,45.0,ScaleOut,-268.50000000000546,loss
1045,3,55.0,Trail,51.000000000010914,win
1046,3,53.0,Trail,-164.62500000001637,loss
1047,3,45.0,ScaleOut,-75.75,loss
1048,3,33.0,ScaleOut,-17.250000000032742,loss
1049,3,65.0,Trail,-223.12499999998363,loss
1050,3,53.0,Trail,-18.37500000001637,loss
1051,3,45.0,ScaleOut,-222.0,loss
1052,3,25.0,Exit,548.6250000000546,win
1053,3,75.0,Hold,-399.75000000006,loss
1054,3,45.0,ScaleOut,602.6250000000055,win
1055,3,48.0,ScaleOut,-453.7500000000109,loss
1056,3,45.0,ScaleOut,446.2499999999891,win
1057,3,40.0,ScaleOut,-297.37499999999454,loss
1058,3,40.0,ScaleOut,836.2499999999891,win
1059,3,60.0,Trail,-661.1249999999945,loss
1060,3,60.0,Trail,822.7500000000218,win
1061,3,40.0,ScaleOut,-654.3750000000109,loss
1062,3,53.0,Trail,658.8750000000055,win
1063,3,45.0,ScaleOut,-555.0000000000109,loss
1064,3,60.0,Trail,693.7499999999891,win
1065,3,50.0,Trail,-589.8749999999945,loss
1066,3,60.0,Trail,678.0,win
1067,3,35.0,ScaleOut,-582.0,loss
1068,3,60.0,Trail,561.75,win
1069,3,55.0,Trail,-523.875,loss
1070,3,45.0,ScaleOut,434.25,win
1071,3,35.0,ScaleOut,-460.125,loss
1072,3,70.0,Hold,-100.87499999998909,loss
1073,3,70.0,Hold,46.49999999999454,win
1074,3,53.0,Trail,166.49999999999454,win
1075,3,55.0,Trail,-210.37500000000543,loss
1076,3,58.0,Trail,360.00000000004366,win
1077,3,35.0,ScaleOut,-360.0000000000382,loss
1078,3,53.0,Trail,270.00000000004366,win
1079,3,55.0,Trail,-270.0000000000382,loss
1080,3,58.0,Trail,210.3750000000109,win
1081,3,55.0,Trail,-210.37500000000543,loss
1082,3,50.0,Trail,-70.87499999998909,loss
1083,3,70.0,Hold,70.87499999999454,win
1084,3,70.0,Hold,-47.25000000000546,loss
1085,3,70.0,Hold,47.250000000010914,win
1086,3,50.0,Trail,137.2500000000109,win
1087,3,55.0,Trail,-137.25000000000546,loss
1088,3,58.0,Trail,486.0000000000109,win
1089,3,35.0,ScaleOut,-486.0000000000055,loss
1090,3,85.0,Hold,389.2500000000273,win
1091,3,25.0,Exit,-424.1250000000055,loss
1092,3,85.0,Hold,416.25000000004366,win
1093,3,45.0,ScaleOut,-451.1250000000218,loss
1094,3,70.0,Hold,400.5,win
1095,3,25.0,Exit,-443.25,loss
1096,3,50.0,Trail,75.37499999995634,win
1097,3,58.0,Trail,-235.12499999994543,loss
1098,3,70.0,Hold,43.87500000000546,win
1099,3,38.0,ScaleOut,-203.62499999999451,loss
1100,3,50.0,Trail,-36.75000000002183,loss
1101,3,70.0,Hold,-97.49999999995634,loss
1102,3,73.0,Hold,191.6250000000109,win
1103,3,35.0,ScaleOut,-325.8749999999891,loss
1104,3,78.0,Hold,145.50000000002728,win
1105,3,35.0,ScaleOut,-279.75000000000546,loss
1106,3,58.0,Trail,199.49999999997817,win
1107,3,55.0,Trail,-333.74999999995634,loss
1108,3,78.0,Hold,156.75000000002728,win
1109,3,35.0,ScaleOut,-291.00000000000546,loss
1110,3,50.0,Trail,57.74999999999454,win
1111,3,63.0,Trail,-191.99999999997272,loss
1112,3,50.0,Trail,112.87500000001091,win
1113,3,25.0,Exit,-247.1249999999891,loss
1114,3,65.0,Trail,54.375000000043656,win
1115,3,45.0,ScaleOut,-187.5000000000382,loss
1116,3,50.0,Trail,154.50000000006003,win
1117,3,25.0,Exit,-225.75000000005457,loss
1118,3,73.0,Hold,-338.2499999999727,loss
1119,3,25.0,Exit,266.9999999999782,win
1120,3,50.0,Trail,-320.2499999999891,loss
1121,3,63.0,Trail,248.99999999999451,win
1122,3,70.0,Hold,-338.2499999999727,loss
1123,3,43.0,ScaleOut,266.9999999999782,win
1124,3,50.0,Trail,-476.6250000000055,loss
1125,3,50.0,Trail,467.2500000000109,win
1126,3,70.0,Hold,-460.49999999999454,loss
1127,3,50.0,Trail,434.9999999999891,win
1128,3,70.0,Hold,-487.8750000000055,loss
1129,3,50.0,Trail,489.7500000000109,win
1130,3,78.0,Hold,-348.0000000000218,loss
1131,3,35.0,ScaleOut,291.0000000000109,win
1132,3,50.0,Trail,-368.25000000005457,loss
1133,3,63.0,Trail,311.25000000004366,win
1134,3,50.0,Trail,-396.37500000005457,loss
1135,3,70.0,Hold,339.37500000004366,win
1136,3,70.0,Hold,-428.9999999999891,loss
1137,3,70.0,Hold,371.9999999999782,win
1138,3,73.0,Hold,-365.2500000000164,loss
1139,3,35.0,ScaleOut,251.2500000000164,win
1140,3,58.0,Trail,-179.62500000001637,loss
1141,3,55.0,Trail,65.62500000001637,win
1142,3,25.0,Exit,-269.24999999996726,loss
1143,3,85.0,Hold,157.12499999996726,win
1144,3,45.0,ScaleOut,-275.2499999999891,loss
1145,3,58.0,Trail,209.62499999999451,win
1146,3,45.0,ScaleOut,-223.50000000000543,loss
1147,3,85.0,Hold,157.8750000000109,win
1148,3,45.0,ScaleOut,102.74999999999454,win
1149,3,65.0,Trail,-168.3749999999891,loss
1150,3,63.0,Trail,265.87499999999454,win
1151,3,50.0,Trail,-331.4999999999891,loss
1152,3,50.0,Trail,422.2500000000109,win
1153,3,70.0,Hold,-454.1250000000055,loss
1154,3,50.0,Trail,443.2499999999782,win
1155,3,70.0,Hold,-464.6249999999891,loss
1156,3,70.0,Hold,535.5,win
1157,3,50.0,Trail,-510.75,loss
1158,3,43.0,ScaleOut,509.25,win
1159,3,70.0,Hold,-497.625,loss
1160,3,85.0,Hold,550.5,win
1161,3,35.0,ScaleOut,-518.25,loss
1162,3,65.0,Trail,485.62500000004366,win
1163,3,55.0,Trail,-481.8750000000382,loss
1164,3,65.0,Trail,493.5000000000109,win
1165,3,55.0,Trail,-489.7500000000055,loss
1166,3,78.0,Hold,373.5000000000109,win
1167,3,35.0,ScaleOut,-429.7500000000055,loss
1168,3,50.0,Trail,273.7499999999891,win
1169,3,58.0,Trail,-369.7499999999782,loss
1170,3,78.0,Hold,290.6249999999891,win
1171,3,25.0,Exit,-386.6249999999782,loss
1172,3,65.0,Trail,289.50000000000546,win
1173,3,45.0,ScaleOut,-385.49999999999454,loss
1174,3,65.0,Trail,294.0000000000218,win
1175,3,25.0,Exit,-390.0000000000109,loss
1176,3,53.0,Trail,213.0,win
1177,3,45.0,ScaleOut,-349.5,loss
1178,3,80.0,Hold,173.25000000003274,win
1179,3,25.0,Exit,-329.6250000000164,loss
1180,3,53.0,Trail,-108.3749999999618,loss
1181,3,45.0,ScaleOut,-85.87500000004366,loss
1182,3,68.0,Trail,-128.99999999993452,loss
1183,3,25.0,Exit,-41.25000000006549,loss
1184,3,50.0,Trail,-32.25000000000546,loss
1185,3,60.0,Trail,-32.25000000000546,loss
1186,3,70.0,Hold,90.00000000001637,win
1187,3,33.0,ScaleOut,-132.75000000001637,loss
1188,3,50.0,Trail,167.24999999995634,win
1189,3,53.0,Trail,-169.12499999997817,loss
1190,3,50.0,Trail,346.1249999999727,win
1191,3,63.0,Trail,-347.99999999999454,loss
1192,3,70.0,Hold,269.6250000000218,win
1193,3,43.0,ScaleOut,-271.50000000004366,loss
1194,3,50.0,Trail,305.6249999999891,win
1195,3,63.0,Trail,-307.5000000000109,loss
1196,3,85.0,Hold,482.24999999995634,win
1197,3,25.0,Exit,-484.1249999999782,loss
1198,3,58.0,Trail,388.8750000000055,win
1199,3,45.0,ScaleOut,-424.5000000000273,loss
1200,3,65.0,Trail,414.74999999995634,win
1201,3,25.0,Exit,-450.3749999999782,loss
1202,3,80.0,Hold,350.24999999996726,win
1203,3,25.0,Exit,-418.1249999999836,loss
1204,3,73.0,Hold,599.9999999999891,win
1205,3,45.0,ScaleOut,-542.9999999999945,loss
1206,3,75.0,Hold,488.99999999996726,win
1207,3,25.0,Exit,-487.4999999999836,loss
1208,3,48.0,ScaleOut,259.12499999998363,win
1209,3,45.0,ScaleOut,-344.99999999998363,loss
1210,3,65.0,Trail,193.8749999999509,win
1211,3,33.0,ScaleOut,-279.7499999999509,loss
1212,3,65.0,Trail,71.25000000001637,win
1213,3,33.0,ScaleOut,-157.12500000001637,loss
1214,3,53.0,Trail,253.49999999998363,win
1215,3,45.0,ScaleOut,-339.37499999998363,loss
1216,3,53.0,Trail,314.25,win
1217,3,45.0,ScaleOut,-400.125,loss
1218,3,65.0,Trail,292.87499999995634,win
1219,3,28.0,Exit,-353.9999999999618,loss
1220,3,73.0,Hold,315.37499999998363,win
1221,3,25.0,Exit,-350.62499999998363,loss
1222,3,80.0,Hold,415.5,win
1223,3,25.0,Exit,-450.75,loss
1224,3,73.0,Hold,371.2499999999891,win
1225,3,45.0,ScaleOut,-428.62499999999454,loss
1226,3,65.0,Trail,288.7499999999891,win
1227,3,45.0,ScaleOut,-387.37499999999454,loss
1228,3,70.0,Hold,-190.8749999999891,loss
1229,3,53.0,Trail,75.74999999997817,win
1230,3,70.0,Hold,-53.62500000002183,loss
1231,3,40.0,ScaleOut,-61.499999999989086,loss
1232,3,35.0,ScaleOut,239.24999999997272,win
1233,3,85.0,Hold,-196.12499999999451,loss
1234,3,35.0,ScaleOut,295.4999999999727,win
1235,3,85.0,Hold,-252.37499999999451,loss
1236,3,55.0,Trail,352.87499999995634,win
1237,3,58.0,Trail,-309.7499999999782,loss
1238,3,63.0,Trail,429.3749999999891,win
1239,3,50.0,Trail,-386.2500000000109,loss
1240,3,50.0,Trail,572.2499999999563,win
1241,3,70.0,Hold,-529.1249999999782,loss
1242,3,50.0,Trail,533.9999999999673,win
1243,3,70.0,Hold,-509.9999999999836,loss
1244,3,43.0,ScaleOut,430.5,win
1245,3,70.0,Hold,-458.25,loss
1246,3,80.0,Hold,383.2499999999782,win
1247,3,25.0,Exit,-434.6249999999891,loss
1248,3,80.0,Hold,346.1249999999727,win
1249,3,25.0,Exit,-409.87499999999454,loss
1250,3,80.0,Hold,358.49999999995634,win
1251,3,45.0,ScaleOut,-422.2499999999782,loss
1252,3,65.0,Trail,176.2499999999891,win
1253,3,45.0,ScaleOut,-331.12499999999454,loss
1254,3,70.0,Hold,-3.375000000043656,loss
1255,3,33.0,ScaleOut,-194.6249999999618,loss
1256,3,65.0,Trail,-164.24999999999454,loss
1257,3,40.0,ScaleOut,-33.750000000010914,loss
1258,3,50.0,Trail,78.74999999998909,win
1259,3,48.0,ScaleOut,-276.74999999999454,loss
1260,3,73.0,Hold,11.999999999950887,win
1261,3,25.0,Exit,-135.3749999999509,loss
1262,3,53.0,Trail,-142.87499999997817,loss
1263,3,45.0,ScaleOut,142.87499999995634,win
1264,3,58.0,Trail,-107.99999999999454,loss
1265,3,45.0,ScaleOut,107.99999999997272,win
1266,3,70.0,Hold,-207.00000000002728,loss
1267,3,28.0,Exit,207.00000000000543,win
1268,3,65.0,Trail,-231.74999999999451,loss
1269,3,28.0,Exit,231.74999999997272,win
1270,3,50.0,Trail,-182.24999999997817,loss
1271,3,48.0,ScaleOut,182.24999999995637,win
1272,3,80.0,Hold,-189.00000000004368,loss
1273,3,25.0,Exit,189.00000000002183,win
1274,3,60.0,Trail,-210.0000000000109,loss
1275,3,45.0,ScaleOut,216.37500000000543,win
1276,3,58.0,Trail,-244.87500000002183,loss
1277,3,45.0,ScaleOut,321.0000000000109,win
1278,3,35.0,ScaleOut,-604.8749999999945,loss
1279,3,60.0,Trail,723.7499999999891,win
1280,3,45.0,ScaleOut,-587.2500000000055,loss
1281,3,53.0,Trail,688.5000000000109,win
1282,3,55.0,Trail,-543.7500000000109,loss
1283,3,45.0,ScaleOut,601.5000000000218,win
1284,3,63.0,Trail,-299.24999999999454,loss
1285,3,70.0,Hold,269.9999999999891,win
1286,3,70.0,Hold,70.87499999993997,win
1287,3,70.0,Hold,-100.12499999994544,loss
1288,3,70.0,Hold,-184.50000000002728,loss
1289,3,50.0,Trail,155.25000000002183,win
1290,3,35.0,ScaleOut,-456.74999999999454,loss
1291,3,58.0,Trail,427.4999999999891,win
1292,3,45.0,ScaleOut,-390.0000000000109,loss
1293,3,85.0,Hold,334.50000000000546,win
1294,3,25.0,Exit,-476.2499999999836,loss
1295,3,85.0,Hold,466.49999999996726,win
1296,3,45.0,ScaleOut,-312.7500000000164,loss
1297,3,58.0,Trail,231.75,win
1298,3,63.0,Trail,-150.75,loss
1299,3,85.0,Hold,69.74999999998363,win
1300,3,70.0,Hold,-76.50000000001637,loss
1301,3,70.0,Hold,130.5,win
1302,3,45.0,ScaleOut,31.499999999994543,win
1303,3,70.0,Hold,42.74999999999454,win
1304,3,55.0,Trail,-385.8749999999891,loss
1305,3,58.0,Trail,460.1249999999782,win
1306,3,35.0,ScaleOut,-587.625,loss
1307,3,65.0,Trail,689.25,win
1308,3,55.0,Trail,-477.7500000000164,loss
1309,3,65.0,Trail,492.0000000000328,win
1310,3,55.0,Trail,-500.2500000000164,loss
1311,3,58.0,Trail,514.5000000000327,win
1312,3,25.0,Exit,-395.6249999999836,loss
1313,3,85.0,Hold,359.25,win
1314,3,45.0,ScaleOut,-386.6250000000328,loss
1315,3,65.0,Trail,350.2500000000491,win
1316,3,25.0,Exit,-449.6250000000164,loss
1317,3,85.0,Hold,413.2500000000328,win
1318,3,25.0,Exit,-303.3750000000164,loss
1319,3,70.0,Hold,182.62500000003277,win
1320,3,45.0,ScaleOut,-362.99999999996726,loss
1321,3,73.0,Hold,242.24999999998363,win
1322,3,45.0,ScaleOut,-303.3750000000164,loss
1323,3,70.0,Hold,182.62500000003277,win
1324,3,25.0,Exit,101.62499999998364,win
1325,3,73.0,Hold,-222.3749999999673,loss
1326,3,70.0,Hold,162.375,win
1327,3,50.0,Trail,-283.12499999998363,loss
1328,3,33.0,ScaleOut,123.0,win
1329,3,70.0,Hold,-243.74999999998363,loss
1330,3,25.0,Exit,204.37500000004368,win
1331,3,50.0,Trail,-285.0000000000382,loss
1332,3,25.0,Exit,-165.74999999997272,loss
1333,3,78.0,Hold,85.12499999997817,win
1334,3,28.0,Exit,8.625000000027285,win
1335,3,50.0,Trail,-89.25000000002183,loss
1336,3,38.0,ScaleOut,-87.0,loss
1337,3,70.0,Hold,18.75000000001637,win
1338,3,25.0,Exit,-11.625000000032742,loss
1339,3,50.0,Trail,-56.62499999995089,loss
1340,3,35.0,ScaleOut,-417.7500000000164,loss
1341,3,73.0,Hold,349.50000000003274,win
1342,3,43.0,ScaleOut,-130.5000000000491,loss
1343,3,70.0,Hold,42.75000000004911,win
1344,3,58.0,Trail,-308.62499999999454,loss
1345,3,50.0,Trail,243.7499999999891,win
1346,3,25.0,Exit,-421.4999999999891,loss
1347,3,53.0,Trail,356.9999999999782,win
1348,3,45.0,ScaleOut,-325.8750000000164,loss
1349,3,50.0,Trail,245.6250000000164,win
1350,3,55.0,Trail,-436.4999999999891,loss
1351,3,50.0,Trail,386.9999999999782,win
1352,3,35.0,ScaleOut,-188.24999999994543,loss
1353,3,73.0,Hold,38.99999999993997,win
1354,3,45.0,ScaleOut,-11.624999999978172,loss
1355,3,53.0,Trail,-137.62500000002728,loss
1356,3,55.0,Trail,-336.74999999999454,loss
1357,3,85.0,Hold,187.4999999999891,win
1358,3,38.0,ScaleOut,-235.8749999999891,loss
1359,3,70.0,Hold,30.74999999997817,win
1360,3,38.0,ScaleOut,-86.24999999995634,loss
1361,3,70.0,Hold,-118.87500000005456,loss
1362,3,45.0,ScaleOut,-270.7499999999727,loss
1363,3,65.0,Trail,65.6249999999618,win
1364,3,45.0,ScaleOut,-236.99999999997272,loss
1365,3,65.0,Trail,31.8749999999618,win
1366,3,58.0,Trail,-113.24999999997272,loss
1367,3,50.0,Trail,-91.8750000000382,loss
1368,3,25.0,Exit,-17.624999999972715,loss
1369,3,78.0,Hold,-187.5000000000382,loss
1370,3,70.0,Hold,50.25000000002183,win
1371,3,50.0,Trail,-222.00000000002728,loss
1372,3,35.0,ScaleOut,-47.62499999994543,loss
1373,3,85.0,Hold,-124.12500000006004,loss
1374,3,38.0,ScaleOut,142.4999999999891,win
1375,3,50.0,Trail,-314.24999999999454,loss
1376,3,35.0,ScaleOut,-100.49999999999454,loss
1377,3,73.0,Hold,-32.99999999999454,loss
1378,3,35.0,ScaleOut,226.50000000002183,win
1379,3,70.0,Hold,-356.2500000000109,loss
1380,3,55.0,Trail,-73.12500000001091,loss
1381,3,58.0,Trail,-80.99999999997817,loss
1382,3,70.0,Hold,-249.0000000000164,loss
1383,3,38.0,ScaleOut,243.7500000000164,win
1384,3,40.0,ScaleOut,-308.6250000000491,loss
1385,3,43.0,ScaleOut,303.3750000000491,win
1386,3,25.0,Exit,-200.62500000006548,loss
1387,3,70.0,Hold,195.37500000006548,win
1388,3,45.0,ScaleOut,-199.5,loss
1389,3,70.0,Hold,194.25,win
1390,3,55.0,Trail,110.99999999998364,win
1391,3,80.0,Hold,-116.24999999998364,loss
1392,3,70.0,Hold,430.5,win
1393,3,70.0,Hold,-435.75,loss
1394,3,70.0,Hold,475.5,win
1395,3,70.0,Hold,-480.75,loss
1396,3,50.0,Trail,141.74999999997272,win
1397,3,50.0,Trail,-130.49999999999454,loss
1398,3,50.0,Trail,-97.87499999997816,loss
1399,3,70.0,Hold,109.12499999995634,win
1400,3,35.0,ScaleOut,-274.5000000000273,loss
1401,3,73.0,Hold,285.75000000000546,win
1402,3,55.0,Trail,-497.2499999999782,loss
1403,3,85.0,Hold,508.49999999995634,win
1404,3,55.0,Trail,-490.8749999999891,loss
1405,3,85.0,Hold,495.7499999999782,win
1406,3,35.0,ScaleOut,-415.49999999999454,loss
1407,3,58.0,Trail,344.9999999999891,win
1408,3,45.0,ScaleOut,-341.2500000000109,loss
1409,3,85.0,Hold,221.2499999999891,win
1410,3,55.0,Trail,-365.9999999999782,loss
1411,3,85.0,Hold,245.99999999995637,win
1412,3,35.0,ScaleOut,-216.375,loss
1413,3,78.0,Hold,48.0,win
1414,3,25.0,Exit,-99.37499999998364,loss
1415,3,85.0,Hold,-69.00000000001637,loss
1416,3,55.0,Trail,-283.875,loss
1417,3,78.0,Hold,115.5,win
1418,3,35.0,ScaleOut,-119.62499999993452,loss
1419,3,73.0,Hold,-48.75000000006549,loss
1420,3,43.0,ScaleOut,130.5,win
1421,3,70.0,Hold,-280.125,loss
1422,3,63.0,Trail,-43.875,loss
1423,3,50.0,Trail,-105.75,loss
1424,3,35.0,ScaleOut,-98.99999999993452,loss
1425,3,73.0,Hold,-50.62500000006549,loss
1426,3,63.0,Trail,-85.49999999996726,loss
1427,3,50.0,Trail,-7.875000000032742,loss
1428,3,63.0,Trail,-169.87499999996726,loss
1429,3,50.0,Trail,76.49999999996726,win
1430,3,50.0,Trail,-106.12499999999454,loss
1431,3,70.0,Hold,28.875000000005457,win
1432,3,35.0,ScaleOut,-219.74999999997817,loss
1433,3,78.0,Hold,142.4999999999891,win
1434,3,55.0,Trail,-342.37499999999454,loss
1435,3,65.0,Trail,265.12500000000546,win
1436,3,35.0,ScaleOut,-408.7500000000109,loss
1437,3,65.0,Trail,331.5000000000218,win
1438,3,45.0,ScaleOut,-323.25,loss
1439,3,65.0,Trail,160.5,win
1440,3,45.0,ScaleOut,-315.0000000000109,loss
1441,3,65.0,Trail,144.00000000002183,win
1442,3,25.0,Exit,-272.99999999999454,loss
1443,3,78.0,Hold,59.999999999989086,win
1444,3,25.0,Exit,-217.87500000003277,loss
1445,3,80.0,Hold,-25.499999999967255,loss
1446,3,45.0,ScaleOut,-247.5000000000109,loss
1447,3,58.0,Trail,9.000000000021828,win
1448,3,25.0,Exit,-240.0000000000109,loss
1449,3,85.0,Hold,-5.999999999978172,loss
1450,3,48.0,ScaleOut,-39.000000000043656,loss
1451,3,50.0,Trail,-191.99999999994543,loss
1452,3,25.0,Exit,-115.87500000001636,loss
1453,3,78.0,Hold,-96.74999999996726,loss
1454,3,53.0,Trail,105.37500000001091,win
1455,3,50.0,Trail,-288.3749999999891,loss
1456,3,25.0,Exit,123.0,win
1457,3,73.0,Hold,-271.87499999998363,loss
1458,3,45.0,ScaleOut,198.3749999999673,win
1459,3,53.0,Trail,-329.24999999996726,loss
1460,3,63.0,Trail,264.3749999999891,win
1461,3,50.0,Trail,-328.4999999999782,loss
1462,3,38.0,ScaleOut,316.49999999996726,win
1463,3,70.0,Hold,-375.3749999999509,loss
1464,3,45.0,ScaleOut,404.24999999994543,win
1465,3,53.0,Trail,-436.12499999994,loss
1466,3,55.0,Trail,317.6249999999509,win
1467,3,53.0,Trail,-307.8749999999509,loss
1468,3,70.0,Hold,417.74999999996726,win
1469,3,50.0,Trail,-407.99999999996726,loss
1470,3,50.0,Trail,505.5,win
1471,3,70.0,Hold,-495.75,loss
1472,3,70.0,Hold,413.99999999996726,win
1473,3,50.0,Trail,-449.9999999999836,loss
1474,3,70.0,Hold,319.4999999999782,win
1475,3,50.0,Trail,-402.7499999999891,loss
1476,3,50.0,Trail,282.74999999996726,win
1477,3,70.0,Hold,-384.3749999999836,loss
1478,3,43.0,ScaleOut,223.49999999995637,win
1479,3,25.0,Exit,-354.7499999999782,loss
1480,3,60.0,Trail,268.5000000000109,win
1481,3,45.0,ScaleOut,-377.2500000000055,loss
1482,3,80.0,Hold,232.50000000004368,win
1483,3,25.0,Exit,-359.2500000000218,loss
1484,3,80.0,Hold,99.00000000002184,win
1485,3,25.0,Exit,-292.5000000000109,loss
1486,3,53.0,Trail,128.99999999996726,win
1487,3,45.0,ScaleOut,-307.49999999998363,loss
1488,3,50.0,Trail,80.25000000002183,win
1489,3,53.0,Trail,-248.25000000002728,loss
1490,3,70.0,Hold,-7.874999999950887,loss
1491,3,28.0,Exit,-141.7500000000491,loss
1492,3,50.0,Trail,109.50000000000546,win
1493,3,53.0,Trail,-221.2500000000109,loss
1494,3,73.0,Hold,266.2499999999891,win
1495,3,25.0,Exit,-376.12499999999454,loss
1496,3,73.0,Hold,169.49999999997817,win
1497,3,25.0,Exit,-278.2499999999727,loss
1498,3,80.0,Hold,383.62499999994543,win
1499,3,25.0,Exit,-434.24999999994,loss
1500,3,60.0,Trail,384.7500000000109,win
1501,3,45.0,ScaleOut,-435.3750000000055,loss
1502,3,80.0,Hold,334.50000000003274,win
1503,3,25.0,Exit,-410.2500000000164,loss
1504,3,68.0,Trail,215.2499999999673,win
1505,3,25.0,Exit,-340.49999999996726,loss
1506,3,53.0,Trail,258.7499999999891,win
1507,3,45.0,ScaleOut,-372.37499999999454,loss
1508,3,73.0,Hold,249.7500000000109,win
1509,3,25.0,Exit,-367.8750000000055,loss
1510,3,75.0,Hold,204.7500000000109,win
1511,3,25.0,Exit,-345.37500000000546,loss
1512,3,55.0,Trail,176.2499999999891,win
1513,3,45.0,ScaleOut,-331.12499999999454,loss
1514,3,75.0,Hold,139.49999999997817,win
1515,3,25.0,Exit,-312.7499999999891,loss
1516,3,75.0,Hold,63.749999999989086,win
1517,3,25.0,Exit,-274.87499999999454,loss
1518,3,55.0,Trail,59.999999999989086,win
1519,3,45.0,ScaleOut,-272.99999999999454,loss
1520,3,75.0,Hold,-1.499999999989086,loss
1521,3,25.0,Exit,-213.00000000002183,loss
1522,3,43.0,ScaleOut,-175.8749999999891,loss
1523,3,45.0,ScaleOut,-38.62500000002183,loss
1524,3,48.0,ScaleOut,-151.12500000002183,loss
1525,3,45.0,ScaleOut,-63.374999999989086,loss
1526,3,45.0,ScaleOut,-201.75000000002183,loss
1527,3,53.0,Trail,-12.749999999989086,loss
1528,3,70.0,Hold,-277.87500000000546,loss
1529,3,50.0,Trail,104.62499999999454,win
1530,3,70.0,Hold,-326.62500000000546,loss
1531,3,33.0,ScaleOut,167.2500000000109,win
1532,3,53.0,Trail,-219.0000000000164,loss
1533,3,45.0,ScaleOut,58.87500000003274,win
1534,3,58.0,Trail,-107.625,loss
1535,3,45.0,ScaleOut,-52.49999999998363,loss
1536,3,70.0,Hold,-268.4999999999509,loss
1537,3,33.0,ScaleOut,108.37499999996726,win
1538,3,70.0,Hold,-268.4999999999509,loss
1539,3,28.0,Exit,108.37499999996726,win
1540,3,73.0,Hold,-209.99999999998363,loss
1541,3,25.0,Exit,49.875,win
1542,3,58.0,Trail,-189.7499999999509,loss
1543,3,45.0,ScaleOut,29.624999999967255,win
1544,3,50.0,Trail,-141.37500000002728,loss
1545,3,58.0,Trail,12.750000000021828,win
1546,3,35.0,ScaleOut,-248.6250000000491,loss
1547,3,63.0,Trail,127.12500000004913,win
1548,3,55.0,Trail,-189.0000000000164,loss
1549,3,65.0,Trail,67.50000000001637,win
1550,3,35.0,ScaleOut,-126.00000000003274,loss
1551,3,65.0,Trail,4.500000000032742,win
1552,3,55.0,Trail,93.37499999996726,win
1553,3,58.0,Trail,-214.8749999999673,loss
1554,3,35.0,ScaleOut,135.00000000001637,win
1555,3,73.0,Hold,-256.5000000000164,loss
1556,3,63.0,Trail,243.0,win
1557,3,50.0,Trail,-364.5,loss
1558,3,70.0,Hold,178.12500000001637,win
1559,3,50.0,Trail,-313.50000000003274,loss
1560,3,70.0,Hold,260.24999999996726,win
1561,3,70.0,Hold,-373.1249999999836,loss
1562,3,70.0,Hold,242.62500000000543,win
1563,3,50.0,Trail,-345.7500000000273,loss
1564,3,33.0,ScaleOut,302.24999999995634,win
1565,3,70.0,Hold,-394.1249999999782,loss
1566,3,48.0,ScaleOut,321.75,win
1567,3,50.0,Trail,-403.875,loss
1568,3,55.0,Trail,137.62500000000546,win
1569,3,58.0,Trail,-226.8750000000109,loss
1570,3,43.0,ScaleOut,302.9999999999727,win
1571,3,70.0,Hold,-380.9999999999782,loss
1572,3,70.0,Hold,329.9999999999891,win
1573,3,50.0,Trail,-407.99999999999454,loss
1574,3,50.0,Trail,278.99999999996726,win
1575,3,70.0,Hold,-382.4999999999836,loss
1576,3,50.0,Trail,257.2500000000109,win
1577,3,35.0,ScaleOut,-371.6250000000055,loss
1578,3,65.0,Trail,141.75,win
1579,3,45.0,ScaleOut,-313.875,loss
1580,3,65.0,Trail,419.9999999999891,win
1581,3,45.0,ScaleOut,-452.99999999999454,loss
1582,3,78.0,Hold,310.5,win
1583,3,25.0,Exit,-398.25,loss
1584,3,73.0,Hold,261.75,win
1585,3,25.0,Exit,-373.875,loss
1586,3,53.0,Trail,244.50000000003277,win
1587,3,45.0,ScaleOut,-365.2500000000164,loss
1588,3,73.0,Hold,216.37500000003277,win
1589,3,25.0,Exit,-342.7500000000164,loss
1590,3,53.0,Trail,-67.49999999995634,loss
1591,3,45.0,ScaleOut,174.3749999999618,win
1592,3,73.0,Hold,-39.37499999995634,loss
1593,3,25.0,Exit,146.2499999999618,win
1594,3,68.0,Trail,-101.24999999995634,loss
1595,3,25.0,Exit,208.1249999999618,win
1596,3,53.0,Trail,-109.87500000002184,loss
1597,3,45.0,ScaleOut,258.0000000000273,win
1598,3,53.0,Trail,-95.24999999998909,loss
1599,3,25.0,Exit,243.37499999999451,win
1600,3,50.0,Trail,-163.87499999997272,loss
1601,3,45.0,ScaleOut,311.9999999999782,win
1602,3,50.0,Trail,-127.87499999995087,loss
1603,3,25.0,Exit,278.2499999999509,win
1604,3,50.0,Trail,-636.375,loss
1605,3,60.0,Trail,786.75,win
1606,3,50.0,Trail,-625.4999999999945,loss
1607,3,60.0,Trail,764.9999999999891,win
1608,3,25.0,Exit,-619.1250000000055,loss
1609,3,60.0,Trail,752.2500000000109,win
1610,3,45.0,ScaleOut,-539.9999999999836,loss
1611,3,70.0,Hold,593.9999999999673,win
1612,3,25.0,Exit,-457.4999999999836,loss
1613,3,55.0,Trail,428.99999999996726,win
1614,3,25.0,Exit,-206.62500000003277,loss
1615,3,73.0,Hold,64.50000000003274,win
1616,3,45.0,ScaleOut,-362.625,loss
1617,3,60.0,Trail,239.25,win
1618,3,25.0,Exit,-346.1250000000218,loss
1619,3,80.0,Hold,206.25000000004368,win
1620,3,25.0,Exit,-208.1250000000109,loss
1621,3,68.0,Trail,31.500000000021828,win
1622,3,45.0,ScaleOut,-305.9999999999782,loss
1623,3,48.0,ScaleOut,197.99999999997272,win
1624,3,48.0,ScaleOut,-314.24999999999454,loss
1625,3,45.0,ScaleOut,215.6249999999891,win
1626,3,28.0,Exit,-279.3750000000109,loss
1627,3,70.0,Hold,180.75000000000543,win
1628,3,53.0,Trail,-297.37499999999454,loss
1629,3,50.0,Trail,198.7499999999891,win
1630,3,25.0,Exit,-322.1249999999618,loss
1631,3,73.0,Hold,223.49999999995637,win
1632,3,25.0,Exit,-344.6249999999618,loss
1633,3,73.0,Hold,245.99999999995637,win
1634,3,45.0,ScaleOut,-387.37499999999454,loss
1635,3,73.0,Hold,288.7499999999891,win
1636,3,45.0,ScaleOut,-332.625,loss
1637,3,60.0,Trail,179.25,win
1638,3,25.0,Exit,-158.9999999999618,loss
1639,3,68.0,Trail,-18.375000000043656,loss
1640,3,25.0,Exit,-102.7499999999618,loss
1641,3,75.0,Hold,-74.62500000004366,loss
1642,3,45.0,ScaleOut,-128.62499999999454,loss
1643,3,55.0,Trail,-48.750000000010914,loss
1644,3,45.0,ScaleOut,-125.2499999999618,loss
1645,3,53.0,Trail,-52.125000000043656,loss
1646,3,60.0,Trail,103.12499999998909,win
1647,3,50.0,Trail,-280.49999999999454,loss
1648,3,60.0,Trail,213.0,win
1649,3,70.0,Hold,-349.5,loss
1650,3,60.0,Trail,204.3749999999891,win
1651,3,70.0,Hold,-320.9999999999782,loss
1652,3,43.0,ScaleOut,30.3750000000382,win
1653,3,70.0,Hold,-139.50000000002728,loss
1654,3,35.0,ScaleOut,-64.5,loss
1655,3,73.0,Hold,-14.999999999983627,loss
1656,3,35.0,ScaleOut,-8.250000000027285,loss
1657,3,78.0,Hold,-39.74999999997817,loss
1658,3,25.0,Exit,12.000000000005455,win
1659,3,85.0,Hold,-60.000000000010914,loss
1660,3,45.0,ScaleOut,33.37499999993997,win
1661,3,85.0,Hold,-81.37499999994543,loss
1662,3,55.0,Trail,78.37499999993997,win
1663,3,53.0,Trail,-126.37499999994544,loss
1664,3,50.0,Trail,240.37499999995637,win
1665,3,70.0,Hold,-288.3749999999618,loss
1666,3,70.0,Hold,358.1249999999891,win
1667,3,50.0,Trail,-374.24999999999454,loss
1668,3,70.0,Hold,112.87499999995634,win
1669,3,70.0,Hold,-128.9999999999618,loss
1670,3,50.0,Trail,9.374999999989086,win
1671,3,70.0,Hold,-25.499999999994543,loss
1672,3,85.0,Hold,-203.6250000000491,loss
1673,3,35.0,ScaleOut,228.3750000000491,win
1674,3,85.0,Hold,-316.1250000000491,loss
1675,3,25.0,Exit,352.1250000000491,win
1676,3,35.0,ScaleOut,-412.8750000000328,loss
1677,3,25.0,Exit,523.1250000000164,win
1678,3,55.0,Trail,-544.5000000000546,loss
1679,3,25.0,Exit,697.5000000000437,win
1680,3,35.0,ScaleOut,-711.375,loss
1681,3,25.0,Exit,936.75,win
1682,3,55.0,Trail,-522.3749999999945,loss
1683,3,58.0,Trail,558.7499999999891,win
1684,3,25.0,Exit,-511.8749999999836,loss
1685,3,85.0,Hold,537.7499999999673,win
1686,3,45.0,ScaleOut,-528.7500000000109,loss
1687,3,58.0,Trail,571.5000000000218,win
1688,3,25.0,Exit,-522.0,loss
1689,3,85.0,Hold,558.0,win
1690,3,25.0,Exit,-411.0000000000055,loss
1691,3,73.0,Hold,404.62499999999454,win
1692,3,45.0,ScaleOut,-479.6249999999891,loss
1693,3,60.0,Trail,473.2499999999782,win
1694,3,25.0,Exit,-461.6250000000055,loss
1695,3,60.0,Trail,437.2500000000109,win
1696,3,45.0,ScaleOut,-415.8749999999891,loss
1697,3,80.0,Hold,345.7499999999782,win
1698,3,25.0,Exit,-404.6249999999891,loss
1699,3,80.0,Hold,323.2499999999782,win
1700,3,45.0,ScaleOut,-330.37500000000546,loss
1701,3,48.0,ScaleOut,174.7500000000109,win
1702,3,45.0,ScaleOut,-287.625,loss
1703,3,55.0,Trail,89.25,win
1704,3,25.0,Exit,-136.4999999999891,loss
1705,3,68.0,Trail,-94.87500000002184,loss
1706,3,53.0,Trail,-58.87500000005457,loss
1707,3,45.0,ScaleOut,-172.49999999995634,loss
1708,3,25.0,Exit,-37.5000000000382,loss
1709,3,68.0,Trail,-176.99999999997272,loss
1710,3,53.0,Trail,56.99999999997817,win
1711,3,45.0,ScaleOut,-271.4999999999891,loss
1712,3,73.0,Hold,-30.0000000000382,loss
1713,3,25.0,Exit,-181.87499999995637,loss
1714,3,60.0,Trail,-1.8750000000381988,loss
1715,3,45.0,ScaleOut,-209.99999999995637,loss
1716,3,53.0,Trail,62.250000000010914,win
1717,3,45.0,ScaleOut,-274.12500000000546,loss
1718,3,73.0,Hold,-76.49999999998909,loss
1719,3,25.0,Exit,-147.37500000002183,loss
1720,3,45.0,ScaleOut,-180.75000000002728,loss
1721,3,48.0,ScaleOut,-32.24999999997817,loss
1722,3,73.0,Hold,-45.750000000027285,loss
1723,3,25.0,Exit,-167.24999999997817,loss
1724,3,50.0,Trail,-197.625,loss
1725,3,53.0,Trail,-5.250000000016371,loss
1726,3,50.0,Trail,-142.49999999998363,loss
1727,3,70.0,Hold,-60.37500000003274,loss
1728,3,70.0,Hold,-181.87499999998363,loss
1729,3,40.0,ScaleOut,-21.000000000032745,loss
1730,3,50.0,Trail,-69.37499999998363,loss
1731,3,63.0,Trail,-133.50000000003274,loss
1732,3,78.0,Hold,172.4999999999891,win
1733,3,25.0,Exit,-329.24999999999454,loss
1734,3,53.0,Trail,176.6250000000382,win
1735,3,45.0,ScaleOut,-308.2500000000273,loss
1736,3,80.0,Hold,266.2499999999891,win
1737,3,25.0,Exit,-376.12499999999454,loss
1738,3,60.0,Trail,196.8750000000164,win
1739,3,45.0,ScaleOut,-334.12500000003274,loss
1740,3,60.0,Trail,185.6250000000164,win
1741,3,45.0,ScaleOut,-322.87500000003274,loss
1742,3,68.0,Trail,11.250000000016373,win
1743,3,25.0,Exit,-148.50000000003274,loss
1744,3,50.0,Trail,-21.375,loss
1745,3,70.0,Hold,-115.87500000001636,loss
1746,3,70.0,Hold,-20.25000000001637,loss
1747,3,43.0,ScaleOut,-117.0,loss
1748,3,70.0,Hold,-51.74999999996726,loss
1749,3,28.0,Exit,-85.50000000004911,loss
1750,3,85.0,Hold,211.4999999999673,win
1751,3,25.0,Exit,-348.74999999998363,loss
1752,3,80.0,Hold,158.99999999996726,win
1753,3,45.0,ScaleOut,-322.49999999998363,loss
1754,3,60.0,Trail,38.25000000000546,win
1755,3,45.0,ScaleOut,-230.6250000000109,loss
1756,3,50.0,Trail,-161.2500000000109,loss
1757,3,48.0,ScaleOut,-4.874999999994543,loss
1758,3,70.0,Hold,-283.50000000003274,loss
1759,3,50.0,Trail,146.25000000001637,win
1760,3,70.0,Hold,-373.1249999999836,loss
1761,3,60.0,Trail,260.24999999996726,win
1762,3,70.0,Hold,-307.49999999998363,loss
1763,3,43.0,ScaleOut,128.99999999996726,win
1764,3,58.0,Trail,-187.12500000004368,loss
1765,3,55.0,Trail,-13.87499999994543,loss
1766,3,53.0,Trail,-215.25000000004368,loss
1767,3,55.0,Trail,14.25000000005457,win
1768,3,50.0,Trail,-316.12499999999454,loss
1769,3,63.0,Trail,150.75000000000546,win
1770,3,70.0,Hold,-320.6250000000109,loss
1771,3,38.0,ScaleOut,155.25000000002183,win
1772,3,50.0,Trail,-308.2500000000273,loss
1773,3,63.0,Trail,137.2500000000382,win
1774,3,70.0,Hold,-214.5,loss
1775,3,43.0,ScaleOut,49.875,win
1776,3,70.0,Hold,-338.9999999999891,loss
1777,3,50.0,Trail,191.99999999997817,win
1778,3,70.0,Hold,-307.8749999999782,loss
1779,3,50.0,Trail,129.74999999995634,win
1780,3,70.0,Hold,-277.1249999999891,loss
1781,3,43.0,ScaleOut,68.24999999997817,win
1782,3,50.0,Trail,-248.25,loss
1783,3,63.0,Trail,10.5,win
1784,3,73.0,Hold,-199.87500000002183,loss
1785,3,35.0,ScaleOut,-50.249999999989086,loss
1786,3,25.0,Exit,-296.2500000000109,loss
1787,3,78.0,Hold,106.50000000002184,win
1788,3,55.0,Trail,-254.99999999995637,loss
1789,3,53.0,Trail,64.49999999997817,win
1790,3,35.0,ScaleOut,-318.3750000000164,loss
1791,3,78.0,Hold,150.75000000003274,win
1792,3,25.0,Exit,-282.7499999999618,loss
1793,3,73.0,Hold,137.99999999997272,win
1794,3,45.0,ScaleOut,-333.3749999999618,loss
1795,3,58.0,Trail,188.62499999997272,win
1796,3,55.0,Trail,-341.2500000000109,loss
1797,3,58.0,Trail,196.50000000002183,win
1798,3,63.0,Trail,-266.62500000000546,loss
1799,3,50.0,Trail,120.37500000001091,win
1800,3,43.0,ScaleOut,-213.7500000000382,loss
1801,3,70.0,Hold,67.50000000004366,win
1802,3,35.0,ScaleOut,-259.8750000000218,loss
1803,3,73.0,Hold,113.62500000002728,win
1804,3,25.0,Exit,-312.7499999999891,loss
1805,3,80.0,Hold,177.74999999999454,win
1806,3,45.0,ScaleOut,-317.25000000000546,loss
1807,3,65.0,Trail,182.2500000000109,win
1808,3,25.0,Exit,-217.1249999999891,loss
1809,3,80.0,Hold,82.12499999999454,win
1810,3,25.0,Exit,-10.124999999972715,loss
1811,3,80.0,Hold,-124.87500000002184,loss
1812,3,45.0,ScaleOut,-50.6250000000382,loss
1813,3,60.0,Trail,-84.37499999995634,loss
1814,3,28.0,Exit,58.500000000010914,win
1815,3,70.0,Hold,-193.50000000000543,loss
1816,3,70.0,Hold,216.0000000000109,win
1817,3,50.0,Trail,-351.00000000000546,loss
1818,3,50.0,Trail,159.00000000002183,win
1819,3,70.0,Hold,-322.5000000000109,loss
1820,3,50.0,Trail,93.7499999999618,win
1821,3,35.0,ScaleOut,-266.24999999995634,loss
1822,3,65.0,Trail,-62.62499999997272,loss
1823,3,55.0,Trail,-109.87500000002184,loss
1824,3,58.0,Trail,-126.75000000002184,loss
1825,3,55.0,Trail,-45.74999999997272,loss
1826,3,50.0,Trail,-279.75000000000546,loss
1827,3,63.0,Trail,107.25000000001091,win
1828,3,50.0,Trail,-313.50000000000546,loss
1829,3,63.0,Trail,141.0000000000109,win
1830,3,70.0,Hold,-301.12499999999454,loss
1831,3,63.0,Trail,116.24999999998909,win
1832,3,40.0,ScaleOut,-267.7500000000164,loss
1833,3,70.0,Hold,49.50000000003274,win
1834,3,70.0,Hold,20.250000000049116,win
1835,3,38.0,ScaleOut,-216.00000000003277,loss
1836,3,50.0,Trail,-4.124999999950887,loss
1837,3,63.0,Trail,-172.87500000003274,loss
1838,3,40.0,ScaleOut,232.4999999999618,win
1839,3,58.0,Trail,-352.49999999995634,loss
1840,3,78.0,Hold,262.87499999998363,win
1841,3,35.0,ScaleOut,-353.62499999996726,loss
1842,3,58.0,Trail,267.375,win
1843,3,55.0,Trail,-358.12499999998363,loss
1844,3,58.0,Trail,304.50000000003274,win
1845,3,55.0,Trail,-395.2500000000164,loss
1846,3,70.0,Hold,201.75,win
1847,3,38.0,ScaleOut,-327.0,loss
1848,3,73.0,Hold,202.87500000006548,win
1849,3,35.0,ScaleOut,-328.1250000000655,loss
1850,3,78.0,Hold,234.3750000000164,win
1851,3,35.0,ScaleOut,-359.6250000000164,loss
1852,3,85.0,Hold,235.5,win
1853,3,35.0,ScaleOut,-360.75,loss
1854,3,65.0,Trail,198.0,win
1855,3,45.0,ScaleOut,-342.0,loss
1856,3,65.0,Trail,142.50000000004366,win
1857,3,25.0,Exit,-314.2500000000218,loss
1858,3,60.0,Trail,31.499999999994543,win
1859,3,45.0,ScaleOut,-233.9999999999891,loss
1860,3,65.0,Trail,-24.750000000005457,loss
1861,3,45.0,ScaleOut,-177.7499999999891,loss
1862,3,70.0,Hold,-195.74999999997272,loss
1863,3,28.0,Exit,-6.750000000021828,loss
1864,3,70.0,Hold,-283.50000000000546,loss
1865,3,28.0,Exit,81.00000000001091,win
1866,3,73.0,Hold,-148.1250000000109,loss
1867,3,25.0,Exit,-25.499999999994543,loss
1868,3,50.0,Trail,-35.624999999956344,loss
1869,3,58.0,Trail,-91.8750000000382,loss
1870,3,70.0,Hold,-79.49999999997272,loss
1871,3,43.0,ScaleOut,-48.00000000002183,loss
1872,3,50.0,Trail,-125.62499999995634,loss
1873,3,70.0,Hold,-1.8750000000381988,loss
1874,3,50.0,Trail,-22.12499999998909,loss
1875,3,70.0,Hold,-105.37500000000546,loss
1876,3,50.0,Trail,-4.125000000005457,loss
1877,3,70.0,Hold,-123.37499999998909,loss
1878,3,78.0,Hold,67.87500000001091,win
1879,3,35.0,ScaleOut,-195.37500000000543,loss
1880,3,65.0,Trail,146.6250000000109,win
1881,3,45.0,ScaleOut,-274.12500000000546,loss
1882,3,85.0,Hold,231.0000000000109,win
1883,3,55.0,Trail,-358.50000000000546,loss
1884,3,85.0,Hold,52.500000000043656,win
1885,3,25.0,Exit,-269.2500000000218,loss
1886,3,80.0,Hold,-9.749999999950887,loss
1887,3,25.0,Exit,-229.12500000003277,loss
1888,3,65.0,Trail,8.250000000032742,win
1889,3,45.0,ScaleOut,-247.1250000000164,loss
1890,3,78.0,Hold,-107.62499999997272,loss
1891,3,25.0,Exit,-132.37500000002183,loss
1892,3,73.0,Hold,19.874999999972715,win
1893,3,35.0,ScaleOut,-225.37499999997817,loss
1894,3,58.0,Trail,44.999999999989086,win
1895,3,45.0,ScaleOut,-244.12499999997817,loss
1896,3,58.0,Trail,98.24999999997816,win
1897,3,55.0,Trail,-292.1249999999891,loss
1898,3,78.0,Hold,42.74999999996726,win
1899,3,25.0,Exit,-264.37499999998363,loss
1900,3,53.0,Trail,-9.375000000010914,loss
1901,3,45.0,ScaleOut,-218.62499999999451,loss
1902,3,73.0,Hold,29.99999999998909,win
1903,3,25.0,Exit,-257.99999999999454,loss
1904,3,73.0,Hold,-23.25,loss
1905,3,25.0,Exit,-230.2500000000164,loss
1906,3,53.0,Trail,-21.000000000032745,loss
1907,3,45.0,ScaleOut,-232.49999999998363,loss
1908,3,48.0,ScaleOut,-45.000000000010914,loss
1909,3,45.0,ScaleOut,-220.49999999999451,loss
1910,3,68.0,Trail,-120.00000000001091,loss
1911,3,25.0,Exit,-148.1250000000109,loss
1912,3,48.0,ScaleOut,-151.87500000006548,loss
1913,3,45.0,ScaleOut,-115.87499999993452,loss
1914,3,53.0,Trail,-108.00000000004913,loss
1915,3,45.0,ScaleOut,-159.7499999999509,loss
1916,3,48.0,ScaleOut,-184.12500000000543,loss
1917,3,45.0,ScaleOut,-82.87500000000546,loss
1918,3,50.0,Trail,-203.25000000005457,loss
1919,3,63.0,Trail,-63.74999999995634,loss
1920,3,70.0,Hold,-225.37499999997817,loss
1921,3,43.0,ScaleOut,-35.250000000043656,loss
1922,3,50.0,Trail,-264.75000000000546,loss
1923,3,63.0,Trail,43.500000000010914,win
1924,3,73.0,Hold,-184.87499999999451,loss
1925,3,35.0,ScaleOut,-61.12499999999454,loss
1926,3,70.0,Hold,-248.25,loss
1927,3,38.0,ScaleOut,10.5,win
1928,3,50.0,Trail,-220.8750000000164,loss
1929,3,58.0,Trail,-20.62499999998363,loss
1930,3,70.0,Hold,-209.6250000000164,loss
1931,3,38.0,ScaleOut,-31.87499999998363,loss
1932,3,70.0,Hold,-244.5,loss
1933,3,38.0,ScaleOut,3.0,win
1934,3,50.0,Trail,-161.2500000000382,loss
1935,3,58.0,Trail,-64.49999999997272,loss
1936,3,73.0,Hold,-130.12499999997272,loss
1937,3,35.0,ScaleOut,-80.6250000000382,loss
1938,3,50.0,Trail,-135.74999999997272,loss
1939,3,58.0,Trail,-75.0000000000382,loss
1940,3,40.0,ScaleOut,-127.87500000000546,loss
1941,3,63.0,Trail,-82.87500000000546,loss
1942,3,60.0,Trail,-145.8749999999891,loss
1943,3,50.0,Trail,-64.87500000002183,loss
1944,3,40.0,ScaleOut,-108.7500000000382,loss
1945,3,70.0,Hold,-101.99999999997272,loss
1946,3,78.0,Hold,51.750000000027285,win
1947,3,35.0,ScaleOut,-248.62500000002183,loss
1948,3,65.0,Trail,69.00000000002183,win
1949,3,55.0,Trail,-265.1250000000273,loss
1950,3,58.0,Trail,111.75,win
1951,3,55.0,Trail,-298.875,loss
1952,3,85.0,Hold,29.249999999972715,win
1953,3,35.0,ScaleOut,-256.4999999999618,loss
1954,3,58.0,Trail,-43.875000000027285,loss
1955,3,45.0,ScaleOut,-183.3749999999618,loss
1956,3,65.0,Trail,31.500000000021828,win
1957,3,45.0,ScaleOut,-258.7500000000109,loss
1958,3,53.0,Trail,-102.37499999996726,loss
1959,3,45.0,ScaleOut,-165.37500000003274,loss
1960,3,50.0,Trail,-147.37499999996726,loss
1961,3,58.0,Trail,-120.37500000003274,loss
1962,3,50.0,Trail,-146.24999999998363,loss
1963,3,63.0,Trail,-121.50000000001636,loss
1964,3,73.0,Hold,-145.125,loss
1965,3,25.0,Exit,-122.625,loss
1966,3,58.0,Trail,-109.12499999995087,loss
1967,3,45.0,ScaleOut,-158.6250000000491,loss
1968,3,85.0,Hold,-49.5,loss
1969,3,25.0,Exit,-218.25,loss
1970,3,50.0,Trail,-181.12500000002183,loss
1971,3,63.0,Trail,-94.49999999997272,loss
1972,3,70.0,Hold,-183.3749999999891,loss
1973,3,38.0,ScaleOut,-92.25000000000546,loss
1974,3,50.0,Trail,-210.37500000000543,loss
1975,3,63.0,Trail,-65.24999999998909,loss
1976,3,78.0,Hold,-87.0,loss
1977,3,35.0,ScaleOut,-199.5,loss
1978,3,50.0,Trail,-108.74999999998364,loss
1979,3,58.0,Trail,-162.75000000001637,loss
1980,3,53.0,Trail,-57.0,loss
1981,3,55.0,Trail,-214.5,loss
1982,3,50.0,Trail,29.24999999994543,win
1983,3,58.0,Trail,-248.62499999994,loss
1984,3,73.0,Hold,30.375000000010917,win
1985,3,35.0,ScaleOut,-249.75000000000543,loss
1986,3,50.0,Trail,62.99999999997272,win
1987,3,58.0,Trail,-267.7499999999618,loss
1988,3,70.0,Hold,70.87500000002183,win
1989,3,35.0,ScaleOut,-275.6250000000109,loss
1990,3,73.0,Hold,58.49999999995634,win
1991,3,35.0,ScaleOut,-263.24999999994543,loss
1992,3,53.0,Trail,76.50000000002183,win
1993,3,55.0,Trail,-281.2500000000109,loss
1994,3,50.0,Trail,72.75000000002183,win
1995,3,55.0,Trail,-279.3750000000109,loss
1996,3,78.0,Hold,52.499999999989086,win
1997,3,25.0,Exit,-259.1249999999782,loss
1998,3,58.0,Trail,46.874999999989086,win
1999,3,45.0,ScaleOut,-253.49999999997817,loss
