trade_id,date,exit_time,side,entry_price,exit_price,qty,pnl,ml_prob,entry_reason,exit_reason,regime,orb_high,orb_low,held_seconds,max_pnl,stop_loss,target
1,2024-01-18,2024-01-18 09:32:00,CE,21451.5,21452.4,75,44.25,0.6041,ML_CE,STOP,RANGE,21487.55,21449.4,120.0,153.74999999994543,21451.5,21525.069230769226
2,2024-01-18,2024-01-18 09:38:00,CE,21451.7,21472.8,75,1549.5,0.5603,ML_CE,Drawdown,RANGE,21487.55,21449.4,180.0,1578.7499999999454,21460.7,21524.311538461534
3,2024-01-18,2024-01-18 09:47:00,CE,21462.8,21451.85,75,-893.25,0.5866,ML_CE,TIME_EXIT_WEAK,RANGE,21487.55,21449.4,360.0,0.0,21441.399999999998,21532.299999999996
4,2024-01-19,2024-01-19 09:32:00,CE,21591.35,21613.7,75,1005.0,0.6146,ML_CE,Drawdown,RANGE,21637.65,21607.95,120.0,1743.75,21600.35,21664.419230769225
5,2024-01-19,2024-01-19 09:37:00,CE,21612.15,21620.0,75,566.25,0.603,ML_CE,STOP,RANGE,21637.65,21607.95,120.0,671.2499999997817,21617.15,21694.526923076926
6,2024-01-19,2024-01-19 09:47:00,CE,21610.75,21627.25,75,1157.25,0.5363,ML_CE,Drawdown,RANGE,21637.65,21607.95,420.0,1286.2500000001091,21619.75,21693.838461538464
7,2024-01-19,2024-01-19 09:58:00,CE,21622.25,21642.15,75,1401.0,0.5947,ML_CE,Drawdown,RANGE,21637.65,21607.95,480.0,1755.0000000001091,21631.25,21666.053846153845
8,2024-01-20,2024-01-20 09:36:00,CE,21567.9,21568.0,75,-27.75,0.5215,ML_CE,STOP,RANGE,21611.95,21578.2,180.0,179.9999999998363,21567.9,21632.269230769227
9,2024-01-25,2024-01-25 09:40:00,CE,21291.55,21346.9,75,3408.75,0.5571999999999999,ORB+ML_CE,MaxProfitTrail,RANGE,21280.85,21257.1,600.0,4117.500000000109,21300.55,21355.384615384613
10,2024-01-29,2024-01-29 09:33:00,CE,21698.85,21718.3,75,1338.75,0.5539999999999999,ML_CE,Drawdown,RANGE,21744.8,21687.15,180.0,1560.0000000002183,21707.85,21774.51923076923
11,2024-01-29,2024-01-29 09:38:00,CE,21723.75,21736.55,75,939.75,0.5729,ML_CE,Drawdown,RANGE,21744.8,21687.15,120.0,1128.7499999999454,21732.75,21823.36923076922
12,2024-01-29,2024-01-29 09:46:00,CE,21744.65,21746.55,75,-59.25,0.6706,ML_CE,STOP,RANGE,21744.8,21687.15,300.0,247.49999999994543,21744.65,21835.02307692307
13,2024-01-29,2024-01-29 09:57:00,CE,21755.5,21756.95,75,36.75,0.5747,ORB+ML_CE,STOP,RANGE,21744.8,21687.15,360.0,356.25,21758.166666666668,21806.62692307692
14,2024-01-30,2024-01-30 09:31:00,CE,21545.15,21544.15,75,-12.0,0.5748,ML_CE,STOP,RANGE,21583.15,21540.1,60.0,0.0,21519.992307692304,21635.226923076927
15,2024-01-31,2024-01-31 09:36:00,CE,21702.25,21733.7,75,2292.75,0.5827,ML_CE,Drawdown,RANGE,21705.3,21675.85,360.0,2400.0,21711.25,21759.37307692308
16,2024-01-31,2024-01-31 09:43:00,CE,21723.3,21737.9,75,1050.75,0.5366,ORB+ML_CE,Drawdown,RANGE,21705.3,21675.85,240.0,1121.2500000000546,21732.3,21786.96153846154
17,2024-01-31,2024-01-31 09:54:00,CE,21726.8,21730.8,75,-72.0,0.5631,ORB+ML_CE,Drawdown,RANGE,21705.3,21675.85,360.0,457.5000000001637,21729.466666666667,21784.97692307692
18,2024-01-31,2024-01-31 09:59:00,CE,21705.75,21707.8,75,141.75,0.6059,ORB+ML_CE,DAY_END,RANGE,21705.3,21675.85,60.0,191.24999999994543,21705.75,21764.09615384615
19,2024-02-01,2024-02-01 09:34:00,CE,21711.8,21708.15,75,-320.25,0.5691,ML_CE,STOP,RANGE,21730.9,21695.95,240.0,0.0,21694.73076923077,21776.04230769231
20,2024-02-05,2024-02-05 09:56:00,CE,21761.05,21765.15,75,248.25,0.5692999999999999,ML_CE,Drawdown,RANGE,21790.8,21728.85,300.0,487.5,21763.716666666667,21827.43076923077
21,2024-02-05,2024-02-05 09:59:00,CE,21761.8,21760.8,75,-75.0,0.5610999999999999,ML_CE,DAY_END,RANGE,21790.8,21728.85,0.0,0.0,21746.707692307693,21812.37307692308
22,2024-02-06,2024-02-06 09:37:00,CE,21926.1,21934.6,75,-81.75,0.5767,ML_CE,STOP,RANGE,21938.9,21897.05,420.0,626.2500000001637,21931.1,21993.384615384613
23,2024-02-07,2024-02-07 09:33:00,CE,21933.1,21928.7,75,-35.25,0.5236,ML_CE,ML_EDGE_COLLAPSED,RANGE,21952.6,21915.75,180.0,0.0,21914.515384615384,21993.19615384615
24,2024-02-08,2024-02-08 09:46:00,CE,21716.1,21721.8,75,404.25,0.5293,ORB+ML_CE,STOP,RANGE,21706.45,21665.3,120.0,495.0000000001637,21718.766666666666,21798.69615384615
25,2024-02-08,2024-02-08 09:58:00,CE,21720.35,21757.45,75,2684.25,0.6205,ORB+ML_CE,MaxProfitTrail,RANGE,21706.45,21665.3,540.0,2733.7500000000546,21729.35,21794.53076923077
26,2024-02-09,2024-02-09 09:36:00,CE,21775.1,21789.85,75,-34.5,0.5793,ML_CE,STOP,RANGE,21781.6,21754.8,180.0,1140.0000000000546,21784.1,21876.096153846156
27,2024-02-13,2024-02-13 09:42:00,CE,21749.2,21754.75,75,216.0,0.5924,ORB+ML_CE,Drawdown,RANGE,21742.6,21705.4,720.0,528.7499999999454,21754.2,21821.20769230769
28,2024-02-13,2024-02-13 09:47:00,CE,21752.75,21756.6,75,265.5,0.6734,ORB+ML_CE,STOP,RANGE,21742.6,21705.4,120.0,344.99999999989086,21755.416666666668,21807.953846153843
29,2024-02-13,2024-02-13 09:55:00,CE,21738.8,21742.35,75,-60.0,0.7248,ML_CE,STOP,RANGE,21742.6,21705.4,300.0,303.74999999994543,21741.466666666667,21789.49615384615
30,2024-02-13,2024-02-13 09:59:00,CE,21721.75,21727.5,75,420.0,0.6215,ML_CE,DAY_END,RANGE,21742.6,21705.4,60.0,468.75,21724.416666666668,21776.642307692306
31,2024-02-14,2024-02-14 09:45:00,CE,21805.7,21814.05,75,603.0,0.5893,ML_CE,Drawdown,RANGE,21843.85,21798.6,120.0,641.2499999999454,21810.7,21896.738461538458
32,2024-02-14,2024-02-14 09:59:00,CE,21849.5,21851.85,75,78.75,0.5812,ORB+ML_CE,STOP,RANGE,21843.85,21798.6,300.0,330.00000000010914,21852.166666666668,21941.28461538461
33,2024-02-15,2024-02-15 09:32:00,CE,21902.95,21910.35,75,531.75,0.5718,ML_CE,STOP,RANGE,21928.85,21896.5,120.0,719.9999999998909,21907.95,21985.64615384615
34,2024-02-15,2024-02-15 09:41:00,CE,21913.0,21910.15,75,-284.25,0.6346,ML_CE,TIME_EXIT_WEAK,RANGE,21928.85,21896.5,360.0,0.0,21885.407692307694,22011.37307692308
35,2024-02-19,2024-02-19 09:33:00,CE,22134.35,22151.05,75,43.5,0.5695,ML_CE,STOP,RANGE,22163.95,22124.1,180.0,1282.5000000001637,22143.35,22200.946153846155
36,2024-02-19,2024-02-19 09:42:00,CE,22116.55,22106.95,75,-791.25,0.5712999999999999,ML_CE,TIME_EXIT_WEAK,RANGE,22163.95,22124.1,360.0,0.0,22094.726923076923,22190.230769230773
37,2024-02-20,2024-02-20 09:34:00,CE,22159.45,22179.1,75,1430.25,0.6108,ORB+ML_CE,Drawdown,RANGE,22145.85,22130.5,240.0,1578.7499999999454,22168.45,22216.15
38,2024-02-20,2024-02-20 09:41:00,CE,22196.15,22198.45,75,-46.5,0.5989,ORB+ML_CE,STOP,RANGE,22145.85,22130.5,240.0,251.24999999989086,22196.15,22265.246153846158
39,2024-02-21,2024-02-21 09:32:00,CE,22030.9,22023.5,75,-23.25,0.5312,ML_CE,ML_EDGE_COLLAPSED,RANGE,22047.9,21997.95,120.0,0.0,22001.93076923077,22132.292307692307
40,2024-02-22,2024-02-22 09:59:00,CE,22228.3,22216.4,75,-12.0,0.4938,ORB+ML_CE,DAY_END,TREND,22186.9,22106.15,60.0,0.0,22214.14423076923,22266.967307692306
41,2024-02-23,2024-02-23 09:32:00,CE,22223.65,22230.1,75,462.0,0.6214,ML_CE,STOP,RANGE,22247.5,22223.15,120.0,472.49999999994543,22226.31666666667,22294.046153846153
42,2024-02-23,2024-02-23 09:41:00,CE,22227.75,22213.3,75,-69.75,0.6376,ML_CE,TIME_EXIT_WEAK,RANGE,22247.5,22223.15,360.0,86.25000000010914,22202.765384615384,22314.746153846154
43,2024-02-26,2024-02-26 09:33:00,CE,22138.2,22145.85,75,-23.25,0.5447,ML_CE,STOP,RANGE,22149.8,22114.3,120.0,618.75,22143.2,22198.357692307698
44,2024-02-27,2024-02-27 09:32:00,CE,22193.75,22199.7,75,-23.25,0.6462,ML_CE,Drawdown,RANGE,22193.05,22170.2,120.0,521.2500000000546,22198.75,22243.09615384615
45,2024-02-28,2024-02-28 09:59:00,CE,21926.75,21925.75,75,0.0,0.5684,ML_CE,DAY_END,RANGE,22013.15,21967.05,0.0,0.0,21908.85,21987.15
46,2024-03-01,2024-03-01 09:47:00,CE,22338.55,22339.4,75,-47.25,0.5784,ML_CE,STOP,RANGE,22348.4,22326.65,240.0,277.50000000005457,22338.55,22395.85769230769
47,2024-03-05,2024-03-05 09:32:00,CE,22371.0,22374.1,75,210.0,0.6416,ML_CE,STOP,RANGE,22382.1,22362.2,120.0,300.0,22373.666666666668,22423.153846153844
48,2024-03-05,2024-03-05 09:38:00,CE,22361.05,22349.9,75,-864.0,0.6276999999999999,ML_CE,STOP,RANGE,22382.1,22362.2,180.0,0.0,22345.43076923077,22414.142307692313
49,2024-03-07,2024-03-07 09:32:00,CE,22504.9,22495.3,75,-390.75,0.5520999999999999,ORB+ML_CE,STOP,RANGE,22503.55,22483.95,120.0,0.0,22491.83846153846,22549.265384615384
50,2024-03-07,2024-03-07 09:42:00,CE,22506.35,22506.95,75,-2.25,0.5306,ORB+ML_CE,ML_EDGE_COLLAPSED,RANGE,22503.55,22483.95,240.0,78.75000000021828,22475.11923076923,22613.857692307698
51,2024-03-12,2024-03-12 09:42:00,CE,22333.5,22332.75,75,-23.25,0.5238999999999999,ML_CE,ML_EDGE_COLLAPSED,RANGE,22339.1,22314.9,120.0,101.24999999989086,22312.226923076923,22409.08076923077
52,2024-03-13,2024-03-13 09:48:00,CE,21982.0,21997.55,75,-58.5,0.6278,ORB+ML_CE,STOP,RANGE,21980.35,21920.4,300.0,1218.75,21991.0,22137.711538461543
53,2024-03-13,2024-03-13 09:54:00,CE,21988.95,21974.75,75,-36.0,0.5945,ORB+ML_CE,RANGE_DAY_FAST_EXIT,RANGE,21980.35,21920.4,180.0,0.0,21951.034615384615,22119.85384615385
54,2024-03-14,2024-03-14 09:33:00,CE,22132.15,22148.35,75,-35.25,0.5510999999999999,ORB+ML_CE,STOP,RANGE,22130.9,22096.75,180.0,1094.9999999998909,22141.15,22211.861538461537
55,2024-03-14,2024-03-14 09:40:00,CE,22150.4,22151.95,75,69.0,0.5952,ORB+ML_CE,STOP,RANGE,22130.9,22096.75,240.0,179.9999999998363,22150.4,22248.257692307692
56,2024-03-15,2024-03-15 09:32:00,CE,21996.8,22033.25,75,2474.25,0.6581,ML_CE,Drawdown,RANGE,22048.15,22005.6,120.0,2831.25,22005.8,22082.365384615383
57,2024-03-15,2024-03-15 09:41:00,CE,22031.8,22022.4,75,-69.75,0.6629,ML_CE,TIME_EXIT_WEAK,RANGE,22048.15,22005.6,360.0,0.0,21995.457692307693,22155.173076923074
58,2024-03-18,2024-03-18 09:43:00,CE,22055.4,22050.6,75,-384.0,0.5207999999999999,ML_CE,ML_EDGE_COLLAPSED,RANGE,22112.25,22074.55,120.0,0.0,22035.384615384617,22121.403846153848
59,2024-03-19,2024-03-19 09:31:00,CE,21832.3,21831.3,75,-12.0,0.5944,ML_CE,STOP,RANGE,21853.6,21833.25,60.0,0.0,21817.173076923078,21879.619230769225
60,2024-03-20,2024-03-20 09:35:00,CE,21827.25,21833.85,75,-23.25,0.5228999999999999,ML_CE,STOP,RANGE,21859.65,21820.0,120.0,405.00000000010914,21829.916666666668,21896.834615384614
61,2024-03-21,2024-03-21 09:32:00,CE,21984.9,21996.65,75,-23.25,0.5714,ML_CE,Drawdown,RANGE,22033.7,21996.45,120.0,847.4999999999454,21989.9,22046.296153846153
62,2024-03-22,2024-03-22 09:34:00,CE,22120.5,22131.6,75,787.5,0.6434,ML_CE,STOP,RANGE,22180.7,22129.15,240.0,892.5000000001091,22125.5,22189.86153846154
63,2024-03-22,2024-03-22 09:43:00,CE,22110.7,22099.15,75,-873.75,0.6121,ML_CE,STOP,RANGE,22180.7,22129.15,360.0,101.24999999989086,22090.776923076926,22178.180769230767
64,2024-03-26,2024-03-26 09:38:00,CE,21998.6,22006.95,75,474.75,0.5378999999999999,ML_CE,Drawdown,RANGE,22017.2,21992.3,240.0,663.7500000001637,22003.6,22048.834615384618
65,2024-03-26,2024-03-26 09:59:00,CE,22015.75,22017.75,75,126.0,0.5793999999999999,ML_CE,DAY_END,RANGE,22017.2,21992.3,120.0,187.5,22015.75,22048.061538461545
66,2024-03-28,2024-03-28 09:36:00,CE,22364.95,22368.65,75,243.0,0.5264,ML_CE,STOP,RANGE,22503.45,22416.05,180.0,397.49999999994543,22367.61666666667,22465.23076923077
67,2024-03-28,2024-03-28 09:43:00,CE,22285.8,22306.55,75,444.75,0.5867,ML_CE,STOP,RANGE,22503.45,22416.05,240.0,1571.2500000000546,22294.8,22417.149999999998
68,2024-03-28,2024-03-28 09:50:00,CE,22274.6,22291.9,75,1254.0,0.5732999999999999,ML_CE,Drawdown,TREND,22503.45,22416.05,240.0,1372.5000000002183,22283.6,22362.507692307692
69,2024-03-28,2024-03-28 09:56:00,CE,22308.0,22330.55,75,1658.25,0.632,ML_CE,Drawdown,TREND,22503.45,22416.05,180.0,1792.5000000001091,22317.0,22382.376923076918
70,2024-03-28,2024-03-28 09:59:00,CE,22343.6,22342.6,75,0.0,0.6296999999999999,ML_CE,DAY_END,TREND,22503.45,22416.05,0.0,0.0,22321.084615384614,22409.146153846148
71,2024-04-02,2024-04-02 09:34:00,CE,22442.4,22446.25,75,-46.5,0.5373,ORB+ML_CE,STOP,RANGE,22436.95,22420.45,240.0,318.75,22445.06666666667,22475.373076923075
72,2024-04-03,2024-04-03 09:33:00,CE,22436.1,22429.6,75,-23.25,0.5212,ML_CE,ML_EDGE_COLLAPSED,RANGE,22454.55,22434.45,120.0,0.0,22418.06153846154,22495.184615384613
73,2024-04-04,2024-04-04 09:57:00,CE,22548.7,22553.45,75,222.75,0.566,ML_CE,STOP,RANGE,22568.1,22513.75,180.0,292.4999999998363,22548.7,22599.67692307692
74,2024-04-05,2024-04-05 09:32:00,CE,22510.85,22503.55,75,-570.75,0.5478999999999999,ORB+ML_CE,ML_EDGE_COLLAPSED,RANGE,22507.4,22490.75,120.0,0.0,22497.41923076923,22549.757692307696
75,2024-04-15,2024-04-15 09:37:00,CE,22272.25,22269.3,75,-245.25,0.5297,ML_CE,ML_EDGE_COLLAPSED,RANGE,22314.95,22289.25,120.0,0.0,22253.619230769233,22336.10769230769
76,2024-04-16,2024-04-16 09:36:00,CE,22128.65,22126.3,75,-69.75,0.5583,ML_CE,TIME_EXIT_WEAK,RANGE,22138.4,22108.7,360.0,82.49999999989086,22114.01153846154,22178.08461538462
77,2024-04-16,2024-04-16 09:45:00,CE,22152.05,22167.8,75,1134.75,0.5715,ORB+ML_CE,Drawdown,RANGE,22138.4,22108.7,240.0,1263.7500000001637,22161.05,22210.515384615384
78,2024-04-18,2024-04-18 09:50:00,CE,21980.85,22011.55,75,713.25,0.5517,ML_CE,Drawdown,RANGE,22081.8,22007.6,780.0,2347.5000000002183,21989.85,22113.092307692306
79,2024-04-19,2024-04-19 09:33:00,CE,22132.6,22137.25,75,-35.25,0.6003,ML_CE,STOP,RANGE,22155.45,22101.8,180.0,285.0000000002183,22132.6,22212.14615384615
80,2024-04-19,2024-04-19 09:59:00,CE,22131.1,22149.2,75,-36.0,0.6045,ML_CE,DAY_END,RANGE,22155.45,22101.8,180.0,1395.0000000001637,22140.1,22185.33076923077
81,2024-04-25,2024-04-25 09:36:00,CE,22583.35,22577.4,75,-69.75,0.5728,ML_CE,TIME_EXIT_WEAK,RANGE,22606.55,22578.15,360.0,0.0,22558.480769230773,22667.242307692308
82,2024-04-26,2024-04-26 09:32:00,CE,22421.35,22425.55,75,292.5,0.6095,ML_CE,STOP,RANGE,22461.45,22435.4,120.0,390.00000000005457,22424.016666666666,22485.565384615387
83,2024-04-26,2024-04-26 09:41:00,CE,22390.9,22402.35,75,141.0,0.5246999999999999,ML_CE,Drawdown,RANGE,22461.45,22435.4,180.0,869.9999999998909,22395.9,22465.55769230769
84,2024-04-26,2024-04-26 09:48:00,CE,22408.75,22421.8,75,933.0,0.5207999999999999,ML_CE,STOP,RANGE,22461.45,22435.4,240.0,1143.75,22417.75,22477.496153846154
85,2024-04-26,2024-04-26 09:54:00,CE,22453.85,22431.9,75,-324.75,0.6153,ML_CE,RANGE_DAY_FAST_EXIT,RANGE,22461.45,22435.4,180.0,0.0,22430.25,22535.550000000003
86,2024-04-29,2024-04-29 09:33:00,CE,22640.6,22646.3,75,-35.25,0.6171,ML_CE,STOP,RANGE,22640.65,22599.55,180.0,472.5000000002183,22643.266666666666,22703.70384615385
87,2024-04-30,2024-04-30 09:36:00,CE,22651.05,22622.15,75,-148.5,0.5586,ML_CE,STOP,RANGE,22746.85,22689.45,360.0,0.0,22618.734615384612,22761.90384615385
88,2024-05-02,2024-05-02 09:35:00,CE,22662.5,22646.85,75,-961.5,0.5278999999999999,ML_CE,ML_EDGE_COLLAPSED,RANGE,22691.9,22650.55,120.0,0.0,22635.01153846154,22755.784615384615
89,2024-05-06,2024-05-06 09:43:00,CE,22447.0,22447.55,75,-35.25,0.5406,ML_CE,ML_EDGE_COLLAPSED,RANGE,22487.3,22427.05,180.0,56.25,22421.865384615383,22529.796153846153
90,2024-05-07,2024-05-07 09:34:00,CE,22313.75,22317.4,75,227.25,0.623,ML_CE,STOP,RANGE,22323.3,22290.55,240.0,333.75000000005457,22316.416666666668,22384.85
91,2024-05-07,2024-05-07 09:41:00,CE,22296.8,22304.65,75,302.25,0.6708,ML_CE,STOP,RANGE,22323.3,22290.55,240.0,600.0,22301.8,22379.203846153847
92,2024-05-07,2024-05-07 09:48:00,CE,22308.55,22307.9,75,-96.0,0.6755,ML_CE,STOP,RANGE,22323.3,22290.55,240.0,209.99999999994543,22308.55,22382.03846153846
93,2024-05-07,2024-05-07 09:58:00,CE,22307.55,22311.25,75,230.25,0.6125,ML_CE,STOP,RANGE,22323.3,22290.55,240.0,427.50000000005457,22310.216666666667,22372.465384615385
94,2024-05-08,2024-05-08 09:54:00,CE,22303.75,22315.75,75,864.75,0.5945,ML_CE,STOP,RANGE,22307.1,22272.7,180.0,982.4999999998909,22312.75,22352.126923076925
95,2024-05-08,2024-05-08 09:59:00,CE,22313.85,22306.25,75,-594.75,0.6244,ORB+ML_CE,DAY_END,RANGE,22307.1,22272.7,120.0,0.0,22300.35384615385,22353.66153846154
96,2024-05-09,2024-05-09 09:53:00,CE,21942.35,21944.55,75,-36.0,0.5507,ML_CE,STOP,RANGE,22022.85,21970.5,180.0,255.00000000010914,21942.35,22006.41153846154
97,2024-05-10,2024-05-10 09:33:00,CE,22039.15,22062.5,75,903.0,0.5856,ML_CE,Drawdown,RANGE,22043.8,22020.6,180.0,1788.7499999998909,22048.15,22097.1923076923
98,2024-05-10,2024-05-10 09:42:00,CE,22067.8,22050.15,75,-1395.0,0.5529,ORB+ML_CE,TIME_EXIT_WEAK,RANGE,22043.8,22020.6,360.0,0.0,22044.184615384616,22151.353846153845
99,2024-05-13,2024-05-13 09:42:00,CE,22093.1,22098.7,75,-47.25,0.5723,ML_CE,Drawdown,RANGE,22130.7,22106.6,240.0,476.2500000001637,22095.766666666666,22200.165384615386
100,2024-05-14,2024-05-14 09:32:00,CE,22226.5,22213.4,75,-23.25,0.5486,ML_CE,STOP,RANGE,22248.55,22228.2,120.0,0.0,22212.407692307694,22273.573076923076
101,2024-05-15,2024-05-15 09:41:00,CE,22197.05,22209.95,75,653.25,0.5866,ML_CE,Drawdown,RANGE,22227.95,22201.05,480.0,1061.2500000001091,22206.05,22260.52692307692
102,2024-05-15,2024-05-15 09:50:00,CE,22203.95,22193.0,75,-367.5,0.6151,ML_CE,TIME_EXIT_WEAK,RANGE,22227.95,22201.05,360.0,0.0,22187.25,22267.35
103,2024-05-17,2024-05-17 09:46:00,CE,22446.3,22484.3,75,2470.5,0.5275,ML_CE,MaxProfitTrail,RANGE,22480.65,22460.15,540.0,2932.5000000001637,22455.3,22508.35384615384
104,2024-05-17,2024-05-17 09:52:00,CE,22474.5,22468.3,75,-501.0,0.5511999999999999,ML_CE,RANGE_DAY_FAST_EXIT,RANGE,22480.65,22460.15,180.0,0.0,22458.015384615384,22530.396153846155
105,2024-05-22,2024-05-22 09:33:00,CE,22562.15,22586.05,75,1761.75,0.5218999999999999,ML_CE,Drawdown,RANGE,22595.45,22536.55,180.0,1844.9999999998909,22571.15,22641.72307692308
106,2024-05-22,2024-05-22 09:39:00,CE,22596.5,22614.5,75,1053.0,0.5246999999999999,ORB+ML_CE,Drawdown,RANGE,22595.45,22536.55,180.0,1425.0,22605.5,22697.488461538465
107,2024-05-22,2024-05-22 09:50:00,CE,22602.7,22612.3,75,625.5,0.6008,ORB+ML_CE,Drawdown,RANGE,22595.45,22536.55,480.0,847.4999999999454,22607.7,22684.56923076923
108,2024-05-23,2024-05-23 09:35:00,CE,22944.75,22957.05,75,506.25,0.5307,ORB+ML_CE,Drawdown,RANGE,22940.0,22898.75,120.0,866.2499999999454,22949.75,23029.47307692308
109,2024-05-23,2024-05-23 09:45:00,CE,22982.65,22978.05,75,-70.5,0.5785,ORB+ML_CE,TIME_EXIT_WEAK,RANGE,22940.0,22898.75,360.0,26.24999999989086,22959.43846153846,23069.065384615384
110,2024-05-24,2024-05-24 09:34:00,CE,22945.1,22952.65,75,175.5,0.5324,ML_CE,STOP,RANGE,22991.45,22956.45,120.0,585.0000000002183,22950.1,23027.68076923077
111,2024-05-24,2024-05-24 09:41:00,CE,22965.25,22989.65,75,1788.0,0.5637,ML_CE,Drawdown,RANGE,22991.45,22956.45,240.0,1908.7500000000546,22974.25,23063.28461538461
112,2024-05-24,2024-05-24 09:48:00,CE,22960.0,22962.6,75,147.75,0.6195999999999999,ML_CE,STOP,RANGE,22991.45,22956.45,240.0,247.49999999994543,22960.0,23053.49615384615
113,2024-05-24,2024-05-24 09:54:00,CE,22961.8,22957.05,75,-393.0,0.6171,ML_CE,RANGE_DAY_FAST_EXIT,RANGE,22991.45,22956.45,180.0,0.0,22937.111538461537,23041.23461538462
114,2024-05-27,2024-05-27 09:34:00,CE,22884.75,22956.45,75,4197.75,0.589,ML_CE,Drawdown,RANGE,23026.2,22922.75,240.0,5377.500000000055,22893.75,23025.265384615377
115,2024-05-27,2024-05-27 09:40:00,CE,22936.65,22945.7,75,-35.25,0.5614,ML_CE,STOP,RANGE,23026.2,22922.75,180.0,659.9999999999454,22941.65,23103.85769230769
116,2024-05-28,2024-05-28 09:32:00,CE,22894.85,22901.85,75,115.5,0.5385,ML_CE,Drawdown,RANGE,22924.8,22894.95,120.0,528.7500000002183,22899.85,22957.038461538457
117,2024-05-28,2024-05-28 09:37:00,CE,22909.9,22902.4,75,-586.5,0.5348999999999999,ML_CE,ML_EDGE_COLLAPSED,RANGE,22924.8,22894.95,120.0,0.0,22889.619230769233,22977.95769230769
118,2024-05-29,2024-05-29 09:32:00,CE,22712.5,22723.2,75,780.0,0.5400999999999999,ML_CE,STOP,RANGE,22738.1,22705.45,120.0,937.5,22721.5,22771.18846153846
119,2024-05-29,2024-05-29 09:40:00,CE,22688.6,22710.0,75,692.25,0.5392,ML_CE,Drawdown,RANGE,22738.1,22705.45,300.0,1586.2500000001091,22697.6,22761.96538461538
120,2024-05-29,2024-05-29 09:46:00,CE,22711.3,22710.85,75,-57.0,0.5231,ML_CE,ML_EDGE_COLLAPSED,RANGE,22738.1,22705.45,120.0,52.50000000005457,22690.515384615384,22784.046153846153
121,2024-05-30,2024-05-30 09:37:00,CE,22443.85,22512.1,75,4588.5,0.5367,ML_CE,Drawdown,RANGE,22489.65,22417.0,420.0,5058.750000000055,22452.85,22538.738461538458
122,2024-05-30,2024-05-30 09:42:00,CE,22492.05,22497.4,75,-23.25,0.5788,ORB+ML_CE,STOP,RANGE,22489.65,22417.0,120.0,513.7500000001637,22497.05,22648.50384615385
123,2024-05-30,2024-05-30 09:48:00,CE,22491.25,22495.3,75,-35.25,0.5354,ORB+ML_CE,STOP,RANGE,22489.65,22417.0,180.0,352.50000000005457,22493.916666666668,22627.73076923077
124,2024-05-31,2024-05-31 09:49:00,CE,22570.35,22576.4,75,431.25,0.6308,ORB+ML_CE,STOP,RANGE,22533.25,22465.1,120.0,547.5000000002183,22575.35,22680.69230769231
125,2024-05-31,2024-05-31 09:58:00,CE,22556.2,22528.0,75,-501.0,0.6027,ORB+ML_CE,RANGE_DAY_FAST_EXIT,RANGE,22533.25,22465.1,180.0,0.0,22526.899999999998,22656.949999999997
126,2024-06-03,2024-06-03 09:33:00,CE,23232.2,23239.6,75,-35.25,0.609,ML_CE,STOP,RANGE,23262.35,23236.8,180.0,577.5000000000546,23237.2,23296.492307692304
127,2024-06-06,2024-06-06 09:37:00,CE,22788.15,22815.65,75,1092.75,0.6115,ORB+ML_CE,Drawdown,RANGE,22781.5,22712.8,420.0,2268.75,22797.15,22920.665384615386
128,2024-06-07,2024-06-07 09:58:00,CE,23279.9,23282.3,75,-24.0,0.6278,ML_CE,STOP,RANGE,23319.1,23236.25,120.0,375.0,23282.56666666667,23344.526923076923
129,2024-06-10,2024-06-10 09:45:00,CE,23267.75,23261.1,75,-523.5,0.5227999999999999,ML_CE,ML_EDGE_COLLAPSED,RANGE,23300.1,23264.15,120.0,0.0,23243.21923076923,23348.20769230769
130,2024-06-11,2024-06-11 09:59:00,CE,23239.05,23261.3,75,788.25,0.5649,ML_CE,DAY_END,RANGE,23336.2,23315.65,300.0,1706.25,23248.05,23297.196153846155
131,2024-06-12,2024-06-12 09:31:00,CE,23351.45,23350.45,75,-87.0,0.6165,ML_CE,STOP,RANGE,23394.15,23367.5,60.0,0.0,23336.176923076924,23406.93076923077
132,2024-06-13,2024-06-13 09:37:00,CE,23390.4,23399.15,75,-81.75,0.5975,ML_CE,STOP,RANGE,23407.8,23386.0,420.0,716.2499999999454,23395.4,23440.057692307684
133,2024-06-18,2024-06-18 09:36:00,CE,23554.45,23548.55,75,-403.5,0.5733,ORB+ML_CE,TIME_EXIT_WEAK,RANGE,23541.05,23531.85,360.0,3.7499999999454303,23542.484615384616,23592.953846153847
134,2024-06-19,2024-06-19 09:33:00,CE,23532.35,23537.6,75,-35.25,0.5529999999999999,ML_CE,STOP,RANGE,23635.75,23548.75,180.0,367.50000000010914,23535.016666666666,23649.803846153845
135,2024-06-20,2024-06-20 09:50:00,CE,23566.7,23575.5,75,590.25,0.5508,ML_CE,STOP,RANGE,23581.35,23536.35,360.0,603.7499999999454,23571.7,23645.25
136,2024-06-20,2024-06-20 09:58:00,CE,23573.7,23586.5,75,903.0,0.6224,ML_CE,STOP,RANGE,23581.35,23536.35,300.0,1016.2499999999454,23582.7,23623.542307692307
137,2024-06-21,2024-06-21 09:33:00,CE,23547.65,23558.1,75,573.0,0.6466,ORB+ML_CE,STOP,RANGE,23533.9,23459.65,180.0,982.4999999998909,23556.65,23680.823076923076
138,2024-06-21,2024-06-21 09:42:00,CE,23510.3,23484.7,75,-843.0,0.6561,ML_CE,TIME_EXIT_WEAK,RANGE,23533.9,23459.65,360.0,0.0,23466.76923076923,23649.15769230769
139,2024-06-21,2024-06-21 09:47:00,CE,23470.6,23481.8,75,818.25,0.5911,ML_CE,Drawdown,RANGE,23533.9,23459.65,120.0,645.0000000001637,23475.6,23582.684615384616
140,2024-06-24,2024-06-24 09:34:00,CE,23522.5,23529.2,75,468.75,0.5460999999999999,ORB+ML_CE,STOP,RANGE,23519.6,23492.25,180.0,581.25,23527.5,23581.488461538458
141,2024-06-24,2024-06-24 09:42:00,CE,23523.85,23548.2,75,1773.0,0.6181,ORB+ML_CE,Drawdown,RANGE,23519.6,23492.25,300.0,1837.5,23532.85,23586.080769230764
142,2024-06-24,2024-06-24 09:49:00,CE,23536.9,23546.95,75,-35.25,0.5755,ORB+ML_CE,STOP,RANGE,23519.6,23492.25,180.0,772.4999999999454,23541.9,23594.22692307692
143,2024-06-25,2024-06-25 09:46:00,PE,23732.7,23733.65,75,-94.5,0.5259999999999999,ML_PE,ML_EDGE_COLLAPSED,RANGE,23700.45,23673.65,120.0,67.49999999983629,23709.61153846154,23808.78461538462
144,2024-06-26,2024-06-26 09:34:00,CE,23866.7,23872.85,75,415.5,0.6155,ML_CE,STOP,RANGE,23885.5,23857.0,240.0,581.25,23871.7,23925.9076923077
145,2024-06-26,2024-06-26 09:43:00,CE,23849.55,23888.9,75,2852.25,0.5818,ML_CE,Drawdown,RANGE,23885.5,23857.0,360.0,2943.75,23858.55,23910.561538461545
146,2024-06-26,2024-06-26 09:52:00,CE,23867.2,23879.95,75,887.25,0.626,ML_CE,STOP,RANGE,23885.5,23857.0,360.0,1042.4999999998363,23876.2,23935.85769230769
147,2024-06-28,2024-06-28 09:40:00,CE,24015.25,24035.6,75,1482.75,0.5609,ML_CE,STOP,RANGE,24108.1,24063.1,240.0,1657.4999999998909,24024.25,24122.957692307693
148,2024-06-28,2024-06-28 09:48:00,CE,23992.95,23999.9,75,-58.5,0.5864999999999999,ML_CE,STOP,RANGE,24108.1,24063.1,300.0,637.5,23997.95,24099.89615384615
149,2024-07-01,2024-07-01 09:40:00,CE,24150.0,24162.85,75,847.5,0.5964,ORB+ML_CE,STOP,RANGE,24149.6,24133.7,600.0,1001.2499999998909,24159.0,24194.500000000004
150,2024-07-02,2024-07-02 09:31:00,CE,24137.75,24136.75,75,-12.0,0.6001,ML_CE,STOP,RANGE,24147.6,24129.35,60.0,0.0,24124.584615384618,24186.753846153846
151,2024-07-03,2024-07-03 09:40:00,CE,24283.0,24283.4,75,-24.0,0.5349,ORB+ML_CE,STOP,RANGE,24258.35,24238.75,120.0,153.74999999994543,24283.0,24341.680769230767
152,2024-07-04,2024-07-04 09:37:00,CE,24299.6,24299.65,75,-23.25,0.5312,ML_CE,ML_EDGE_COLLAPSED,RANGE,24345.35,24297.3,120.0,78.75000000021828,24283.830769230768,24355.242307692308
153,2024-07-05,2024-07-05 09:48:00,PE,24344.75,24359.95,75,-429.0,0.49169999999999997,ML_PE,STOP,TREND,24234.05,24204.2,180.0,1200.0,24353.75,24411.313461538462
154,2024-07-08,2024-07-08 09:46:00,CE,24310.65,24311.4,75,21.0,0.547,ORB+ML_CE,STOP,RANGE,24306.55,24289.95,180.0,164.99999999978172,24310.65,24369.53076923077
155,2024-07-08,2024-07-08 09:58:00,CE,24307.25,24342.55,75,2556.75,0.5682,ORB+ML_CE,Drawdown,RANGE,24306.55,24289.95,480.0,2598.750000000109,24316.25,24348.976923076923
156,2024-07-09,2024-07-09 09:35:00,CE,24432.55,24436.3,75,-58.5,0.5599,ORB+ML_CE,STOP,RANGE,24427.5,24412.85,300.0,337.5,24435.216666666667,24478.269230769234
157,2024-07-11,2024-07-11 09:45:00,CE,24296.2,24328.5,75,2022.75,0.564,ML_CE,Drawdown,RANGE,24332.0,24295.15,600.0,2433.7500000000546,24305.2,24368.211538461535
158,2024-07-11,2024-07-11 09:58:00,CE,24326.8,24354.7,75,232.5,0.592,ML_CE,Drawdown,RANGE,24332.0,24295.15,600.0,2141.2499999999454,24335.8,24375.023076923073
159,2024-07-12,2024-07-12 09:43:00,CE,24504.55,24506.3,75,84.75,0.5308999999999999,ML_CE,STOP,RANGE,24560.7,24520.55,240.0,202.50000000005457,24504.55,24575.69230769231
160,2024-07-18,2024-07-18 09:33:00,CE,24795.0,24797.8,75,-35.25,0.6652,ML_CE,STOP,RANGE,24837.75,24785.9,180.0,315.00000000005457,24797.666666666668,24883.088461538457
161,2024-07-19,2024-07-19 09:32:00,CE,24546.45,24552.9,75,194.25,0.5275,ML_CE,STOP,RANGE,24586.7,24524.75,120.0,487.5,24549.11666666667,24637.8
162,2024-07-19,2024-07-19 09:41:00,CE,24540.0,24525.75,75,-69.75,0.5692999999999999,ML_CE,TIME_EXIT_WEAK,RANGE,24586.7,24524.75,360.0,0.0,24510.43076923077,24636.292307692314
163,2024-07-22,2024-07-22 09:44:00,CE,24520.1,24517.2,75,-241.5,0.5347,ORB+ML_CE,ML_EDGE_COLLAPSED,RANGE,24517.15,24493.0,120.0,0.0,24504.007692307692,24573.72307692308
164,2024-07-23,2024-07-23 09:35:00,CE,24474.85,24508.05,75,2440.5,0.6065,ML_CE,Drawdown,RANGE,24544.3,24484.45,300.0,2538.7500000001637,24483.85,24581.680769230767
165,2024-07-23,2024-07-23 09:49:00,CE,24472.55,24471.9,75,-131.25,0.6321,ML_CE,STOP,RANGE,24544.3,24484.45,420.0,258.75000000005457,24472.55,24579.649999999998
166,2024-07-24,2024-07-24 09:36:00,CE,24395.7,24415.15,75,1102.5,0.5719,ML_CE,Drawdown,RANGE,24452.0,24415.15,180.0,1443.75,24404.7,24491.203846153847
167,2024-07-25,2024-07-25 09:59:00,CE,24416.25,24414.5,75,-143.25,0.5672,ORB+ML_CE,DAY_END,RANGE,24412.1,24382.15,60.0,0.0,24404.653846153848,24457.96153846154
168,2024-07-29,2024-07-29 09:33:00,CE,24844.35,24856.5,75,453.0,0.5822,ML_CE,STOP,RANGE,24865.85,24834.35,180.0,975.0,24853.35,24913.688461538462
169,2024-07-29,2024-07-29 09:44:00,CE,24816.95,24828.2,75,763.5,0.5861,ML_CE,STOP,RANGE,24865.85,24834.35,420.0,975.0,24825.95,24915.180769230767
170,2024-07-30,2024-07-30 09:48:00,CE,24850.8,24860.05,75,658.5,0.49710000000000004,ML_CE,Drawdown,TREND,24967.85,24908.85,180.0,723.7500000001091,24855.8,24900.024999999998
171,2024-08-02,2024-08-02 09:35:00,CE,24707.8,24717.95,75,727.5,0.5247999999999999,ML_CE,STOP,RANGE,24744.65,24718.95,180.0,659.9999999999454,24712.8,24787.2
172,2024-08-02,2024-08-02 09:40:00,CE,24710.35,24722.55,75,893.25,0.5429999999999999,ML_CE,Drawdown,RANGE,24744.65,24718.95,120.0,885.0000000002183,24715.35,24813.85769230769
173,2024-08-02,2024-08-02 09:45:00,CE,24721.3,24728.35,75,506.25,0.5529,ML_CE,STOP,RANGE,24744.65,24718.95,120.0,495.0000000001637,24723.966666666667,24813.93846153846
174,2024-08-02,2024-08-02 09:52:00,CE,24723.35,24733.6,75,723.0,0.5937,ML_CE,STOP,RANGE,24744.65,24718.95,240.0,652.5000000000546,24728.35,24816.415384615386
175,2024-08-02,2024-08-02 09:59:00,CE,24707.0,24698.95,75,-537.0,0.5528,ML_CE,DAY_END,RANGE,24744.65,24718.95,60.0,0.0,24687.326923076922,24779.23076923077
176,2024-08-05,2024-08-05 09:38:00,CE,24069.25,24041.05,75,-1514.25,0.6148,ML_CE,STOP,RANGE,24115.0,24078.15,360.0,116.24999999994543,24040.138461538463,24166.41538461539
177,2024-08-07,2024-08-07 09:34:00,CE,24274.9,24285.65,75,785.25,0.5718,ML_CE,Drawdown,RANGE,24275.25,24244.45,120.0,794.9999999998909,24279.9,24333.803846153845
178,2024-08-09,2024-08-09 09:41:00,CE,24373.95,24380.6,75,465.0,0.5612,ML_CE,STOP,RANGE,24377.5,24360.2,180.0,498.7499999998363,24376.61666666667,24422.43076923077
179,2024-08-09,2024-08-09 09:50:00,CE,24374.35,24362.2,75,-984.0,0.5804,ML_CE,TIME_EXIT_WEAK,RANGE,24377.5,24360.2,360.0,0.0,24357.342307692306,24419.026923076923
180,2024-08-12,2024-08-12 09:39:00,CE,24348.35,24348.35,75,-23.25,0.5373,ML_CE,ML_EDGE_COLLAPSED,RANGE,24429.35,24349.0,120.0,0.0,24313.615384615387,24458.896153846155
181,2024-08-13,2024-08-13 09:34:00,CE,24158.35,24145.15,75,-649.5,0.5065999999999999,ORB+ML_CE,ML_EDGE_COLLAPSED,RANGE,24155.7,24121.6,120.0,0.0,24133.326923076922,24241.880769230775
182,2024-08-14,2024-08-14 09:35:00,CE,24131.35,24149.9,75,-58.5,0.5382,ML_CE,Drawdown,RANGE,24157.65,24129.35,300.0,1485.0000000002183,24140.35,24190.430769230767
183,2024-08-16,2024-08-16 09:35:00,CE,24518.1,24540.75,75,1656.0,0.5805,ORB+ML_CE,STOP,RANGE,24518.6,24477.5,240.0,1822.5000000002183,24527.1,24591.97692307692
184,2024-08-16,2024-08-16 09:44:00,CE,24554.9,24557.15,75,110.25,0.5364,ORB+ML_CE,STOP,RANGE,24518.6,24477.5,300.0,232.49999999989086,24554.9,24637.265384615384
185,2024-08-19,2024-08-19 09:44:00,CE,24564.6,24575.25,75,764.25,0.5408,ML_CE,Drawdown,RANGE,24592.35,24576.3,180.0,821.2500000000546,24569.6,24614.58461538462
186,2024-08-19,2024-08-19 09:50:00,CE,24585.75,24588.85,75,-35.25,0.5573,ML_CE,STOP,RANGE,24592.35,24576.3,180.0,232.49999999989086,24585.75,24638.69230769231
187,2024-08-26,2024-08-26 09:33:00,CE,25012.05,25008.65,75,-289.5,0.5303,ML_CE,ML_EDGE_COLLAPSED,RANGE,25029.5,25013.45,180.0,0.0,24997.98846153846,25053.165384615382
188,2024-08-30,2024-08-30 09:42:00,CE,25252.7,25227.95,75,-225.75,0.5277,ORB+ML_CE,STOP,RANGE,25246.35,25223.2,120.0,0.0,25225.215384615385,25345.74615384615
189,2024-09-05,2024-09-05 09:45:00,CE,25160.15,25150.35,75,-759.0,0.5399999999999999,ORB+ML_CE,ML_EDGE_COLLAPSED,RANGE,25156.25,25135.7,120.0,0.0,25133.515384615384,25255.396153846148
190,2024-09-12,2024-09-12 09:49:00,CE,25375.2,25371.05,75,-23.25,0.5331,ORB+ML_CE,ML_EDGE_COLLAPSED,TREND,25350.45,25256.8,120.0,0.0,25352.278846153848,25445.763461538463
191,2024-09-18,2024-09-18 09:41:00,PE,25405.5,25398.85,75,63.0,0.5327999999999999,ML_PE,ML_EDGE_COLLAPSED,RANGE,25370.55,25335.25,120.0,0.0,25383.492307692304,25476.67692307693
192,2024-09-19,2024-09-19 09:45:00,CE,25413.4,25424.05,75,717.75,0.5826,ML_CE,STOP,RANGE,25421.5,25388.6,420.0,963.7499999998909,25422.4,25494.407692307694
193,2024-09-23,2024-09-23 09:40:00,PE,25954.55,25950.3,75,-24.0,0.5354,ML_PE,ML_EDGE_COLLAPSED,RANGE,25945.9,25920.9,120.0,0.0,25936.11153846154,26017.28461538462
194,2024-09-25,2024-09-25 09:35:00,PE,25984.55,25991.2,75,-522.0,0.5364,ML_PE,STOP,RANGE,25945.05,25923.0,120.0,506.25,25989.55,26052.98076923077
195,2024-10-01,2024-10-01 09:35:00,CE,25807.2,25816.15,75,624.75,0.5059,ORB+ML_CE,STOP,RANGE,25785.3,25757.55,240.0,738.7499999998909,25812.2,25867.22692307692
196,2024-10-01,2024-10-01 09:53:00,CE,25796.1,25804.7,75,292.5,0.5728,ORB+ML_CE,STOP,RANGE,25785.3,25757.55,300.0,615.0000000000546,25801.1,25851.438461538462
197,2024-10-01,2024-10-01 09:59:00,CE,25808.8,25812.05,75,208.5,0.5997,ORB+ML_CE,DAY_END,RANGE,25785.3,25757.55,180.0,281.25,25808.8,25858.865384615387
198,2024-10-03,2024-10-03 09:38:00,CE,25252.6,25255.55,75,198.0,0.5354,ML_CE,STOP,RANGE,25273.85,25238.05,120.0,213.7500000001637,25252.6,25340.296153846153
199,2024-10-03,2024-10-03 09:44:00,CE,25256.9,25262.15,75,358.5,0.5467,ML_CE,STOP,RANGE,25273.85,25238.05,180.0,442.4999999998363,25259.56666666667,25339.69230769231
200,2024-10-07,2024-10-07 09:39:00,CE,24814.65,24801.7,75,-1041.75,0.6092,ML_CE,TIME_EXIT_WEAK,RANGE,24923.2,24793.7,360.0,0.0,24750.31153846154,25029.934615384613
201,2024-10-08,2024-10-08 09:34:00,CE,25015.15,25015.85,75,29.25,0.49920000000000003,ORB+ML_CE,STOP,RANGE,24979.25,24925.1,120.0,153.74999999994543,25015.15,25139.242307692308
202,2024-10-08,2024-10-08 09:44:00,CE,25002.65,25012.9,75,687.0,0.5647,ORB+ML_CE,Drawdown,RANGE,24979.25,24925.1,420.0,817.4999999998363,25007.65,25113.576923076922
203,2024-10-08,2024-10-08 09:50:00,CE,25026.45,25009.65,75,-35.25,0.6077,ORB+ML_CE,RANGE_DAY_FAST_EXIT,RANGE,24979.25,24925.1,180.0,0.0,25006.91153846154,25093.484615384616
204,2024-10-11,2024-10-11 09:55:00,CE,24962.2,24975.4,75,861.0,0.5808,ML_CE,Drawdown,RANGE,24975.45,24955.2,660.0,1192.4999999998363,24971.2,25020.823076923076
205,2024-10-14,2024-10-14 09:33:00,CE,25125.4,25128.15,75,-35.25,0.5245,ML_CE,STOP,RANGE,25139.55,25110.1,180.0,269.99999999989086,25125.4,25192.407692307694
206,2024-10-15,2024-10-15 09:35:00,CE,25056.5,25049.45,75,-511.5,0.5394,ORB+ML_CE,ML_EDGE_COLLAPSED,RANGE,25051.65,25026.85,120.0,0.0,25036.753846153846,25124.26153846154
207,2024-10-17,2024-10-17 09:36:00,CE,24746.95,24746.7,75,-46.5,0.5216999999999999,ML_CE,ML_EDGE_COLLAPSED,RANGE,24754.4,24730.0,240.0,7.499999999890861,24732.811538461538,24794.184615384616
208,2024-10-18,2024-10-18 09:38:00,CE,24859.0,24843.05,75,-698.25,0.5275,ML_CE,ML_EDGE_COLLAPSED,RANGE,24884.35,24852.5,120.0,0.0,24838.415384615382,24922.49615384615
209,2024-10-24,2024-10-24 09:32:00,CE,24406.15,24412.85,75,480.0,0.5678,ML_CE,STOP,RANGE,24407.35,24388.2,120.0,562.5,24411.15,24464.742307692308
210,2024-10-24,2024-10-24 09:37:00,CE,24407.8,24414.1,75,449.25,0.6237,ORB+ML_CE,STOP,RANGE,24407.35,24388.2,120.0,438.7500000001637,24410.466666666667,24463.39615384615
211,2024-10-24,2024-10-24 09:48:00,CE,24410.15,24404.5,75,-459.0,0.5728,ORB+ML_CE,RANGE_DAY_FAST_EXIT,RANGE,24407.35,24388.2,180.0,0.0,24392.615384615383,24466.796153846153
212,2024-10-24,2024-10-24 09:59:00,CE,24408.5,24414.1,75,348.75,0.6046,ORB+ML_CE,DAY_END,RANGE,24407.35,24388.2,360.0,457.49999999989086,24411.166666666668,24453.365384615387
213,2024-10-25,2024-10-25 09:36:00,CE,24151.35,24137.55,75,-171.0,0.5921,ML_CE,TIME_EXIT_WEAK,RANGE,24155.55,24091.05,360.0,0.0,24119.71538461538,24259.59615384616
214,2024-10-30,2024-10-30 09:34:00,CE,24340.6,24348.45,75,-23.25,0.5380999999999999,ML_CE,Drawdown,RANGE,24369.15,24345.9,120.0,540.0000000000546,24345.6,24403.330769230768
215,2024-10-31,2024-10-31 09:42:00,CE,24204.85,24218.2,75,919.5,0.5548,ML_CE,Drawdown,RANGE,24225.25,24187.3,420.0,1106.25,24213.85,24256.21153846154
216,2024-11-01,2024-11-01 12:34:00,PE,24317.25,24350.8,75,-66.0,0.5528,ML_PE,Drawdown,RANGE,,,240.0,2497.4999999999454,24326.25,24427.165384615382
217,2024-11-05,2024-11-05 09:34:00,CE,24222.4,24220.2,75,-188.25,0.5409,ORB+ML_CE,ML_EDGE_COLLAPSED,RANGE,24205.95,24180.7,120.0,0.0,24198.423076923078,24303.169230769236
218,2024-11-06,2024-11-06 09:32:00,CE,24484.2,24494.0,75,-23.25,0.49369999999999997,ORB+ML_CE,STOP,RANGE,24473.25,24447.65,120.0,836.2499999998363,24489.2,24554.523076923077
219,2024-11-07,2024-11-07 09:42:00,CE,24199.0,24198.85,75,-93.75,0.5440999999999999,ML_CE,STOP,RANGE,24204.6,24180.4,480.0,236.25000000010914,24199.0,24247.234615384612
220,2024-11-08,2024-11-08 09:36:00,CE,24166.6,24148.35,75,-1315.5,0.6069,ML_CE,TIME_EXIT_WEAK,RANGE,24171.8,24145.85,360.0,0.0,24146.111538461537,24220.98461538462
221,2024-11-11,2024-11-11 09:36:00,CE,24125.1,24146.05,75,-57.75,0.5923,ML_CE,Drawdown,RANGE,24204.0,24163.3,300.0,1612.5,24134.1,24217.51153846154
222,2024-11-12,2024-11-12 09:34:00,CE,23927.25,23924.9,75,-34.5,0.5253,ML_CE,ML_EDGE_COLLAPSED,RANGE,23962.3,23925.8,180.0,0.0,23902.71538461538,24012.446153846155
223,2024-11-13,2024-11-13 09:58:00,CE,23614.95,23612.75,75,-201.0,0.5702999999999999,ORB+ML_CE,RANGE_DAY_FAST_EXIT,RANGE,23586.75,23545.5,180.0,11.249999999836291,23595.915384615386,23676.39615384615
224,2024-11-14,2024-11-14 09:34:00,CE,23509.95,23517.0,75,483.0,0.5363,ML_CE,STOP,RANGE,23538.75,23520.65,240.0,637.5,23514.95,23570.21538461538
225,2024-11-14,2024-11-14 09:39:00,CE,23533.2,23540.55,75,-23.25,0.5566,ML_CE,STOP,RANGE,23538.75,23520.65,120.0,528.7499999999454,23538.2,23625.438461538462
226,2024-11-14,2024-11-14 09:52:00,CE,23541.8,23551.2,75,-5.25,0.5448999999999999,ORB+ML_CE,STOP,RANGE,23538.75,23520.65,480.0,697.4999999999454,23546.8,23652.069230769237
227,2024-11-18,2024-11-18 09:44:00,CE,23445.45,23456.75,75,435.75,0.5722999999999999,ML_CE,STOP,RANGE,23475.75,23429.45,360.0,967.4999999998363,23454.45,23511.834615384614
228,2024-11-18,2024-11-18 09:50:00,CE,23474.25,23462.4,75,-926.25,0.6175999999999999,ML_CE,STOP,RANGE,23475.75,23429.45,180.0,0.0,23458.350000000002,23530.8
229,2024-11-19,2024-11-19 09:38:00,CE,23547.85,23556.8,75,463.5,0.5825,ML_CE,Drawdown,RANGE,23717.45,23576.3,240.0,768.75,23552.85,23701.14230769231
230,2024-11-19,2024-11-19 09:47:00,CE,23508.05,23513.6,75,345.75,0.5845,ML_CE,STOP,RANGE,23717.45,23576.3,360.0,345.0000000001637,23510.716666666667,23658.94230769231
231,2024-11-19,2024-11-19 09:53:00,CE,23499.65,23502.0,75,114.0,0.6312,ML_CE,STOP,TREND,23717.45,23576.3,180.0,359.99999999994543,23502.31666666667,23575.161538461536
232,2024-11-19,2024-11-19 09:58:00,CE,23491.65,23481.75,75,-24.0,0.6702,ML_CE,STOP,TREND,23717.45,23576.3,120.0,0.0,23474.415384615382,23547.153846153844
233,2024-11-21,2024-11-21 09:39:00,CE,23344.3,23357.7,75,542.25,0.5053,ORB+ML_CE,Drawdown,RANGE,23343.6,23319.15,180.0,1050.0,23353.3,23423.361538461537
234,2024-11-21,2024-11-21 09:48:00,CE,23354.55,23365.65,75,762.75,0.6174,ORB+ML_CE,STOP,RANGE,23343.6,23319.15,360.0,911.2500000001091,23363.55,23439.27307692308
235,2024-11-21,2024-11-21 09:53:00,CE,23359.55,23360.9,75,78.0,0.6757,ORB+ML_CE,STOP,RANGE,23343.6,23319.15,120.0,187.5,23359.55,23421.196153846155
236,2024-11-21,2024-11-21 09:59:00,CE,23352.9,23346.25,75,-241.5,0.5704,ORB+ML_CE,DAY_END,RANGE,23343.6,23319.15,120.0,0.0,23337.634615384617,23407.903846153848
237,2024-11-25,2024-11-25 09:31:00,CE,24229.8,24228.8,75,-12.0,0.6118,ML_CE,STOP,RANGE,24267.8,24219.5,60.0,0.0,24208.62692307692,24304.130769230767
238,2024-11-26,2024-11-26 09:35:00,CE,24203.05,24194.85,75,-275.25,0.5823,ML_CE,STOP,RANGE,24240.1,24209.55,240.0,0.0,24184.23076923077,24263.29230769231
239,2024-12-03,2024-12-03 09:48:00,CE,24470.7,24463.7,75,-597.0,0.5733,ORB+ML_CE,TIME_EXIT_WEAK,RANGE,24468.1,24449.25,360.0,0.0,24454.29230769231,24522.276923076923
240,2024-12-04,2024-12-04 09:54:00,CE,24476.95,24481.15,75,-95.25,0.5587,ML_CE,STOP,RANGE,24479.35,24417.25,480.0,359.99999999994543,24479.61666666667,24528.00769230769
241,2024-12-05,2024-12-05 09:48:00,CE,24744.5,24755.85,75,415.5,0.6031,ML_CE,STOP,EXPANSION,24826.5,24495.05,120.0,903.7499999999454,24753.5,24883.530769230765
242,2024-12-05,2024-12-05 09:59:00,CE,24705.2,24701.05,75,-323.25,0.6515,ML_CE,DAY_END,EXPANSION,24826.5,24495.05,60.0,0.0,24684.2,24785.449999999997
243,2024-12-09,2024-12-09 09:36:00,CE,24610.55,24618.55,75,565.5,0.5649,ML_CE,Drawdown,RANGE,24645.25,24617.95,180.0,622.4999999999454,24615.55,24666.48846153846
244,2024-12-09,2024-12-09 09:49:00,CE,24610.15,24616.45,75,402.0,0.5360999999999999,ML_CE,Drawdown,RANGE,24645.25,24617.95,360.0,525.0,24615.15,24660.419230769232
245,2024-12-09,2024-12-09 09:58:00,CE,24628.6,24631.4,75,-60.0,0.5879,ML_CE,STOP,RANGE,24645.25,24617.95,300.0,318.75,24631.266666666666,24662.892307692306
246,2024-12-11,2024-12-11 09:46:00,CE,24646.35,24649.05,75,-82.5,0.49879999999999997,ORB+ML_CE,STOP,RANGE,24639.25,24615.55,420.0,363.7500000001637,24649.016666666666,24686.453846153843
247,2024-12-16,2024-12-16 09:32:00,CE,24687.85,24673.15,75,-23.25,0.5436,ORB+ML_CE,ML_EDGE_COLLAPSED,RANGE,24687.15,24667.2,120.0,0.0,24673.10384615385,24738.561538461538
248,2024-12-18,2024-12-18 09:35:00,CE,24197.15,24202.25,75,145.5,0.5231,ML_CE,STOP,RANGE,24201.3,24172.1,120.0,442.4999999998363,24199.81666666667,24253.815384615384
249,2024-12-18,2024-12-18 09:41:00,CE,24187.2,24193.8,75,-35.25,0.5626,ML_CE,STOP,RANGE,24201.3,24172.1,180.0,547.4999999999454,24192.2,24239.146153846155
250,2024-12-19,2024-12-19 09:32:00,CE,23945.3,23951.8,75,111.75,0.5239999999999999,ML_CE,STOP,RANGE,23961.9,23941.15,120.0,562.5,23950.3,23995.89615384616
251,2024-12-19,2024-12-19 09:40:00,CE,23963.15,23953.45,75,-786.0,0.5796,ORB+ML_CE,STOP,RANGE,23961.9,23941.15,300.0,0.0,23949.711538461535,24011.98461538462
252,2024-12-20,2024-12-20 09:59:00,CE,23631.85,23630.85,75,0.0,0.5135,ML_CE,DAY_END,TREND,23696.0,23633.8,0.0,0.0,23604.546153846153,23711.761538461535
253,2024-12-23,2024-12-23 09:36:00,CE,23731.8,23747.2,75,-46.5,0.6072,ML_CE,Drawdown,RANGE,23754.3,23728.3,240.0,1226.2500000001637,23740.8,23806.076923076926
254,2024-12-24,2024-12-24 09:33:00,CE,23725.0,23732.1,75,499.5,0.5488999999999999,ML_CE,STOP,RANGE,23744.15,23717.9,180.0,712.5,23730.0,23797.02692307692
255,2024-12-24,2024-12-24 09:40:00,CE,23718.6,23727.45,75,618.75,0.5434,ML_CE,Drawdown,RANGE,23744.15,23717.9,240.0,540.0000000000546,23723.6,23781.911538461536
256,2024-12-24,2024-12-24 09:53:00,CE,23716.65,23743.35,75,1888.5,0.5841999999999999,ML_CE,Drawdown,RANGE,23744.15,23717.9,600.0,1991.2499999999454,23725.65,23771.676923076924
257,2024-12-24,2024-12-24 09:59:00,CE,23746.75,23748.65,75,-36.0,0.6075,ORB+ML_CE,RANGE_DAY_FAST_EXIT,RANGE,23744.15,23717.9,180.0,15.00000000005457,23730.123076923075,23800.66923076923
258,2024-12-26,2024-12-26 09:36:00,CE,23752.4,23744.35,75,-249.75,0.6027,ML_CE,TIME_EXIT_WEAK,RANGE,23762.9,23746.85,360.0,0.0,23736.853846153845,23801.41153846154
259,2024-12-30,2024-12-30 09:36:00,CE,23672.15,23650.2,75,-1717.5,0.5841,ML_CE,TIME_EXIT_WEAK,RANGE,23707.5,23657.6,360.0,0.0,23642.71923076923,23774.257692307692
260,2024-12-31,2024-12-31 09:59:00,CE,23645.9,23668.3,75,1301.25,0.5924,ML_CE,DAY_END,RANGE,23665.65,23641.1,360.0,1717.4999999998363,23654.9,23698.15769230769
261,2025-01-01,2025-01-01 09:32:00,CE,23743.55,23730.45,75,-23.25,0.5326,ML_CE,ML_EDGE_COLLAPSED,RANGE,23768.6,23734.75,120.0,0.0,23727.092307692306,23801.376923076918
262,2025-01-02,2025-01-02 09:33:00,CE,24185.7,24190.15,75,-35.25,0.5673,ML_CE,STOP,RANGE,24226.7,24173.25,180.0,333.75000000005457,24188.36666666667,24260.526923076926
263,2025-01-03,2025-01-03 09:41:00,CE,23987.2,24015.1,75,1086.75,0.5254,ML_CE,MaxProfitTrail,RANGE,24053.5,24029.0,240.0,2171.2500000000546,23996.2,24059.753846153846
264,2025-01-03,2025-01-03 09:46:00,CE,24008.65,24017.0,75,603.0,0.5687,ML_CE,Drawdown,RANGE,24053.5,24029.0,120.0,746.2499999997817,24013.65,24088.711538461543
265,2025-01-03,2025-01-03 09:56:00,CE,23999.45,23996.35,75,-36.0,0.5504,ML_CE,RANGE_DAY_FAST_EXIT,RANGE,24053.5,24029.0,180.0,0.0,23979.026923076923,24062.83076923077
266,2025-01-06,2025-01-06 09:41:00,CE,23624.55,23643.0,75,1329.75,0.578,ML_CE,STOP,RANGE,23644.05,23572.35,300.0,1406.25,23633.55,23708.303846153845
267,2025-01-06,2025-01-06 09:56:00,CE,23587.65,23633.1,75,2343.0,0.5771,ML_CE,Drawdown,RANGE,23644.05,23572.35,720.0,3532.499999999891,23596.65,23678.16153846154
268,2025-01-06,2025-01-06 09:59:00,CE,23630.1,23629.1,75,0.0,0.6555,ML_CE,DAY_END,RANGE,23644.05,23572.35,0.0,0.0,23606.746153846154,23709.58846153846
269,2025-01-07,2025-01-07 09:45:00,CE,23713.7,23703.45,75,-792.75,0.5365,ML_CE,ML_EDGE_COLLAPSED,RANGE,23728.6,23684.35,120.0,0.0,23689.823076923076,23792.31923076923
270,2025-01-08,2025-01-08 09:59:00,CE,23675.7,23674.7,75,0.0,0.5954,ML_CE,DAY_END,RANGE,23718.65,23674.15,0.0,0.0,23660.515384615384,23726.596153846156
271,2025-01-09,2025-01-09 09:32:00,CE,23524.3,23519.6,75,-375.75,0.5408,ML_CE,ML_EDGE_COLLAPSED,RANGE,23525.15,23503.05,120.0,0.0,23508.661538461536,23578.134615384617
272,2025-01-13,2025-01-13 09:42:00,CE,23068.85,23091.1,75,1590.75,0.5266,ML_CE,Drawdown,RANGE,23122.8,23075.45,420.0,1710.0000000002183,23077.85,23173.696153846155
273,2025-01-13,2025-01-13 09:52:00,CE,23098.9,23094.9,75,-36.0,0.5761,ML_CE,RANGE_DAY_FAST_EXIT,RANGE,23122.8,23075.45,180.0,0.0,23079.880769230767,23161.64230769231
274,2025-01-14,2025-01-14 09:45:00,CE,23176.25,23172.4,75,-70.5,0.5722999999999999,ML_CE,TIME_EXIT_WEAK,RANGE,23183.3,23164.6,360.0,0.0,23158.223076923077,23239.569230769226
275,2025-01-15,2025-01-15 09:32:00,CE,23224.6,23221.05,75,-289.5,0.532,ORB+ML_CE,ML_EDGE_COLLAPSED,RANGE,23219.4,23186.95,120.0,0.0,23205.015384615384,23288.196153846155
276,2025-01-15,2025-01-15 09:56:00,CE,23223.3,23217.7,75,-456.75,0.5746,ORB+ML_CE,RANGE_DAY_FAST_EXIT,RANGE,23219.4,23186.95,180.0,0.0,23206.584615384618,23274.60384615385
277,2025-01-17,2025-01-17 09:35:00,CE,23217.8,23206.6,75,-898.5,0.6153,ML_CE,STOP,RANGE,23245.05,23217.5,300.0,0.0,23197.96923076923,23280.907692307697
278,2025-01-20,2025-01-20 09:33:00,CE,23347.55,23350.15,75,-12.0,0.601,ML_CE,STOP,RANGE,23365.55,23350.75,120.0,161.25000000010914,23347.55,23392.288461538457
279,2025-01-27,2025-01-27 09:52:00,CE,22835.4,22829.55,75,-71.25,0.5789,ORB+ML_CE,TIME_EXIT_WEAK,RANGE,22833.35,22786.9,360.0,0.0,22818.696153846155,22893.188461538462
280,2025-01-28,2025-01-28 09:32:00,CE,22970.0,22956.05,75,-1071.0,0.5480999999999999,ML_CE,ML_EDGE_COLLAPSED,RANGE,23132.4,22956.95,120.0,0.0,22917.984615384616,23141.253846153846
281,2025-01-29,2025-01-29 09:37:00,CE,23144.15,23156.15,75,414.75,0.5251,ML_CE,STOP,RANGE,23149.65,23130.9,240.0,944.9999999998909,23153.15,23203.665384615382
282,2025-01-29,2025-01-29 09:51:00,CE,23157.85,23165.6,75,451.5,0.6418,ORB+ML_CE,Drawdown,RANGE,23149.65,23130.9,660.0,528.7500000002183,23162.85,23216.69615384615
283,2025-01-29,2025-01-29 09:58:00,CE,23178.15,23172.35,75,-48.0,0.5875,ORB+ML_CE,RANGE_DAY_FAST_EXIT,RANGE,23149.65,23130.9,240.0,0.0,23164.388461538463,23220.91538461539
284,2025-01-30,2025-01-30 09:33:00,CE,23206.45,23228.3,75,1606.5,0.5851999999999999,ORB+ML_CE,Drawdown,RANGE,23205.7,23148.8,180.0,1784.9999999999454,23215.45,23292.72307692308
285,2025-01-30,2025-01-30 09:41:00,CE,23228.25,23249.7,75,-58.5,0.5447,ORB+ML_CE,Drawdown,RANGE,23205.7,23148.8,300.0,1837.5,23237.25,23324.046153846157
286,2025-01-31,2025-01-31 09:43:00,CE,23494.6,23513.8,75,976.5,0.5691,ML_CE,Drawdown,RANGE,23501.1,23477.25,300.0,1507.5000000001637,23503.6,23560.719230769235
287,2025-01-31,2025-01-31 09:55:00,CE,23508.25,23520.55,75,816.75,0.5855,ORB+ML_CE,Drawdown,RANGE,23501.1,23477.25,540.0,975.0,23517.25,23558.92307692308
288,2025-01-31,2025-01-31 09:59:00,CE,23534.35,23533.35,75,0.0,0.589,ORB+ML_CE,DAY_END,RANGE,23501.1,23477.25,0.0,0.0,23517.95769230769,23589.47307692308
289,2025-02-01,2025-02-01 09:33:00,CE,23513.45,23497.75,75,-1044.75,0.5982,ORB+ML_CE,STOP,RANGE,23511.15,23473.95,180.0,0.0,23491.226923076923,23584.48076923077
290,2025-02-03,2025-02-03 09:33:00,CE,23353.85,23358.1,75,284.25,0.5630999999999999,ML_CE,STOP,RANGE,23355.6,23327.0,180.0,390.00000000005457,23356.516666666666,23411.850000000002
291,2025-02-03,2025-02-03 09:41:00,CE,23360.1,23374.0,75,985.5,0.6276,ORB+ML_CE,Drawdown,RANGE,23355.6,23327.0,300.0,1147.5000000002183,23369.1,23415.31923076923
292,2025-02-03,2025-02-03 09:50:00,CE,23367.7,23357.2,75,-859.5,0.601,ORB+ML_CE,TIME_EXIT_WEAK,RANGE,23355.6,23327.0,360.0,0.0,23351.246153846158,23421.68846153846
293,2025-02-03,2025-02-03 09:59:00,CE,23360.2,23359.2,75,-75.0,0.5751,ORB+ML_CE,DAY_END,RANGE,23355.6,23327.0,0.0,0.0,23347.707692307693,23401.673076923078
294,2025-02-04,2025-02-04 09:57:00,CE,23722.25,23710.7,75,-903.0,0.6023,ML_CE,RANGE_DAY_FAST_EXIT,RANGE,23752.7,23684.6,180.0,0.0,23702.95,23787.999999999996
295,2025-02-05,2025-02-05 09:41:00,CE,23688.15,23700.65,75,-9.75,0.5256,ML_CE,Drawdown,RANGE,23735.4,23720.5,300.0,911.2499999998363,23697.15,23738.365384615387
296,2025-02-06,2025-02-06 09:37:00,CE,23580.95,23609.05,75,597.75,0.5891,ML_CE,Drawdown,RANGE,23582.65,23567.2,420.0,2126.249999999891,23589.95,23631.788461538465
297,2025-02-07,2025-02-07 09:59:00,CE,23577.55,23567.6,75,-24.0,0.4892,ORB+ML_CE,ML_EDGE_COLLAPSED,TREND,23495.2,23450.25,120.0,0.0,23562.14615384615,23619.56153846154
298,2025-02-10,2025-02-10 09:41:00,CE,23377.15,23388.6,75,-46.5,0.5703,ML_CE,STOP,RANGE,23401.0,23360.1,240.0,900.0,23386.15,23442.388461538467
299,2025-02-12,2025-02-12 09:37:00,CE,23015.3,23046.65,75,2299.5,0.5327,ORB+ML_CE,Drawdown,RANGE,22998.35,22968.0,300.0,2580.000000000109,23024.3,23104.28846153846
300,2025-02-18,2025-02-18 09:53:00,CE,22937.2,22930.15,75,-36.0,0.5945,ML_CE,RANGE_DAY_FAST_EXIT,RANGE,22966.55,22925.8,180.0,0.0,22925.765384615388,22978.796153846146
301,2025-02-19,2025-02-19 09:58:00,CE,22929.8,22931.0,75,-84.0,0.578,ORB+ML_CE,STOP,RANGE,22927.05,22878.55,420.0,165.00000000005457,22929.8,22969.134615384617
302,2025-02-20,2025-02-20 09:33:00,CE,22911.25,22912.25,75,40.5,0.5797,ML_CE,STOP,RANGE,22923.85,22896.95,180.0,191.24999999994543,22911.25,22954.97692307692
303,2025-02-20,2025-02-20 09:40:00,CE,22910.0,22914.35,75,279.75,0.5849,ML_CE,STOP,RANGE,22923.85,22896.95,240.0,333.75000000005457,22912.666666666668,22945.57692307692
304,2025-02-20,2025-02-20 09:50:00,CE,22916.8,22918.6,75,51.75,0.5791,ML_CE,STOP,RANGE,22923.85,22896.95,420.0,187.5,22916.8,22949.5
305,2025-02-21,2025-02-21 09:59:00,CE,22784.5,22776.7,75,-36.0,0.6133,ML_CE,STOP,RANGE,22800.7,22771.75,180.0,0.0,22772.465384615385,22824.596153846156
306,2025-02-24,2025-02-24 09:41:00,CE,22555.0,22565.45,75,679.5,0.6005,ML_CE,STOP,RANGE,22590.15,22566.85,540.0,858.7500000000546,22560.0,22606.33846153846
307,2025-02-24,2025-02-24 09:47:00,CE,22555.1,22562.5,75,519.75,0.5360999999999999,ML_CE,STOP,RANGE,22590.15,22566.85,180.0,502.50000000005457,22560.1,22594.38461538462
308,2025-02-24,2025-02-24 09:53:00,CE,22547.85,22549.15,75,-36.0,0.6357999999999999,ML_CE,STOP,RANGE,22590.15,22566.85,180.0,150.0,22547.85,22592.86153846154
309,2025-02-28,2025-02-28 09:36:00,CE,22140.6,22134.75,75,-69.75,0.6449,ML_CE,TIME_EXIT_WEAK,RANGE,22198.75,22153.9,360.0,86.25000000010914,22115.97692307692,22224.53076923077
310,2025-03-03,2025-03-03 09:37:00,CE,22103.5,22122.6,75,1353.0,0.5491999999999999,ML_CE,Drawdown,RANGE,22144.75,22112.35,420.0,1484.9999999999454,22112.5,22181.91153846154
311,2025-03-04,2025-03-04 09:34:00,CE,22085.85,22094.8,75,-46.5,0.5993,ML_CE,STOP,RANGE,22104.65,22075.5,240.0,716.2500000002183,22090.85,22134.68846153846
312,2025-03-05,2025-03-05 09:36:00,CE,22341.5,22331.8,75,-69.75,0.6437,ML_CE,TIME_EXIT_WEAK,RANGE,22353.85,22328.3,360.0,0.0,22326.05384615385,22396.46153846154
313,2025-03-06,2025-03-06 09:56:00,CE,22543.6,22537.9,75,-36.0,0.5964,ML_CE,RANGE_DAY_FAST_EXIT,RANGE,22555.85,22524.1,180.0,0.0,22529.17692307692,22591.830769230768
314,2025-03-07,2025-03-07 09:36:00,CE,22580.3,22567.85,75,-69.75,0.5969,ML_CE,TIME_EXIT_WEAK,RANGE,22606.6,22581.25,360.0,0.0,22563.46923076923,22636.95769230769
315,2025-03-10,2025-03-10 09:34:00,CE,22459.25,22465.5,75,434.25,0.5398999999999999,ML_CE,Drawdown,RANGE,22467.95,22429.05,180.0,521.2500000000546,22464.25,22525.111538461533
316,2025-03-10,2025-03-10 09:40:00,CE,22474.85,22476.5,75,101.25,0.5082,ORB+ML_CE,STOP,RANGE,22467.95,22429.05,120.0,213.7500000001637,22474.85,22526.9923076923
317,2025-03-11,2025-03-11 09:32:00,CE,22500.6,22503.6,75,201.75,0.598,ML_CE,STOP,RANGE,22507.65,22478.2,120.0,262.5,22500.6,22559.22307692307
318,2025-03-11,2025-03-11 09:37:00,CE,22489.35,22500.5,75,14.25,0.5706,ML_CE,STOP,RANGE,22507.65,22478.2,120.0,873.7500000001091,22494.35,22557.74615384615
319,2025-03-11,2025-03-11 09:45:00,CE,22488.65,22499.35,75,-58.5,0.661,ML_CE,Drawdown,RANGE,22507.65,22478.2,300.0,813.7499999998909,22493.65,22570.29230769231
320,2025-03-11,2025-03-11 09:54:00,CE,22502.0,22499.55,75,-222.0,0.6028,ML_CE,TIME_EXIT_WEAK,RANGE,22507.65,22478.2,360.0,0.0,22482.22692307692,22562.43076923077
321,2025-03-11,2025-03-11 09:59:00,CE,22522.6,22521.6,75,-75.0,0.5907,ORB+ML_CE,DAY_END,RANGE,22507.65,22478.2,0.0,0.0,22507.53846153846,22573.065384615387
322,2025-03-12,2025-03-12 09:44:00,CE,22491.45,22475.95,75,-58.5,0.5626,ORB+ML_CE,STOP,RANGE,22484.9,22441.6,300.0,78.74999999994543,22475.957692307693,22542.523076923077
323,2025-03-13,2025-03-13 09:37:00,CE,22382.95,22392.6,75,-81.75,0.5475,ML_CE,STOP,RANGE,22409.2,22384.65,420.0,858.7500000000546,22387.95,22438.826923076922
324,2025-03-17,2025-03-17 09:34:00,CE,22510.3,22516.3,75,404.25,0.605,ML_CE,STOP,RANGE,22522.7,22487.6,240.0,465.00000000005457,22512.966666666667,22551.980769230773
325,2025-03-17,2025-03-17 09:42:00,CE,22510.4,22516.9,75,429.0,0.5952,ML_CE,Drawdown,RANGE,22522.7,22487.6,300.0,487.5,22513.06666666667,22545.584615384618
326,2025-03-17,2025-03-17 09:51:00,CE,22514.25,22508.65,75,-492.0,0.6314,ML_CE,TIME_EXIT_WEAK,RANGE,22522.7,22487.6,360.0,0.0,22503.75,22544.25
327,2025-03-18,2025-03-18 09:34:00,CE,22809.4,22813.8,75,284.25,0.6182,ML_CE,Drawdown,RANGE,22813.35,22793.05,240.0,506.25,22814.4,22852.05769230769
328,2025-03-18,2025-03-18 09:40:00,CE,22825.45,22832.85,75,-24.0,0.5393,ORB+ML_CE,Drawdown,RANGE,22813.35,22793.05,120.0,783.7500000000546,22830.45,22871.065384615384
329,2025-03-19,2025-03-19 09:35:00,CE,22925.4,22919.2,75,-46.5,0.5612,ML_CE,STOP,RANGE,22937.7,22923.5,240.0,0.0,22912.600000000002,22963.45
330,2025-03-20,2025-03-20 09:38:00,CE,23195.95,23197.6,75,-34.5,0.5729,ML_CE,STOP,RANGE,23214.75,23189.0,180.0,240.00000000005457,23195.95,23237.68076923077
331,2025-03-21,2025-03-21 09:33:00,CE,23344.9,23345.4,75,-35.25,0.5233,ML_CE,STOP,RANGE,23352.95,23333.7,180.0,198.7499999998363,23344.9,23399.296153846157
332,2025-03-26,2025-03-26 09:35:00,CE,23477.95,23489.15,75,-46.5,0.5314,ML_CE,Drawdown,RANGE,23536.95,23451.7,240.0,881.25,23482.95,23568.68076923077
333,2025-03-27,2025-03-27 09:32:00,CE,23580.45,23605.75,75,408.0,0.5825,ML_CE,Drawdown,RANGE,23613.75,23597.7,120.0,1953.7499999999454,23589.45,23644.215384615385
334,2025-03-27,2025-03-27 09:40:00,CE,23595.15,23602.2,75,106.5,0.6276999999999999,ML_CE,Drawdown,RANGE,23613.75,23597.7,300.0,566.2499999999454,23600.15,23719.615384615387
335,2025-03-27,2025-03-27 09:49:00,CE,23587.7,23592.7,75,-70.5,0.6663,ML_CE,STOP,RANGE,23613.75,23597.7,360.0,412.5,23590.36666666667,23739.16923076923
336,2025-03-28,2025-03-28 09:37:00,CE,23544.25,23522.35,75,-69.75,0.5907,ML_CE,TIME_EXIT_WEAK,RANGE,23612.05,23577.55,360.0,0.0,23513.51923076923,23645.957692307693
337,2025-04-02,2025-04-02 09:34:00,CE,23313.45,23344.75,75,2307.0,0.5837,ORB+ML_CE,Drawdown,RANGE,23310.7,23285.25,240.0,2403.7499999999454,23322.45,23362.626923076918
338,2025-04-02,2025-04-02 09:58:00,CE,23338.4,23335.1,75,-249.0,0.5516,ORB+ML_CE,STOP,RANGE,23310.7,23285.25,1260.0,269.99999999989086,23338.4,23401.288461538454
339,2025-04-03,2025-04-03 09:36:00,CE,23251.45,23253.9,75,126.0,0.521,ML_CE,STOP,RANGE,23258.55,23243.0,300.0,187.5,23251.45,23316.642307692306
340,2025-04-03,2025-04-03 09:45:00,CE,23256.5,23252.55,75,-366.75,0.6093999999999999,ML_CE,TIME_EXIT_WEAK,RANGE,23258.55,23243.0,360.0,0.0,23240.13076923077,23312.44230769231
341,2025-04-04,2025-04-04 09:46:00,CE,22913.55,22897.4,75,-1087.5,0.5668,ORB+ML_CE,TIME_EXIT_WEAK,RANGE,22886.9,22857.45,360.0,0.0,22891.857692307694,22987.22307692307
342,2025-04-09,2025-04-09 09:49:00,CE,22403.2,22401.6,75,-190.5,0.5238999999999999,ML_CE,TIME_EXIT_WEAK,RANGE,22407.5,22396.35,360.0,71.25000000005457,22388.26153846154,22453.23461538462
343,2025-04-11,2025-04-11 09:33:00,CE,22834.05,22835.35,75,-35.25,0.606,ML_CE,STOP,RANGE,22834.75,22804.15,180.0,232.5000000001637,22834.05,22890.846153846152
344,2025-04-16,2025-04-16 09:41:00,CE,23437.4,23433.4,75,-69.75,0.5371,ORB+ML_CE,TIME_EXIT_WEAK,RANGE,23434.65,23408.7,360.0,26.24999999989086,23423.32307692308,23484.419230769236
345,2025-04-17,2025-04-17 09:57:00,CE,23856.6,23858.6,75,-168.75,0.5844,ML_CE,STOP,RANGE,23868.9,23835.8,1620.0,187.5,23856.6,23913.23076923077
346,2025-04-21,2025-04-21 09:32:00,CE,24134.1,24136.4,75,-23.25,0.6189,ML_CE,STOP,RANGE,24156.0,24133.7,120.0,266.2500000002183,24134.1,24191.553846153845
347,2025-04-24,2025-04-24 09:42:00,CE,24247.5,24250.7,75,-29.25,0.5720999999999999,ORB+ML_CE,STOP,RANGE,24246.4,24216.15,420.0,307.49999999989086,24250.166666666668,24311.688461538462
348,2025-04-28,2025-04-28 09:33:00,CE,24334.1,24340.15,75,-23.25,0.5266,ORB+ML_CE,STOP,RANGE,24325.6,24260.9,120.0,341.2500000002183,24336.766666666666,24402.03461538461
349,2025-04-30,2025-04-30 09:31:00,CE,24394.15,24393.15,75,-12.0,0.5555,ORB+ML_CE,STOP,RANGE,24388.8,24338.3,60.0,0.0,24370.634615384617,24474.203846153843
350,2025-05-02,2025-05-02 09:33:00,CE,24388.6,24376.85,75,-35.25,0.5767,ORB+ML_CE,STOP,RANGE,24381.8,24319.1,180.0,0.0,24364.90769230769,24474.22307692308
351,2025-05-05,2025-05-05 09:36:00,CE,24464.6,24456.85,75,-651.75,0.5734,ML_CE,STOP,RANGE,24487.0,24467.9,360.0,90.00000000005457,24449.403846153848,24513.96153846154
352,2025-05-06,2025-05-06 09:36:00,CE,24387.05,24394.1,75,-57.75,0.5261,ORB+ML_CE,Drawdown,RANGE,24382.8,24355.5,300.0,566.2499999999454,24392.05,24451.365384615383
353,2025-05-07,2025-05-07 09:59:00,CE,24409.8,24408.8,75,-75.0,0.595,ML_CE,DAY_END,RANGE,24417.45,24394.4,0.0,0.0,24395.684615384616,24456.953846153843
354,2025-05-09,2025-05-09 09:57:00,CE,24014.75,24039.25,75,1758.0,0.6041,ML_CE,Drawdown,RANGE,24025.7,23985.65,420.0,2092.500000000109,24023.75,24071.992307692308
355,2025-05-16,2025-05-16 09:37:00,CE,25022.85,25026.35,75,193.5,0.5476,ORB+ML_CE,STOP,RANGE,25019.45,25005.3,360.0,356.25,25025.516666666666,25064.899999999998
356,2025-05-19,2025-05-19 09:38:00,CE,24952.85,24951.7,75,-120.75,0.4948000000000001,ORB+ML_CE,STOP,RANGE,24942.8,24916.65,180.0,142.50000000010914,24938.553846153845,25006.26153846154
357,2025-05-21,2025-05-21 09:36:00,CE,24825.8,24817.6,75,-69.75,0.5716,ORB+ML_CE,TIME_EXIT_WEAK,RANGE,24813.9,24785.95,360.0,0.0,24807.64615384615,24887.98846153846
358,2025-05-26,2025-05-26 09:38:00,CE,25007.95,25003.55,75,-399.75,0.5912,ML_CE,TIME_EXIT_WEAK,RANGE,25013.45,24983.15,360.0,0.0,24988.357692307694,25074.27307692308
359,2025-05-28,2025-05-28 09:33:00,CE,24764.45,24762.55,75,-165.75,0.5455,ML_CE,ML_EDGE_COLLAPSED,RANGE,24786.1,24772.45,120.0,0.0,24750.915384615386,24803.94615384615
360,2025-05-29,2025-05-29 09:34:00,CE,24799.25,24807.5,75,516.0,0.5714,ORB+ML_CE,STOP,RANGE,24760.85,24738.35,240.0,615.0000000000546,24804.25,24854.653846153848
361,2025-05-29,2025-05-29 09:39:00,CE,24824.25,24832.4,75,588.75,0.5362,ORB+ML_CE,STOP,RANGE,24760.85,24738.35,120.0,667.5000000001091,24829.25,24914.411538461536
362,2025-05-30,2025-05-30 09:33:00,CE,24752.15,24737.0,75,-184.5,0.5399999999999999,ML_CE,ML_EDGE_COLLAPSED,RANGE,24778.55,24757.7,120.0,0.0,24732.253846153846,24814.811538461534
363,2025-06-02,2025-06-02 09:32:00,CE,24744.5,24753.1,75,209.25,0.5595,ORB+ML_CE,STOP,RANGE,24716.05,24656.75,120.0,644.9999999998909,24749.5,24811.39230769231
364,2025-06-02,2025-06-02 09:37:00,CE,24739.6,24736.9,75,-23.25,0.5358,ORB+ML_CE,ML_EDGE_COLLAPSED,RANGE,24716.05,24656.75,120.0,0.0,24717.796153846157,24812.988461538458
365,2025-06-03,2025-06-03 09:32:00,CE,24566.6,24559.05,75,-590.25,0.5364,ML_CE,STOP,RANGE,24588.65,24556.85,120.0,0.0,24549.98076923077,24618.69230769231
366,2025-06-05,2025-06-05 09:43:00,CE,24742.0,24745.6,75,-24.0,0.567,ML_CE,STOP,RANGE,24780.65,24738.05,120.0,307.49999999989086,24744.666666666668,24809.75
367,2025-06-12,2025-06-12 09:32:00,CE,24904.25,24915.0,75,783.75,0.5846,ML_CE,STOP,RANGE,24913.15,24884.95,120.0,836.2500000001091,24909.25,24979.026923076926
368,2025-06-12,2025-06-12 09:41:00,CE,24903.0,24884.1,75,-294.75,0.6103,ML_CE,TIME_EXIT_WEAK,RANGE,24913.15,24884.95,360.0,0.0,24881.51923076923,24978.407692307697
369,2025-06-13,2025-06-13 09:40:00,CE,24719.0,24727.45,75,600.0,0.516,ORB+ML_CE,STOP,RANGE,24700.55,24650.9,180.0,667.5000000001091,24724.0,24788.061538461538
370,2025-06-13,2025-06-13 09:49:00,CE,24719.85,24722.95,75,209.25,0.5612,ORB+ML_CE,STOP,RANGE,24700.55,24650.9,120.0,348.75000000010914,24722.516666666666,24768.938461538466
371,2025-06-13,2025-06-13 09:57:00,CE,24735.4,24741.6,75,-24.0,0.5628,ORB+ML_CE,STOP,RANGE,24700.55,24650.9,120.0,562.5,24740.4,24781.984615384616
372,2025-06-16,2025-06-16 09:50:00,CE,24948.1,24954.7,75,199.5,0.5295,ORB+ML_CE,STOP,RANGE,24944.7,24929.25,780.0,585.0000000002183,24953.1,24985.165384615382
373,2025-06-16,2025-06-16 09:59:00,CE,24950.3,24940.45,75,-46.5,0.5615,ORB+ML_CE,DAY_END,RANGE,24944.7,24929.25,120.0,0.0,24938.87692307692,24988.030769230772
374,2025-06-18,2025-06-18 09:59:00,CE,24799.25,24798.25,75,0.0,0.6158,ML_CE,DAY_END,RANGE,24820.75,24783.9,0.0,0.0,24784.934615384613,24847.10384615385
375,2025-06-20,2025-06-20 09:43:00,CE,25064.05,25129.05,75,4740.75,0.5235,ORB+ML_CE,MaxProfitTrail,RANGE,25052.9,25031.75,780.0,5017.500000000109,25073.05,25119.876923076925
376,2025-06-24,2025-06-24 09:55:00,CE,25055.5,25069.15,75,953.25,0.5621999999999999,ML_CE,Drawdown,RANGE,25057.0,25015.5,360.0,1042.5000000001091,25064.5,25121.607692307698
377,2025-06-26,2025-06-26 09:41:00,PE,25554.6,25552.1,75,-23.25,0.5202,ML_PE,ML_EDGE_COLLAPSED,RANGE,25547.8,25480.35,120.0,0.0,25534.19230769231,25623.77692307692
378,2025-06-30,2025-06-30 09:40:00,CE,25518.4,25520.85,75,125.25,0.5717,ML_CE,STOP,RANGE,25519.8,25492.25,300.0,225.0,25518.4,25560.78846153846
379,2025-07-02,2025-07-02 09:36:00,CE,25442.25,25457.6,75,500.25,0.5501,ORB+ML_CE,Drawdown,RANGE,25431.0,25397.05,360.0,1080.0000000001091,25451.25,25491.953846153847
380,2025-07-04,2025-07-04 09:37:00,PE,25456.15,25462.7,75,-81.75,0.5284,ML_PE,STOP,RANGE,25463.35,25438.85,420.0,513.7499999998909,25461.15,25502.03461538462
381,2025-07-08,2025-07-08 09:41:00,PE,25528.0,25521.85,75,437.25,0.5229999999999999,ML_PE,ML_EDGE_COLLAPSED,RANGE,25486.25,25450.75,120.0,0.0,25508.576923076922,25595.98076923077
382,2025-07-08,2025-07-08 09:49:00,PE,25536.7,25544.75,75,-662.25,0.5725,ML_PE,STOP,RANGE,25486.25,25450.75,300.0,607.4999999998909,25541.7,25596.388461538463
383,2025-07-18,2025-07-18 09:40:00,CE,24971.3,24967.9,75,-290.25,0.5245,ML_CE,ML_EDGE_COLLAPSED,RANGE,24974.8,24952.95,180.0,0.0,24957.630769230767,25013.74230769231
384,2025-07-28,2025-07-28 09:35:00,CE,24685.65,24692.05,75,-58.5,0.5711,ML_CE,STOP,RANGE,24704.2,24677.75,300.0,517.4999999998363,24690.65,24743.969230769228
385,2025-07-31,2025-07-31 09:32:00,CE,24808.45,24800.0,75,-657.0,0.5251,ML_CE,ML_EDGE_COLLAPSED,RANGE,24881.2,24835.1,120.0,0.0,24781.553846153845,24908.66153846154
386,2025-08-01,2025-08-01 09:32:00,CE,24607.15,24614.2,75,506.25,0.5229999999999999,ML_CE,STOP,RANGE,24641.3,24610.4,120.0,532.4999999998909,24612.15,24656.14615384615
387,2025-08-01,2025-08-01 09:38:00,CE,24582.35,24582.6,75,-23.25,0.5426,ML_CE,ML_EDGE_COLLAPSED,RANGE,24641.3,24610.4,120.0,56.25,24563.796153846153,24645.03846153846
388,2025-08-04,2025-08-04 09:35:00,CE,24717.2,24718.9,75,69.75,0.5689,ML_CE,STOP,RANGE,24729.65,24689.1,300.0,165.00000000005457,24717.2,24767.823076923072
389,2025-08-04,2025-08-04 09:45:00,CE,24725.65,24718.75,75,-70.5,0.5609,ML_CE,TIME_EXIT_WEAK,RANGE,24729.65,24689.1,360.0,0.0,24713.580769230768,24766.09230769231
390,2025-08-05,2025-08-05 09:37:00,CE,24631.6,24642.4,75,-23.25,0.5312,ORB+ML_CE,STOP,RANGE,24629.9,24590.3,120.0,907.5000000001637,24640.6,24690.276923076915
391,2025-08-07,2025-08-07 09:38:00,PE,24546.3,24590.7,75,-370.5,0.5389999999999999,ML_PE,Drawdown,RANGE,24542.6,24504.25,480.0,3551.2500000001637,24555.3,24632.73076923077
392,2025-08-12,2025-08-12 09:37:00,CE,24470.8,24483.7,75,923.25,0.5303,ML_CE,Drawdown,RANGE,24524.65,24481.5,240.0,1005.0000000001091,24479.8,24562.0
393,2025-08-28,2025-08-28 09:33:00,CE,24503.0,24508.85,75,404.25,0.5206999999999999,ML_CE,STOP,RANGE,24531.05,24493.8,180.0,502.50000000005457,24508.0,24595.90384615385
394,2025-09-03,2025-09-03 09:44:00,PE,24709.35,24730.3,75,-81.75,0.5241,ML_PE,Drawdown,RANGE,24685.65,24658.9,420.0,1702.5000000000546,24718.35,24753.676923076924
395,2025-09-08,2025-09-08 09:32:00,CE,24795.15,24780.2,75,-23.25,0.5246,ML_CE,ML_EDGE_COLLAPSED,RANGE,24873.9,24770.65,120.0,0.0,24768.676923076924,24887.580769230764
396,2025-09-18,2025-09-18 09:33:00,PE,25407.9,25410.25,75,-35.25,0.5224,ML_PE,STOP,RANGE,25402.05,25351.25,180.0,239.99999999978172,25407.9,25481.73461538462
397,2025-09-18,2025-09-18 09:50:00,PE,25431.9,25433.8,75,-165.75,0.5639,ML_PE,STOP,RANGE,25402.05,25351.25,120.0,176.24999999989086,25431.9,25484.95384615385
398,2025-09-23,2025-09-23 09:37:00,CE,25164.9,25168.15,75,221.25,0.5217999999999999,ML_CE,STOP,RANGE,25224.2,25173.5,120.0,382.49999999989086,25167.56666666667,25258.423076923078
399,2025-09-30,2025-09-30 09:35:00,CE,24630.7,24613.7,75,-58.5,0.5684,ML_CE,STOP,RANGE,24654.0,24603.65,300.0,0.0,24609.78076923077,24707.292307692307
400,2025-10-01,2025-10-01 09:59:00,CE,24846.2,24852.9,75,181.5,0.6073,ML_CE,DAY_END,RANGE,24867.95,24816.2,180.0,540.0000000000546,24851.2,24898.603846153845
401,2025-10-09,2025-10-09 09:33:00,CE,25175.4,25187.9,75,-35.25,0.5659,ORB+ML_CE,Drawdown,RANGE,25172.25,25126.4,180.0,952.4999999997817,25184.4,25238.242307692304
402,2025-10-14,2025-10-14 09:36:00,CE,25151.05,25154.95,75,269.25,0.5695,ML_CE,STOP,RANGE,25192.9,25134.75,120.0,502.50000000005457,25156.05,25227.819230769226
403,2025-10-14,2025-10-14 09:45:00,CE,25150.35,25144.75,75,-96.75,0.6546,ML_CE,TIME_EXIT_WEAK,RANGE,25192.9,25134.75,360.0,0.0,25123.984615384616,25242.403846153844
404,2025-10-16,2025-10-16 09:32:00,PE,25622.2,25609.15,75,-23.25,0.5379999999999999,ML_PE,ML_EDGE_COLLAPSED,RANGE,25625.0,25581.55,120.0,0.0,25601.365384615387,25699.396153846155
405,2025-10-24,2025-10-24 09:36:00,CE,25772.8,25801.25,75,2093.25,0.49600000000000005,ORB+ML_CE,MaxProfitTrail,RANGE,25763.0,25737.95,240.0,2156.25,25781.8,25833.496153846158
406,2025-10-24,2025-10-24 09:52:00,CE,25794.9,25806.65,75,380.25,0.531,ORB+ML_CE,STOP,RANGE,25763.0,25737.95,600.0,918.75,25803.9,25876.46153846154
407,2025-10-27,2025-10-27 09:45:00,PE,25964.1,25963.25,75,-35.25,0.5214,ML_PE,ML_EDGE_COLLAPSED,RANGE,25971.4,25926.75,180.0,45.00000000016371,25952.492307692308,26006.076923076926
408,2025-10-28,2025-10-28 09:33:00,CE,25885.7,25907.7,75,543.0,0.502,ORB+ML_CE,Drawdown,RANGE,25868.65,25814.6,180.0,2088.749999999891,25894.7,25988.338461538464
409,2025-10-28,2025-10-28 09:43:00,CE,25926.9,25939.75,75,-35.25,0.5567,ORB+ML_CE,Drawdown,RANGE,25868.65,25814.6,180.0,1158.7499999997817,25935.9,26063.3
410,2025-10-29,2025-10-29 09:44:00,CE,26044.0,26041.45,75,-70.5,0.5261,ML_CE,TIME_EXIT_WEAK,RANGE,26057.5,26015.3,360.0,0.0,26033.80769230769,26073.37307692308
411,2025-11-11,2025-11-11 09:34:00,CE,25691.8,25700.7,75,6.0,0.5611,ML_CE,STOP,RANGE,25693.2,25660.75,240.0,821.2500000000546,25696.8,25760.25
412,2025-11-14,2025-11-14 09:41:00,CE,25829.95,25933.5,75,6154.5,0.5962,ORB+ML_CE,Drawdown,RANGE,25800.15,25759.1,660.0,8062.5,25838.95,25919.06153846154
413,2025-11-26,2025-11-26 09:45:00,PE,26209.7,26212.65,75,-58.5,0.5488999999999999,ML_PE,STOP,RANGE,26196.6,26159.05,300.0,284.99999999994543,26209.7,26262.811538461534
414,2025-11-27,2025-11-27 09:38:00,PE,26213.4,26211.25,75,-23.25,0.5427,ML_PE,ML_EDGE_COLLAPSED,RANGE,26206.7,26173.3,120.0,0.0,26187.234615384616,26296.653846153848
415,2025-11-28,2025-11-28 09:37:00,PE,26205.0,26211.2,75,-69.75,0.5617,ML_PE,STOP,RANGE,26214.4,26197.95,360.0,540.0000000000546,26210.0,26246.753846153846
416,2025-12-04,2025-12-04 09:34:00,PE,26056.9,26046.95,75,205.5,0.5415,ML_PE,ML_EDGE_COLLAPSED,RANGE,26046.1,25988.15,120.0,0.0,26042.119230769233,26112.007692307692
417,2025-12-04,2025-12-04 09:39:00,PE,26053.85,26050.55,75,-23.25,0.5288999999999999,ML_PE,ML_EDGE_COLLAPSED,RANGE,26046.1,25988.15,120.0,0.0,26039.188461538462,26101.115384615387
418,2025-12-18,2025-12-18 09:37:00,CE,25825.25,25810.35,75,-23.25,0.4926,ORB+ML_CE,ML_EDGE_COLLAPSED,RANGE,25806.6,25770.85,120.0,0.0,25803.611538461537,25898.73461538462
419,2026-01-01,2026-01-01 09:33:00,PE,26162.6,26150.55,75,-23.25,0.5227999999999999,ML_PE,STOP,RANGE,26165.8,26150.9,120.0,0.0,26148.01153846154,26200.38461538462
420,2026-01-02,2026-01-02 09:43:00,PE,26328.45,26327.05,75,69.0,0.5276,ML_PE,STOP,RANGE,26296.5,26265.85,180.0,153.74999999994543,26328.45,26376.100000000002
421,2026-01-02,2026-01-02 09:59:00,PE,26323.0,26335.2,75,-155.25,0.5886,ML_PE,DAY_END,RANGE,26296.5,26265.85,780.0,1034.9999999999454,26332.0,26367.861538461537
422,2026-01-06,2026-01-06 09:38:00,PE,26178.3,26184.05,75,-477.0,0.5504,ML_PE,STOP,RANGE,26169.8,26147.65,240.0,491.24999999994543,26180.966666666667,26227.446153846147
423,2026-01-09,2026-01-09 09:35:00,CE,25669.05,25678.95,75,686.25,0.5603,ML_CE,Drawdown,RANGE,25684.35,25657.25,300.0,780.0000000001091,25674.05,25737.419230769232
424,2026-01-09,2026-01-09 09:43:00,CE,25687.55,25700.0,75,-59.25,0.5325,ORB+ML_CE,STOP,RANGE,25684.35,25657.25,300.0,930.0000000001091,25696.55,25762.192307692305
425,2026-01-14,2026-01-14 09:37:00,CE,25687.25,25686.25,75,-12.0,0.5893,ML_CE,STOP,RANGE,25715.65,25675.65,60.0,0.0,25661.857692307694,25773.87307692307
426,2026-01-19,2026-01-19 09:34:00,CE,25608.65,25614.45,75,412.5,0.5886,ML_CE,Drawdown,RANGE,25636.3,25613.25,120.0,464.9999999997817,25611.31666666667,25672.250000000004
427,2026-01-19,2026-01-19 09:43:00,CE,25607.65,25591.1,75,-645.0,0.6162,ML_CE,TIME_EXIT_WEAK,RANGE,25636.3,25613.25,360.0,0.0,25586.396153846155,25677.98846153846
428,2026-01-20,2026-01-20 09:42:00,CE,25245.9,25223.4,75,-23.25,0.5203,ML_CE,ML_EDGE_COLLAPSED,RANGE,25355.25,25311.45,120.0,0.0,25218.23076923077,25340.49230769231
429,2026-01-21,2026-01-21 09:36:00,CE,25178.95,25170.8,75,-23.25,0.5319999999999999,ORB+ML_CE,ML_EDGE_COLLAPSED,RANGE,25164.05,25137.65,120.0,0.0,25148.561538461538,25278.784615384615
430,2026-01-22,2026-01-22 09:39:00,CE,25257.75,25284.8,75,1974.0,0.5744,ML_CE,MaxProfitTrail,RANGE,25318.2,25278.5,300.0,2084.9999999999454,25266.75,25367.32307692308
431,2026-01-23,2026-01-23 09:36:00,CE,25070.55,25058.5,75,-975.0,0.6315,ML_CE,TIME_EXIT_WEAK,RANGE,25106.15,25057.3,360.0,0.0,25042.37307692308,25171.869230769233
432,2026-01-30,2026-01-30 09:36:00,CE,25320.65,25309.8,75,-885.0,0.6348,ML_CE,TIME_EXIT_WEAK,RANGE,25368.8,25302.2,360.0,0.0,25293.426923076924,25406.48076923077
433,2026-02-04,2026-02-04 09:37:00,CE,25797.0,25793.85,75,-69.75,0.5756,ML_CE,TIME_EXIT_WEAK,RANGE,25812.65,25779.85,360.0,26.24999999989086,25778.796153846153,25856.888461538463
434,2026-02-05,2026-02-05 09:35:00,CE,25649.0,25665.05,75,1071.0,0.6006,ML_CE,Drawdown,RANGE,25649.0,25609.05,300.0,1218.75,25658.0,25696.830769230768
435,2026-02-06,2026-02-06 09:59:00,CE,25674.1,25673.1,75,-75.0,0.5957,ORB+ML_CE,DAY_END,RANGE,25671.85,25633.65,0.0,0.0,25658.0,25728.2
436,2026-02-10,2026-02-10 09:36:00,PE,25951.8,25950.8,75,-11.25,0.5323,ML_PE,STOP,RANGE,25944.4,25911.2,60.0,0.0,25932.88076923077,26012.84230769231
437,2026-02-16,2026-02-16 09:45:00,PE,25688.55,25686.55,75,114.0,0.5299999999999999,ML_PE,ML_EDGE_COLLAPSED,RANGE,25669.85,25639.8,180.0,0.0,25671.14615384615,25746.538461538472
438,2026-02-16,2026-02-16 09:57:00,PE,25688.1,25683.45,75,300.0,0.5509999999999999,ML_PE,RANGE_DAY_FAST_EXIT,RANGE,25669.85,25639.8,240.0,0.0,25672.61153846154,25740.284615384622
439,2026-02-17,2026-02-17 09:53:00,CE,25725.35,25728.05,75,-130.5,0.5639,ORB+ML_CE,STOP,RANGE,25721.0,25691.15,660.0,378.7500000002183,25728.016666666666,25826.819230769233
440,2026-02-19,2026-02-19 09:46:00,CE,25448.05,25445.75,75,-24.0,0.5224,ML_CE,ML_EDGE_COLLAPSED,RANGE,25535.4,25488.0,120.0,0.0,25408.56923076923,25584.207692307686
441,2026-02-23,2026-02-23 09:38:00,PE,25727.75,25718.9,75,639.0,0.5204,ML_PE,ML_EDGE_COLLAPSED,RANGE,25699.85,25668.1,120.0,0.0,25707.43846153846,25795.915384615382
442,2026-02-23,2026-02-23 09:50:00,PE,25721.45,25715.1,75,-59.25,0.5510999999999999,ML_PE,RANGE_DAY_FAST_EXIT,RANGE,25699.85,25668.1,300.0,0.0,25705.842307692306,25772.02692307692
443,2026-02-24,2026-02-24 09:36:00,CE,25429.35,25414.4,75,-69.75,0.5565,ORB+ML_CE,TIME_EXIT_WEAK,RANGE,25427.65,25361.9,360.0,0.0,25403.515384615384,25521.796153846153
444,2026-02-27,2026-02-27 09:41:00,CE,25145.65,25188.0,75,2819.25,0.5529999999999999,ML_CE,Drawdown,RANGE,25314.8,25287.8,180.0,3123.7499999998363,25154.65,25285.31153846154
445,2026-02-27,2026-02-27 09:47:00,CE,25169.3,25185.6,75,1189.5,0.5510999999999999,ML_CE,Drawdown,RANGE,25314.8,25287.8,180.0,1305.0000000001091,25178.3,25292.12307692308
446,2026-02-27,2026-02-27 09:53:00,CE,25175.95,25162.05,75,-36.0,0.608,ML_CE,RANGE_DAY_FAST_EXIT,RANGE,25314.8,25287.8,180.0,0.0,25147.934615384616,25273.55384615384
447,2026-03-02,2026-03-02 09:35:00,CE,24825.85,24862.55,75,895.5,0.5866,ML_CE,STOP,RANGE,24891.25,24815.2,240.0,2726.2500000001637,24834.85,24958.473076923074
448,2026-03-02,2026-03-02 09:46:00,CE,24905.75,24885.1,75,-455.25,0.5312,ORB+ML_CE,ML_EDGE_COLLAPSED,RANGE,24891.25,24815.2,120.0,0.0,24862.815384615384,25051.74615384615
449,2026-03-04,2026-03-04 09:55:00,CE,24466.35,24467.9,75,92.25,0.4731,ML_CE,STOP,TREND,24602.45,24548.0,120.0,307.5000000001637,24469.016666666666,24509.592307692306
450,2026-03-04,2026-03-04 09:59:00,CE,24474.45,24473.45,75,-75.0,0.5123,ML_CE,DAY_END,TREND,24602.45,24548.0,0.0,0.0,24459.203846153847,24518.188461538462
451,2026-03-05,2026-03-05 09:47:00,CE,24758.55,24754.05,75,-408.75,0.5777,ML_CE,TIME_EXIT_WEAK,RANGE,24854.2,24712.75,360.0,0.0,24709.799999999996,24931.65
452,2026-03-06,2026-03-06 09:32:00,CE,24486.8,24466.35,75,-23.25,0.5347,ML_CE,ML_EDGE_COLLAPSED,RANGE,24559.75,24445.35,120.0,0.0,24441.211538461535,24645.234615384616
453,2026-03-09,2026-03-09 09:59:00,CE,24001.1,24005.3,75,291.0,0.5911,ML_CE,DAY_END,RANGE,24019.35,23939.3,120.0,352.50000000005457,24003.766666666666,24079.292307692303
454,2026-03-11,2026-03-11 09:32:00,CE,23901.2,23908.2,75,501.75,0.5362,ML_CE,Drawdown,RANGE,23930.4,23871.8,120.0,465.00000000005457,23903.86666666667,23987.850000000002
455,2026-03-11,2026-03-11 09:37:00,CE,23886.1,23877.15,75,-23.25,0.5812999999999999,ML_CE,STOP,RANGE,23930.4,23871.8,120.0,0.0,23855.596153846152,23983.638461538467
456,2026-03-12,2026-03-12 09:36:00,CE,23624.15,23661.5,75,2765.25,0.5234,ML_CE,Drawdown,RANGE,23684.1,23605.55,240.0,2688.749999999891,23633.15,23753.296153846153
457,2026-03-13,2026-03-13 09:33:00,CE,23172.8,23167.75,75,-402.75,0.5206999999999999,ML_CE,ML_EDGE_COLLAPSED,RANGE,23231.2,23144.55,120.0,0.0,23139.065384615384,23289.746153846158
458,2026-03-16,2026-03-16 09:59:00,CE,23356.1,23355.1,75,-75.0,0.5667,ML_CE,DAY_END,RANGE,23502.0,23411.3,0.0,0.0,23329.938461538462,23445.41538461538
459,2026-03-17,2026-03-17 09:39:00,CE,23594.6,23599.85,75,-81.75,0.6448,ML_CE,STOP,RANGE,23656.8,23567.55,420.0,390.00000000005457,23597.266666666666,23729.019230769234
