model,target,status,rows,train_rows,calibration_rows,test_rows,auc,pr_auc,average_precision,calibration,ece,brier,threshold,precision,recall,trade_count,selected_positives,expectancy,profit_factor,max_drawdown,net_pnl,selection_score,side,model_artifact_path,artifact_available,meets_expectancy_floor,meets_profit_factor_floor,meets_calibration_floor,meets_trade_count_floor,metric_viable,production_viable,rank_for_target,production_rank_for_target,global_rank
catboost,target_hit_ce,ok,150000,105000,22500,22500,0.6283207001889981,0.5361655601636466,0.5361655601636466,isotonic_time_split,0.0177798497861563,0.2340370413882784,0.680327868852459,0.6956521739130435,0.0230405266406089,322,224,1034.0881211180154,3.1603202756063635,-39428.25000000023,332976.37500000093,0.776932066846923,ce,D:\All Bots\trading_system\experimental\ml_pipeline_v2\artifacts\models\production_candidates\v2_target_hit_ce_catboost_20260703T172612Z_ceb73b650f15.joblib,True,True,True,True,True,True,True,1,1,1
lgbm,target_hit_ce,ok,150000,105000,22500,22500,0.6290767231042065,0.5381258729304352,0.5381258729304352,isotonic_time_split,0.0182324004316357,0.2340871836168424,0.6296296296296297,0.6258992805755396,0.0089487759720222,139,87,592.3327338129467,2.167638111850904,-33210.00000000077,82334.24999999959,0.5937498239183986,ce,D:\All Bots\trading_system\experimental\ml_pipeline_v2\artifacts\models\v2_target_hit_ce_lgbm.joblib,True,True,True,True,True,True,True,2,2,2
random_forest,target_hit_ce,ok,150000,105000,22500,22500,0.6306015237372633,0.5414633391874736,0.5414633391874736,isotonic_time_split,0.0285965067309495,0.2341412535169748,0.5938242280285034,0.6297844966227083,0.2013988891174655,3109,1958,199.95738179478985,1.7746526917846974,-64137.00000000006,621667.5000000016,0.531172213325925,ce,D:\All Bots\trading_system\experimental\ml_pipeline_v2\artifacts\models\v2_target_hit_ce_random_forest.joblib,False,True,True,True,True,True,False,3,3,3
lgbm,stop_hit_pe,ok,150000,105000,22500,22500,0.7017056144877682,0.3358495472242385,0.3358495472242385,isotonic_time_split,0.0193986852285136,0.1437837317512429,0.4814814814814814,0.5084745762711864,0.0277072269683675,236,120,428.097457627119,1.6323903593191051,-50639.24999999993,101031.00000000007,0.5095131322971722,pe,D:\All Bots\trading_system\experimental\ml_pipeline_v2\artifacts\models\v2_stop_hit_pe_lgbm.joblib,True,True,True,True,True,True,True,1,1,4
xgboost,target_hit_ce,ok,150000,105000,22500,22500,0.6257711805632812,0.5306833473524876,0.5306833473524876,isotonic_time_split,0.0157119254042704,0.2346596898502518,0.6069363951683044,0.6317204301075269,0.0241719810738531,372,235,234.2822580645151,1.6236679753224872,-54837.00000000099,87152.99999999962,0.49748404456389334,ce,D:\All Bots\trading_system\experimental\ml_pipeline_v2\artifacts\models\v2_target_hit_ce_xgboost.joblib,False,True,True,True,True,True,False,4,4,5
catboost,quality_profitable_ce,ok,150000,105000,22500,22500,0.5783339002277958,0.4711071669594073,0.4711071669594073,isotonic_time_split,0.0226248405701687,0.2392183953865194,0.5173745173745173,0.536,0.0215780998389694,375,201,555.3980000000006,2.259108962965648,-38952.3749999998,208274.2500000002,0.49443207251812815,ce,D:\All Bots\trading_system\experimental\ml_pipeline_v2\artifacts\models\production_candidates\v2_quality_profitable_ce_catboost_20260703T172559Z_ceb73b650f15.joblib,True,True,True,True,True,True,True,1,1,6
catboost,stop_hit_pe,ok,150000,105000,22500,22500,0.7042350166264585,0.3449760293191645,0.3449760293191645,isotonic_time_split,0.0220427278300818,0.1433249458830811,0.4385964912280701,0.5555555555555556,0.0357885015008081,279,155,272.36155913978286,1.3225512231150252,-57725.2499999999,75988.87499999942,0.46896052749166184,pe,D:\All Bots\trading_system\experimental\ml_pipeline_v2\artifacts\models\v2_stop_hit_pe_catboost.joblib,False,True,True,True,True,True,False,2,2,7
xgboost,target_hit_pe,ok,150000,105000,22500,22500,0.5836050111333099,0.5039090093243818,0.5039090093243818,isotonic_time_split,0.0117505997071663,0.2419433265315398,0.6292682886123657,0.6241758241758242,0.0287624063196273,455,284,206.63489010989105,1.7827323530330028,-32352.375000000386,94018.8750000004,0.46145372400252993,pe,D:\All Bots\trading_system\experimental\ml_pipeline_v2\artifacts\models\production_candidates\v2_target_hit_pe_xgboost_20260703T172615Z_ceb73b650f15.joblib,True,True,True,True,True,True,True,1,1,8
lgbm,directional_ce,ok,150000,105000,22500,22500,0.6007580495762306,0.4789171089648398,0.4789171089648398,isotonic_time_split,0.0269178798526937,0.2356905073743052,0.5223214285714285,0.489010989010989,0.0192619846336976,364,178,340.8729395604397,2.4053491562570346,-29365.875000000626,124077.75000000006,0.4534950509772194,ce,D:\All Bots\trading_system\experimental\ml_pipeline_v2\artifacts\models\v2_directional_ce_lgbm.joblib,True,True,True,True,True,True,True,1,1,9
xgboost,stop_hit_pe,ok,150000,105000,22500,22500,0.7008058679521915,0.3364797864570513,0.3364797864570513,isotonic_time_split,0.0153255405049771,0.1441914048051542,0.3980582654476166,0.4723275208491281,0.1438466866774417,1319,623,144.16631918119705,1.3249975484870784,-77071.49999999991,190155.3749999989,0.4531898406964038,pe,D:\All Bots\trading_system\experimental\ml_pipeline_v2\artifacts\models\v2_stop_hit_pe_xgboost.joblib,False,True,True,True,True,True,False,3,3,10
catboost,directional_ce,ok,150000,105000,22500,22500,0.6017704761289074,0.4820385533000214,0.4820385533000214,isotonic_time_split,0.0188273526615458,0.2353354747429537,0.4726695395781356,0.5103042198233563,0.3938967644194351,7133,3640,81.45480513108089,1.3966520921799808,-89085.37499999895,581017.125,0.4404654897109106,ce,D:\All Bots\trading_system\experimental\ml_pipeline_v2\artifacts\models\v2_directional_ce_catboost.joblib,False,True,True,True,True,True,False,2,2,11
mlp,target_hit_ce,ok,150000,105000,22500,22500,0.6207800761627139,0.5269764305843575,0.5269764305843575,isotonic_time_split,0.0293235740127041,0.2359280658372511,0.6,0.6463414634146342,0.0490639786052252,738,477,117.0447154471548,1.5858248812297202,-28517.99999999985,86379.00000000023,0.42886608751508704,ce,D:\All Bots\trading_system\experimental\ml_pipeline_v2\artifacts\models\v2_target_hit_ce_mlp.joblib,False,True,True,True,True,True,False,5,5,12
lgbm,target_hit_pe,ok,150000,105000,22500,22500,0.5839378200812575,0.5071391913972796,0.5071391913972796,isotonic_time_split,0.0163259282084958,0.2414971397841177,0.58972503617945,0.5781315458734814,0.139760988454527,2387,1380,100.76173020527916,1.4550399536859375,-54454.50000000029,240518.2500000013,0.4198142826991961,pe,D:\All Bots\trading_system\experimental\ml_pipeline_v2\artifacts\models\v2_target_hit_pe_lgbm.joblib,True,True,True,True,True,True,True,2,2,13
random_forest,directional_ce,ok,150000,105000,22500,22500,0.6016040548773405,0.4813208802769925,0.4813208802769925,isotonic_time_split,0.0179209659089852,0.2361195301351359,0.4567642956764295,0.4805173807599029,0.6432204306893193,12370,5944,37.58764147130139,1.1974535803949573,-128766.75000000116,464959.1249999981,0.4153911274637674,ce,D:\All Bots\trading_system\experimental\ml_pipeline_v2\artifacts\models\v2_directional_ce_random_forest.joblib,False,True,True,True,True,True,False,3,3,14
catboost,target_hit_pe,ok,150000,105000,22500,22500,0.5858233069801629,0.5085598183394673,0.5085598183394673,isotonic_time_split,0.0224916619390433,0.2415719295656199,0.5850253807106599,0.5757432751297782,0.1235568158800891,2119,1220,116.54394761680074,1.5280709941880624,-46262.99999999951,246956.6250000008,0.40991089677483183,pe,D:\All Bots\trading_system\experimental\ml_pipeline_v2\artifacts\models\v2_target_hit_pe_catboost.joblib,False,True,True,True,True,True,False,3,3,15
random_forest,stop_hit_pe,ok,150000,105000,22500,22500,0.7032481306155288,0.333727604725568,0.333727604725568,isotonic_time_split,0.0323795285963972,0.1437425702786778,0.4170471841704718,0.4085417252037089,0.3357192334333872,3559,1454,106.51664793481284,1.337026043894458,-81028.4999999998,379092.74999999895,0.40571816059589144,pe,D:\All Bots\trading_system\experimental\ml_pipeline_v2\artifacts\models\v2_stop_hit_pe_random_forest.joblib,False,True,True,True,True,True,False,4,4,16
random_forest,quality_profitable_ce,ok,150000,105000,22500,22500,0.578539789782913,0.4681476556552189,0.4681476556552189,isotonic_time_split,0.0187388792256557,0.2394935980732968,0.4333539987600744,0.4786602870813397,0.536983360171766,10450,5002,57.50099282296671,1.2937982563096484,-121385.99999999942,600885.3750000021,0.40471906297185917,ce,D:\All Bots\trading_system\experimental\ml_pipeline_v2\artifacts\models\v2_quality_profitable_ce_random_forest.joblib,False,True,True,True,True,True,False,2,3,17
xgboost,directional_ce,ok,150000,105000,22500,22500,0.5956269929018329,0.4733157300826995,0.4733157300826995,isotonic_time_split,0.0264409995956553,0.2357766481913732,0.4525986015796661,0.4900056043340183,0.5676874797099881,10706,5246,52.06100551092845,1.2691379387459207,-125974.8749999986,557365.125,0.3956184164925493,ce,D:\All Bots\trading_system\experimental\ml_pipeline_v2\artifacts\models\v2_directional_ce_xgboost.joblib,False,True,True,True,True,True,False,4,4,18
xgboost,directional_pe,ok,150000,105000,22500,22500,0.5645384294925038,0.4610556315799466,0.4610556315799466,isotonic_time_split,0.0090817080921597,0.2408133004719249,0.5244755148887634,0.5256410256410257,0.013094857872884,234,123,117.56730769231083,1.7359972711859482,-9578.250000000053,27510.75000000073,0.38399854258605154,pe,D:\All Bots\trading_system\experimental\ml_pipeline_v2\artifacts\models\production_candidates\v2_directional_pe_xgboost_20260703T172552Z_ceb73b650f15.joblib,True,True,True,True,True,True,True,1,1,19
mlp,directional_ce,ok,150000,105000,22500,22500,0.5994481606452563,0.4819720323695082,0.4819720323695082,isotonic_time_split,0.0170774626898786,0.2356353054060321,0.5028790786948176,0.5092307692307693,0.0358186343469321,650,331,96.13384615384751,1.4699776902183972,-28058.24999999978,62487.00000000089,0.38230017685373097,ce,D:\All Bots\trading_system\experimental\ml_pipeline_v2\artifacts\models\v2_directional_ce_mlp.joblib,False,True,True,True,True,True,False,5,5,20
lgbm,stop_hit_ce,ok,150000,105000,22500,22500,0.6524479522903248,0.3101213351822193,0.3101213351822193,isotonic_time_split,0.0286421344191594,0.153204942846363,0.4452554744525547,0.5743243243243243,0.0189225289403383,148,85,231.15962837837836,1.410730284217019,-43443.74999999999,34211.62499999999,0.38107418302709956,ce,D:\All Bots\trading_system\experimental\ml_pipeline_v2\artifacts\models\v2_stop_hit_ce_lgbm.joblib,True,True,True,True,True,True,True,1,1,21
catboost,stop_hit_ce,ok,150000,105000,22500,22500,0.6502448340462517,0.3104377672490685,0.3104377672490685,isotonic_time_split,0.0304888577128599,0.1536062151869003,0.4745508982035929,0.5164835164835165,0.0627782724844167,546,282,236.1497252747242,1.4968498384458402,-50545.87500000025,128937.74999999942,0.37733336539251133,ce,D:\All Bots\trading_system\experimental\ml_pipeline_v2\artifacts\models\v2_stop_hit_ce_catboost.joblib,False,True,True,True,True,True,False,2,2,22
lgbm,quality_profitable_ce,ok,150000,105000,22500,22500,0.570721779800278,0.4596098774756801,0.4596098774756801,isotonic_time_split,0.0257302718167023,0.2398329835365332,0.4939516129032257,0.4973544973544973,0.050456253354804,945,470,231.91746031746172,1.7301420725704546,-59284.87499999916,219162.0000000013,0.37433791342292344,ce,D:\All Bots\trading_system\experimental\ml_pipeline_v2\artifacts\models\v2_quality_profitable_ce_lgbm.joblib,True,True,True,True,True,True,True,3,2,23
xgboost,stop_hit_ce,ok,150000,105000,22500,22500,0.6517217736017593,0.3105113996033881,0.3105113996033881,isotonic_time_split,0.0268185994411508,0.1534495651131397,0.4368108510971069,0.4404655326768129,0.1095280498664292,1117,492,168.56333930170092,1.450237855045171,-54971.62499999987,188285.24999999997,0.3647150198455863,ce,D:\All Bots\trading_system\experimental\ml_pipeline_v2\artifacts\models\v2_stop_hit_ce_xgboost.joblib,False,True,True,True,True,True,False,3,3,24
catboost,directional_pe,ok,150000,105000,22500,22500,0.5660393832707203,0.4624968763688056,0.4624968763688056,isotonic_time_split,0.0088598314621633,0.2404639023513015,0.4937404580152676,0.495035046728972,0.1804535292238901,3424,1695,52.20549795560847,1.263118064234085,-50619.74999999878,178751.62500000338,0.3629874532323793,pe,D:\All Bots\trading_system\experimental\ml_pipeline_v2\artifacts\models\v2_directional_pe_catboost.joblib,False,True,True,True,True,True,False,2,3,25
lgbm,directional_pe,ok,150000,105000,22500,22500,0.5622520332792883,0.4588068272818644,0.4588068272818644,isotonic_time_split,0.0097740261169506,0.2406485050878954,0.4910714285714285,0.504424778761062,0.0060683487703609,113,57,87.96238938053354,1.5204193827063683,-7003.124999999951,9939.75000000029,0.3540791158800553,pe,D:\All Bots\trading_system\experimental\ml_pipeline_v2\artifacts\models\v2_directional_pe_lgbm.joblib,True,True,True,True,True,True,True,3,2,26
random_forest,target_hit_pe,ok,150000,105000,22500,22500,0.5894342090668737,0.5053420490607358,0.5053420490607358,isotonic_time_split,0.0259884267167943,0.2419663319566007,0.5375531412376001,0.5201504567436862,0.3921409763013976,7444,3872,22.827999059645915,1.102098863204951,-106857.00000000026,169931.6250000042,0.3491544912283316,pe,D:\All Bots\trading_system\experimental\ml_pipeline_v2\artifacts\models\v2_target_hit_pe_random_forest.joblib,False,True,True,True,True,True,False,4,4,27
random_forest,stop_hit_ce,ok,150000,105000,22500,22500,0.6511777824182622,0.3002384651168053,0.3002384651168053,isotonic_time_split,0.0399711352688886,0.1550724162216186,0.4353813559322034,0.3829268292682927,0.2446571682991985,2870,1099,157.27774390243889,1.5514729935153642,-76114.12499999971,451387.1249999996,0.3398509098025786,ce,D:\All Bots\trading_system\experimental\ml_pipeline_v2\artifacts\models\v2_stop_hit_ce_random_forest.joblib,False,True,True,True,True,True,False,4,4,28
catboost,quality_profitable_pe,ok,150000,105000,22500,22500,0.5341999728290148,0.4443636937949325,0.4443636937949325,isotonic_time_split,0.0123679610973043,0.2431612200695361,0.481198410272088,0.4806899137607799,0.1352178040291108,2667,1282,80.75731158605255,1.35480899732942,-53910.37499999898,215379.75000000212,0.3259216132869465,pe,D:\All Bots\trading_system\experimental\ml_pipeline_v2\artifacts\models\production_candidates\v2_quality_profitable_pe_catboost_20260703T172606Z_ceb73b650f15.joblib,True,True,True,True,True,True,True,1,1,29
xgboost,quality_profitable_pe,ok,150000,105000,22500,22500,0.5360452309326752,0.4485549352295958,0.4485549352295958,isotonic_time_split,0.0113679522514343,0.2435166406533928,0.4634681046009063,0.4750135795763172,0.1844742115810568,3682,1749,54.234451385117765,1.2386889343198704,-89664.75000000019,199691.2500000036,0.3199986068097087,pe,D:\All Bots\trading_system\experimental\ml_pipeline_v2\artifacts\models\v2_quality_profitable_pe_xgboost.joblib,False,True,True,True,True,True,False,2,3,30
xgboost,quality_profitable_ce,ok,150000,105000,22500,22500,0.5712081121478053,0.460579041290206,0.460579041290206,isotonic_time_split,0.0290241595500045,0.2399456247700474,0.5,0.4810996563573883,0.015029522275899,291,140,173.82345360824846,1.459830027169748,-38056.50000000028,50582.6250000003,0.31582739895020967,ce,D:\All Bots\trading_system\experimental\ml_pipeline_v2\artifacts\models\v2_quality_profitable_ce_xgboost.joblib,False,True,True,True,True,True,False,4,4,31
mlp,stop_hit_ce,ok,150000,105000,22500,22500,0.6462436502941404,0.2913628299557222,0.2913628299557222,isotonic_time_split,0.040291498774134,0.1555366029159556,0.4780701754385965,0.3832271762208068,0.0803650934995547,942,361,161.46974522293084,1.789037834178573,-24705.749999999767,152104.50000000084,0.3093783645476205,ce,D:\All Bots\trading_system\experimental\ml_pipeline_v2\artifacts\models\v2_stop_hit_ce_mlp.joblib,False,True,True,True,True,True,False,5,5,32
random_forest,directional_pe,ok,150000,105000,22500,22500,0.5665338028719403,0.4598668884141834,0.4598668884141834,isotonic_time_split,0.0171927130137758,0.2403032941297509,0.4843807423741271,0.4662399711529794,0.5506228042159055,11093,5172,2.872216713243134,1.0150196159748468,-223822.8749999944,31861.50000000609,0.30836501652143783,pe,D:\All Bots\trading_system\experimental\ml_pipeline_v2\artifacts\models\v2_directional_pe_random_forest.joblib,False,True,False,True,True,False,False,4,4,33
lgbm,quality_profitable_pe,ok,150000,105000,22500,22500,0.5310273685902129,0.4425026343135874,0.4425026343135874,isotonic_time_split,0.0119604579786913,0.2434785054320852,0.4881740775780512,0.4788970174451322,0.089758464297015,1777,851,67.3702166572891,1.2538943671549054,-73458.3749999999,119716.87500000274,0.30282777516304893,pe,D:\All Bots\trading_system\experimental\ml_pipeline_v2\artifacts\models\v2_quality_profitable_pe_lgbm.joblib,True,True,True,True,True,True,True,3,2,34
mlp,stop_hit_pe,ok,150000,105000,22500,22500,0.6878190044091914,0.3135670297566606,0.3135670297566606,isotonic_time_split,0.0415976151819321,0.1465778784562963,0.4767441860465116,0.4440619621342513,0.0595705379819903,581,258,38.70567986230586,1.1522331832190116,-25808.62500000036,22487.9999999997,0.29403451328794333,pe,D:\All Bots\trading_system\experimental\ml_pipeline_v2\artifacts\models\v2_stop_hit_pe_mlp.joblib,False,True,True,True,True,True,False,5,5,35
random_forest,quality_profitable_pe,ok,150000,105000,22500,22500,0.5364490082359485,0.4454642064244375,0.4454642064244375,isotonic_time_split,0.0161511786485318,0.2432735736812578,0.4682841274481146,0.4527804157433787,0.4525893893049256,9477,4291,16.917735042735796,1.0844811516206958,-126954.3749999972,160329.37500000713,0.2921123111398595,pe,D:\All Bots\trading_system\experimental\ml_pipeline_v2\artifacts\models\v2_quality_profitable_pe_random_forest.joblib,False,True,True,True,True,True,False,4,4,36
mlp,target_hit_pe,ok,150000,105000,22500,22500,0.5804342701565787,0.5005303831946074,0.5005303831946074,isotonic_time_split,0.0320649056695729,0.2433487384373073,0.5613057324840763,0.51953125,0.3098035244075349,5888,3059,-18.9735478940215,0.915060913735978,-234922.49999999668,-111716.2499999986,0.2686208615331005,pe,D:\All Bots\trading_system\experimental\ml_pipeline_v2\artifacts\models\v2_target_hit_pe_mlp.joblib,False,False,False,True,True,False,False,5,5,37
mlp,directional_pe,ok,150000,105000,22500,22500,0.5630335240938501,0.4574305675125633,0.4574305675125633,isotonic_time_split,0.0314195985500192,0.241337285855394,0.5371448134200616,0.4742997008430786,0.1856701799212179,3677,1744,3.1277875985856225,1.013577196649107,-139244.6250000006,11500.874999999334,0.2433763837027411,pe,D:\All Bots\trading_system\experimental\ml_pipeline_v2\artifacts\models\v2_directional_pe_mlp.joblib,False,True,False,True,True,False,False,5,5,38
mlp,quality_profitable_pe,ok,150000,105000,22500,22500,0.5,0.4213777777777778,0.4213777777777778,isotonic_time_split,0.0091999999999999,0.2439031861728396,0.4121777777777777,0.4213777777777778,1.0,22500,9481,-11.798649999999778,0.9329239393616104,-539936.2499999925,-265469.624999995,0.23555497869580733,pe,D:\All Bots\trading_system\experimental\ml_pipeline_v2\artifacts\models\v2_quality_profitable_pe_mlp.joblib,False,False,False,True,True,False,False,5,5,39
mlp,quality_profitable_ce,ok,150000,105000,22500,22500,0.5,0.414,0.414,isotonic_time_split,0.0344888888888886,0.2437934834567902,0.3795111111111111,0.414,1.0,22500,9315,-15.214150000000188,0.9144039905403096,-724878.3750000043,-342318.37500000425,0.14319464628994413,ce,D:\All Bots\trading_system\experimental\ml_pipeline_v2\artifacts\models\v2_quality_profitable_ce_mlp.joblib,False,False,False,True,True,False,False,5,5,40
